Building & Room ID,Building Name,Floor, Room size (SF),Department,Room Use Code,Actual Stations,Furniture Type,Space Category,Comments,Room Photo1,Room Photo2,Room Photo3,Room Photo4,Occupants,Function Comment
042-A 0001-00,Anderson Aquatic Center,0,0,115600-CSM-Kinesiology & Public Hlth,521 - Athletic or Physical Education - Outdoor,30,00 Unapplicable,8 Indoor Recreation,,https://www.appsheet.com/image/getimageurl?appName=CalPolySpaceManagement2025-1009913&tableName=Facilities&fileName=Facilities_Images%2F042-A%2F042-A%200001-00.Room%20Photo1.174245.jpg&appVersion=1.000082&signature=0a722c269106556a58d79da6d6f306c53bb2960d103f9668d47bae4e35d410a1,,,, ,
033-0 0387-A0,Clyde P. Fisher Science Hall,2,148.65,115100-CSM-Biological Sciences,250 - Research Lab,2,00 Unapplicable,4 Research Laboratories,,https://www.appsheet.com/image/getimageurl?appName=CalPolySpaceManagement2025-1009913&tableName=Facilities&fileName=Facilities_Images%2F033-0%2F033-0%200387-A0.Room%20Photo1.200510.jpg&appVersion=1.000082&signature=bec144ee462da4022f7d62c0be6d0926f3e85d24fd3d88aa8bced3448566609a,https://www.appsheet.com/image/getimageurl?appName=CalPolySpaceManagement2025-1009913&tableName=Facilities&fileName=Facilities_Images%2F033-0%2F033-0%200387-A0.Room%20Photo2.200510.jpg&appVersion=1.000082&signature=eb34963839ee7c0bcfc4aa109557d5ce3232c0280ed650c5568d3cc3d6eb6ad8,,,"Greenlee-Wacker, Mallary (CSM-BIO)",
033-0 0387-00,Clyde P. Fisher Science Hall,2,491.45,115100-CSM-Biological Sciences,250 - Research Lab,8,00 Unapplicable,4 Research Laboratories,,https://www.appsheet.com/image/getimageurl?appName=CalPolySpaceManagement2025-1009913&tableName=Facilities&fileName=Facilities_Images%2F033-0%2F033-0%200387-00.Room%20Photo1.200352.jpg&appVersion=1.000082&signature=62883d3ba078614589a18eb5c0001b59313609b41b827af07a8b1097aaa5a3ce,https://www.appsheet.com/image/getimageurl?appName=CalPolySpaceManagement2025-1009913&tableName=Facilities&fileName=Facilities_Images%2F033-0%2F033-0%200387-00.Room%20Photo2.200352.jpg&appVersion=1.000082&signature=6a2b1cbbdf93407eb31b85520f876bc6fab218a232c12295c823496b7f61f521,,,"Greenlee-Wacker, Mallary (CSM-BIO)",
033-0 0386-00,Clyde P. Fisher Science Hall,2,164.07,115100-CSM-Biological Sciences,215 - Teaching Lab Service,0,00 Unapplicable,2 Class Laboratories,Contains 2 Bio safety cabinets,https://www.appsheet.com/image/getimageurl?appName=CalPolySpaceManagement2025-1009913&tableName=Facilities&fileName=Facilities_Images%2F033-0%2F033-0%200386-00.Room%20Photo1.200226.jpg&appVersion=1.000082&signature=02c6bd45ac4be77b25ae196a7ab286e0c9c035e24f7b9571bdd964341a8c2a8d,https://www.appsheet.com/image/getimageurl?appName=CalPolySpaceManagement2025-1009913&tableName=Facilities&fileName=Facilities_Images%2F033-0%2F033-0%200386-00.Room%20Photo2.200226.jpg&appVersion=1.000082&signature=d4862e2bf6ac6b91a587919a052f69bdc793eeba58c6a73674b7408a83c78982,https://www.appsheet.com/image/getimageurl?appName=CalPolySpaceManagement2025-1009913&tableName=Facilities&fileName=Facilities_Images%2F033-0%2F033-0%200386-00.Room%20Photo3.200226.jpg&appVersion=1.000082&signature=3ef4267f27300d92f6f17ff315f99ff6fb3caecb1a23b816a52a3cdc726a1721,, ,
033-0 0383-00,Clyde P. Fisher Science Hall,2,109.35,115100-CSM-Biological Sciences,310 - Faculty Office,1,04 Dsk/Ch,5 Academic Unit Offices,,https://www.appsheet.com/image/getimageurl?appName=CalPolySpaceManagement2025-1009913&tableName=Facilities&fileName=Facilities_Images%2F033-0%2F033-0%200383-00.Room%20Photo1.194750.jpg&appVersion=1.000082&signature=cea69c56cd6ab40f4e2e391b45f68b69c3287047e0ccaa4bd70fa33945bc8291,,,,"Hendricks, Steven (CSM-BIO)",
033-0 0382-00,Clyde P. Fisher Science Hall,2,116.37,115100-CSM-Biological Sciences,311 - Staff Office,1,04 Dsk/Ch,5 Academic Unit Offices,,https://www.appsheet.com/image/getimageurl?appName=CalPolySpaceManagement2025-1009913&tableName=Facilities&fileName=Facilities_Images%2F033-0%2F033-0%200382-00.Room%20Photo1.193847.jpg&appVersion=1.000082&signature=1b14d4fd13c1e948cf94054a84a36051041cddaa615effb6e0837dfe0eb11fc1,,,,"Moylan, Thomas (CSM-CCMS)",
033-0 0381-A0,Clyde P. Fisher Science Hall,2,89.59,115100-CSM-Biological Sciences,760 - Hazardous Materials Storage,0,00 Unapplicable,13 Other Academic Space,,https://www.appsheet.com/image/getimageurl?appName=CalPolySpaceManagement2025-1009913&tableName=Facilities&fileName=Facilities_Images%2F033-0%2F033-0%200381-A0.Room%20Photo1.195813.jpg&appVersion=1.000082&signature=0aadfe4c27a5791f43c6ed012c2be3093b4856172b192757e0d2aafb9d313426,,,, ,
033-0 0381-00,Clyde P. Fisher Science Hall,2,859.43,115100-CSM-Biological Sciences,215 - Teaching Lab Service,0,00 Unapplicable,2 Class Laboratories,,https://www.appsheet.com/image/getimageurl?appName=CalPolySpaceManagement2025-1009913&tableName=Facilities&fileName=Facilities_Images%2F033-0%2F033-0%200381-00.Room%20Photo1.195741.jpg&appVersion=1.000082&signature=0d6255d3e7876d400ca0f930fb75c2c22275671e940df6f5d3745461a3391ae6,https://www.appsheet.com/image/getimageurl?appName=CalPolySpaceManagement2025-1009913&tableName=Facilities&fileName=Facilities_Images%2F033-0%2F033-0%200381-00.Room%20Photo2.195741.jpg&appVersion=1.000082&signature=adace491bab2efa60b39be9ec2d031b8466703d95712f37cca2b18b334d4aab7,https://www.appsheet.com/image/getimageurl?appName=CalPolySpaceManagement2025-1009913&tableName=Facilities&fileName=Facilities_Images%2F033-0%2F033-0%200381-00.Room%20Photo3.195741.jpg&appVersion=1.000082&signature=f44e2688cff66bd9d93396ea7b1dcd2e611bb0698337ca3ffb8df826aefb531c,https://www.appsheet.com/image/getimageurl?appName=CalPolySpaceManagement2025-1009913&tableName=Facilities&fileName=Facilities_Images%2F033-0%2F033-0%200381-00.Room%20Photo4.195742.jpg&appVersion=1.000082&signature=6847f7ceff7cabe3812f3adb40c790cd1ecc5fcf4faddb4a3fb55e3f49471616, ,
033-0 0380-00,Clyde P. Fisher Science Hall,2,101.97,115100-CSM-Biological Sciences,310 - Faculty Office,1,04 Dsk/Ch,5 Academic Unit Offices,Sarah Gravem office,https://www.appsheet.com/image/getimageurl?appName=CalPolySpaceManagement2025-1009913&tableName=Facilities&fileName=Facilities_Images%2F033-0%2F033-0%200380-00.Room%20Photo1.195623.jpg&appVersion=1.000082&signature=27dabb1dc4e576b48de55f7b947271f736ea5a467b71c42b262d0352c8cfbee7,,,, ,
033-0 0379-00,Clyde P. Fisher Science Hall,2,107.28,115100-CSM-Biological Sciences,310 - Faculty Office,1,04 Dsk/Ch,5 Academic Unit Offices,,https://www.appsheet.com/image/getimageurl?appName=CalPolySpaceManagement2025-1009913&tableName=Facilities&fileName=Facilities_Images%2F033-0%2F033-0%200379-00.Room%20Photo1.195510.jpg&appVersion=1.000082&signature=36cd5cab9467dd1273102df6125e81ada9d19df27d0c6f6b6fef0cbf47bc6a95,,,,"Greenlee-Wacker, Mallary (CSM-BIO)",
033-0 0378-00,Clyde P. Fisher Science Hall,2,102.01,115100-CSM-Biological Sciences,310 - Faculty Office,1,04 Dsk/Ch,5 Academic Unit Offices,,https://www.appsheet.com/image/getimageurl?appName=CalPolySpaceManagement2025-1009913&tableName=Facilities&fileName=Facilities_Images%2F033-0%2F033-0%200378-00.Room%20Photo1.195420.jpg&appVersion=1.000082&signature=f78c8b3ee892e33eb055c550cdd307ec5ff9b5a10b133771fc35468e399b6e14,,,,"White, Crow (CSM-BIO)",
033-0 0377-00,Clyde P. Fisher Science Hall,2,103.03,115100-CSM-Biological Sciences,310 - Faculty Office,1,04 Dsk/Ch,5 Academic Unit Offices,,https://www.appsheet.com/image/getimageurl?appName=CalPolySpaceManagement2025-1009913&tableName=Facilities&fileName=Facilities_Images%2F033-0%2F033-0%200377-00.Room%20Photo1.194956.jpg&appVersion=1.000082&signature=1e9f9a92ba40deb10f83c69e97f47acf49a417d01a2ebad2ca50ab80b4239db5,,,,"Blank, Jason (CSM-BIO)",
033-0 0376-00,Clyde P. Fisher Science Hall,2,103.03,115100-CSM-Biological Sciences,310 - Faculty Office,1,04 Dsk/Ch,5 Academic Unit Offices,,https://www.appsheet.com/image/getimageurl?appName=CalPolySpaceManagement2025-1009913&tableName=Facilities&fileName=Facilities_Images%2F033-0%2F033-0%200376-00.Room%20Photo1.194847.jpg&appVersion=1.000082&signature=f6f9996dbf44023009fcb314a68ad5345bc3d3b8690eaeddea7c64d871dcc2a6,,,,"Grossenbacher, Dena (CSM-BIO)",
033-0 0375-00,Clyde P. Fisher Science Hall,2,104.14,115100-CSM-Biological Sciences,310 - Faculty Office,1,04 Dsk/Ch,5 Academic Unit Offices,,https://www.appsheet.com/image/getimageurl?appName=CalPolySpaceManagement2025-1009913&tableName=Facilities&fileName=Facilities_Images%2F033-0%2F033-0%200375-00.Room%20Photo1.194656.jpg&appVersion=1.000082&signature=f96d92d56ed2e353e4ba45fa7ace0ed3fd164e10479aa8096ded1a12127ff0d4,,,,"Liwanag, Heather (CSM-BIO)",
033-0 0374-00,Clyde P. Fisher Science Hall,2,104.1,115100-CSM-Biological Sciences,310 - Faculty Office,1,04 Dsk/Ch,5 Academic Unit Offices,,https://www.appsheet.com/image/getimageurl?appName=CalPolySpaceManagement2025-1009913&tableName=Facilities&fileName=Facilities_Images%2F033-0%2F033-0%200374-00.Room%20Photo1.194607.jpg&appVersion=1.000082&signature=7f963bf5152d4fd0a301cea63430c8d2187fd7811ca54708ed06fd20927dbc6a,,,,"Fidopiastis, Pat (CSM-BIO)",
033-0 0373-00,Clyde P. Fisher Science Hall,2,172.54,115100-CSM-Biological Sciences,310 - Faculty Office,1,04 Dsk/Ch,5 Academic Unit Offices,,https://www.appsheet.com/image/getimageurl?appName=CalPolySpaceManagement2025-1009913&tableName=Facilities&fileName=Facilities_Images%2F033-0%2F033-0%200373-00.Room%20Photo1.194524.jpg&appVersion=1.000082&signature=617c26e72355ea7a0350e5443e3b35081fcf1b5035ebb94f82e6fb8588bd6883,,,,"Ritter, Matt (CSM-BIO)",
033-0 0372-00,Clyde P. Fisher Science Hall,2,107.46,115100-CSM-Biological Sciences,310 - Faculty Office,1,04 Dsk/Ch,5 Academic Unit Offices,,https://www.appsheet.com/image/getimageurl?appName=CalPolySpaceManagement2025-1009913&tableName=Facilities&fileName=Facilities_Images%2F033-0%2F033-0%200372-00.Room%20Photo1.194440.jpg&appVersion=1.000082&signature=186feb13414a45ab645b134d12ea3326d71ac12113446a658e56b7be692b637e,,,,"Ruttenberg, Ben (CSM-BIO)",
033-0 0371-00,Clyde P. Fisher Science Hall,2,114.12,115100-CSM-Biological Sciences,310 - Faculty Office,1,04 Dsk/Ch,5 Academic Unit Offices,,https://www.appsheet.com/image/getimageurl?appName=CalPolySpaceManagement2025-1009913&tableName=Facilities&fileName=Facilities_Images%2F033-0%2F033-0%200371-00.Room%20Photo1.194355.jpg&appVersion=1.000082&signature=d18cee51ffab37dec0b5fa308fe181e63499d0da84de396f777a61ee522ab51c,,,,"Adams, Nikki (CSM-BIO)",
033-0 0370-00,Clyde P. Fisher Science Hall,2,119.05,115100-CSM-Biological Sciences,310 - Faculty Office,1,04 Dsk/Ch,5 Academic Unit Offices,,https://www.appsheet.com/image/getimageurl?appName=CalPolySpaceManagement2025-1009913&tableName=Facilities&fileName=Facilities_Images%2F033-0%2F033-0%200370-00.Room%20Photo1.194309.jpg&appVersion=1.000082&signature=14d29b2c1c5795db9cc2be01546c2bd5d530a6d9ef73e0856539199264b11ff6,,,,"Kolluru, Gita (CSM-BIO)",
033-0 0369-00,Clyde P. Fisher Science Hall,2,113.46,115100-CSM-Biological Sciences,310 - Faculty Office,1,04 Dsk/Ch,5 Academic Unit Offices,,https://www.appsheet.com/image/getimageurl?appName=CalPolySpaceManagement2025-1009913&tableName=Facilities&fileName=Facilities_Images%2F033-0%2F033-0%200369-00.Room%20Photo1.194224.jpg&appVersion=1.000082&signature=2b7056c932d4159e14627e80dace33e4dcdf6ea388b88a543b23768db139017e,,,,"Francis, Clinton (CSM-BIO)",
033-0 0368-00,Clyde P. Fisher Science Hall,2,175.31,115100-CSM-Biological Sciences,310 - Faculty Office,1,04 Dsk/Ch,5 Academic Unit Offices,,https://www.appsheet.com/image/getimageurl?appName=CalPolySpaceManagement2025-1009913&tableName=Facilities&fileName=Facilities_Images%2F033-0%2F033-0%200368-00.Room%20Photo1.194124.jpg&appVersion=1.000082&signature=c064688260440b57342e9c609fd367cb90e9540f21ad32ee108c10cd6686ab2f,,,,"Jew, Kara (CSM-BIO);Neal, Emily (CSM-BIO)",
033-0 0367-00,Clyde P. Fisher Science Hall,2,102.09,115100-CSM-Biological Sciences,310 - Faculty Office,1,04 Dsk/Ch,5 Academic Unit Offices,,https://www.appsheet.com/image/getimageurl?appName=CalPolySpaceManagement2025-1009913&tableName=Facilities&fileName=Facilities_Images%2F033-0%2F033-0%200367-00.Room%20Photo1.193946.jpg&appVersion=1.000082&signature=845cc7233c7828dc7205b1487a504b322d0d2c7f621b36fb6a6944ec009c5be1,,,,"Rajakaruna, Nishi (CSM-BIO)",
033-0 0366-00,Clyde P. Fisher Science Hall,2,102.12,115100-CSM-Biological Sciences,310 - Faculty Office,1,04 Dsk/Ch,5 Academic Unit Offices,,https://www.appsheet.com/image/getimageurl?appName=CalPolySpaceManagement2025-1009913&tableName=Facilities&fileName=Facilities_Images%2F033-0%2F033-0%200366-00.Room%20Photo1.193748.jpg&appVersion=1.000082&signature=de451a030e8727a745f739dcb6e50d2e07716376519fd046770a1f41e115670b,,,,"Bunting, Jamie (CSM-BIO)",
033-0 0365-00,Clyde P. Fisher Science Hall,2,101.04,115100-CSM-Biological Sciences,310 - Faculty Office,1,04 Dsk/Ch,5 Academic Unit Offices,,https://www.appsheet.com/image/getimageurl?appName=CalPolySpaceManagement2025-1009913&tableName=Facilities&fileName=Facilities_Images%2F033-0%2F033-0%200365-00.Room%20Photo1.193654.jpg&appVersion=1.000082&signature=0a2109de8738befed7f79ffb2a54bc67c9408b2c7cfcdedda3a2171c161c9f6a,,,,"Dann, Delaney (CSM-BIO)",
033-0 0364-00,Clyde P. Fisher Science Hall,2,101.04,115100-CSM-Biological Sciences,310 - Faculty Office,1,04 Dsk/Ch,5 Academic Unit Offices,,https://www.appsheet.com/image/getimageurl?appName=CalPolySpaceManagement2025-1009913&tableName=Facilities&fileName=Facilities_Images%2F033-0%2F033-0%200364-00.Room%20Photo1.193550.jpg&appVersion=1.000082&signature=aebc17733911d97c071e0b7fa1c50902bcc257b3d1d73f196b93031b9bc13fcd,,,,"Knight, Charles (CSM-BIO)",
033-0 0363-00,Clyde P. Fisher Science Hall,2,100.04,115100-CSM-Biological Sciences,310 - Faculty Office,1,04 Dsk/Ch,5 Academic Unit Offices,,https://www.appsheet.com/image/getimageurl?appName=CalPolySpaceManagement2025-1009913&tableName=Facilities&fileName=Facilities_Images%2F033-0%2F033-0%200363-00.Room%20Photo1.193505.jpg&appVersion=1.000082&signature=64c1574544d246af6b02d74462ebeef2ae97928ae5687f1de1f6c9fda6572849,,,,"Trunzo, Juliana (CSM-BIO)",
033-0 0362-00,Clyde P. Fisher Science Hall,2,105.21,115100-CSM-Biological Sciences,310 - Faculty Office,1,04 Dsk/Ch,5 Academic Unit Offices,,https://www.appsheet.com/image/getimageurl?appName=CalPolySpaceManagement2025-1009913&tableName=Facilities&fileName=Facilities_Images%2F033-0%2F033-0%200362-00.Room%20Photo1.193358.jpg&appVersion=1.000082&signature=0b557314d5ae4f4ea5346ea02a642456b07159e422ea5121a2d299897642fd01,,,,"Yeung, Marie (CSM-BIO)",
033-0 0361-00,Clyde P. Fisher Science Hall,2,100,115100-CSM-Biological Sciences,310 - Faculty Office,1,04 Dsk/Ch,5 Academic Unit Offices,,https://www.appsheet.com/image/getimageurl?appName=CalPolySpaceManagement2025-1009913&tableName=Facilities&fileName=Facilities_Images%2F033-0%2F033-0%200361-00.Room%20Photo1.193301.jpg&appVersion=1.000082&signature=6ce3df8adf57abc5d3660d31e5b54369d224ed7e2681b8593274cc0b25ebacb8,,,,"Yost, Jenn (CSM-BIO)",
033-0 0359-00,Clyde P. Fisher Science Hall,2,1019.48,115100-CSM-Biological Sciences,620 - Museum and Galleries,1,03 Blt-In,10 Assembly + Exhibit Space,,https://www.appsheet.com/image/getimageurl?appName=CalPolySpaceManagement2025-1009913&tableName=Facilities&fileName=Facilities_Images%2F033-0%2F033-0%200359-00.Room%20Photo1.204641.jpg&appVersion=1.000082&signature=50fd03e72666f83269530a0ea3e0bcc433bf20673ee4ee5e19d5c205a2f3bfa7,https://www.appsheet.com/image/getimageurl?appName=CalPolySpaceManagement2025-1009913&tableName=Facilities&fileName=Facilities_Images%2F033-0%2F033-0%200359-00.Room%20Photo2.204641.jpg&appVersion=1.000082&signature=33581e56513b15cf82b88c92009c06db8107424ee57d654cbd47cdf52bbe9083,https://www.appsheet.com/image/getimageurl?appName=CalPolySpaceManagement2025-1009913&tableName=Facilities&fileName=Facilities_Images%2F033-0%2F033-0%200359-00.Room%20Photo3.204641.jpg&appVersion=1.000082&signature=f980fe3f1267634f8f05d053f71d279e4ee531f0abaafa587b6629fa8fc27292,,"Yost, Jenn (CSM-BIO)",
033-0 0358-00,Clyde P. Fisher Science Hall,2,331.69,115100-CSM-Biological Sciences,350 - Conference Room,10,01 Tbl/Ch,5 Academic Unit Offices,,https://www.appsheet.com/image/getimageurl?appName=CalPolySpaceManagement2025-1009913&tableName=Facilities&fileName=Facilities_Images%2F033-0%2F033-0%200358-00.Room%20Photo1.204746.jpg&appVersion=1.000082&signature=46361c206ba6d9b5df3af1a4c8c40eedf6797ee914d8d79bba8e224ace4b6648,,,,,
033-0 0387-B0,Clyde P. Fisher Science Hall,2,51,115100-CSM-Biological Sciences,250 - Research Lab,2,00 Unapplicable,4 Research Laboratories,2 bio safety cabinets,https://www.appsheet.com/image/getimageurl?appName=CalPolySpaceManagement2025-1009913&tableName=Facilities&fileName=Facilities_Images%2F033-0%2F033-0%200387-B0.Room%20Photo1.200644.jpg&appVersion=1.000082&signature=688fc451b3d56640398c8e0a6ddab05f8c4d908c835d7970096a0a17d2b81cba,https://www.appsheet.com/image/getimageurl?appName=CalPolySpaceManagement2025-1009913&tableName=Facilities&fileName=Facilities_Images%2F033-0%2F033-0%200387-B0.Room%20Photo2.200644.jpg&appVersion=1.000082&signature=6c5646f6eb1de5de75e331018c712de1da308c3d5d4a3819b0b29356d6a49e45,,,"Greenlee-Wacker, Mallary (CSM-BIO)",
033-0 0388-00,Clyde P. Fisher Science Hall,2,522.45,115100-CSM-Biological Sciences,250 - Research Lab,6,00 Unapplicable,4 Research Laboratories,,https://www.appsheet.com/image/getimageurl?appName=CalPolySpaceManagement2025-1009913&tableName=Facilities&fileName=Facilities_Images%2F033-0%2F033-0%200388-00.Room%20Photo1.202340.jpg&appVersion=1.000082&signature=0c6a75ebea4b829d984163493861cec98bfd0c9e28266c0e9d28a52847222a32,https://www.appsheet.com/image/getimageurl?appName=CalPolySpaceManagement2025-1009913&tableName=Facilities&fileName=Facilities_Images%2F033-0%2F033-0%200388-00.Room%20Photo2.202340.jpg&appVersion=1.000082&signature=e1c34239a27dd38a6a9ae2c2754e4db1766af7a1b1e0f13459c09194cdbfbe8f,,,"Blank, Jason (CSM-BIO)",
033-0 0389-00,Clyde P. Fisher Science Hall,2,495.41,115100-CSM-Biological Sciences,250 - Research Lab,6,00 Unapplicable,4 Research Laboratories,,https://www.appsheet.com/image/getimageurl?appName=CalPolySpaceManagement2025-1009913&tableName=Facilities&fileName=Facilities_Images%2F033-0%2F033-0%200389-00.Room%20Photo1.202520.jpg&appVersion=1.000082&signature=9bb676e8a49e2bf321c3f2d6e45332c74d3e4e6a58e958aae2a352a698a85b73,https://www.appsheet.com/image/getimageurl?appName=CalPolySpaceManagement2025-1009913&tableName=Facilities&fileName=Facilities_Images%2F033-0%2F033-0%200389-00.Room%20Photo2.202520.jpg&appVersion=1.000082&signature=56e0c059b8fcd75a0bd97531b385f85f003be936de5fafff505cf3d5cbebafd4,https://www.appsheet.com/image/getimageurl?appName=CalPolySpaceManagement2025-1009913&tableName=Facilities&fileName=Facilities_Images%2F033-0%2F033-0%200389-00.Room%20Photo3.202520.jpg&appVersion=1.000082&signature=1014b6fd109075441821a9785c2abc500d078a828d2effad118bb9f6c77fd04e,https://www.appsheet.com/image/getimageurl?appName=CalPolySpaceManagement2025-1009913&tableName=Facilities&fileName=Facilities_Images%2F033-0%2F033-0%200389-00.Room%20Photo4.202521.jpg&appVersion=1.000082&signature=295f1d7a5418f1d856191f5e6f80f5c770c26083b1f6d75aca3958decc2646c3,"Black, Michael (CSM-BIO)",
033-0 0390-00,Clyde P. Fisher Science Hall,2,1015.11,115100-CSM-Biological Sciences,210 - Teaching Lab,24,03 Blt-In,2 Class Laboratories,,https://www.appsheet.com/image/getimageurl?appName=CalPolySpaceManagement2025-1009913&tableName=Facilities&fileName=Facilities_Images%2F033-0%2F033-0%200390-00.Room%20Photo1.175455.jpg&appVersion=1.000082&signature=d387510bfb31257902958ef47ea0cdac215314eba50362eef70b8a57662d4d62,https://www.appsheet.com/image/getimageurl?appName=CalPolySpaceManagement2025-1009913&tableName=Facilities&fileName=Facilities_Images%2F033-0%2F033-0%200390-00.Room%20Photo2.175455.jpg&appVersion=1.000082&signature=eaeeea3b9fc0e3a0fd5e7e9caa25d732201fdcc8b29064762d1ffdeed8b34f4f,,,,
033-0 0473-00,Clyde P. Fisher Science Hall,3,426.78,115100-CSM-Biological Sciences,250 - Research Lab,6,00 Unapplicable,4 Research Laboratories,,https://www.appsheet.com/image/getimageurl?appName=CalPolySpaceManagement2025-1009913&tableName=Facilities&fileName=Facilities_Images%2F033-0%2F033-0%200473-00.Room%20Photo1.170606.jpg&appVersion=1.000082&signature=4e560c2750ee61061b8b4fd899e94b90538e78ab97dfbfbf05427e43deed1567,https://www.appsheet.com/image/getimageurl?appName=CalPolySpaceManagement2025-1009913&tableName=Facilities&fileName=Facilities_Images%2F033-0%2F033-0%200473-00.Room%20Photo2.170606.jpg&appVersion=1.000082&signature=7ced2afed890f446adbbd56ac52f4d054998942cb693eccfbac30f7992b8e48b,,,"Liwanag, Heather (CSM-BIO)",
033-0 0472-00,Clyde P. Fisher Science Hall,3,426.78,115100-CSM-Biological Sciences,250 - Research Lab,6,00 Unapplicable,4 Research Laboratories,,https://www.appsheet.com/image/getimageurl?appName=CalPolySpaceManagement2025-1009913&tableName=Facilities&fileName=Facilities_Images%2F033-0%2F033-0%200472-00.Room%20Photo1.170753.jpg&appVersion=1.000082&signature=97c5d73e194388d1f05cbbeca6fc02279c67c860f3d8f17e8a10b6c64ff0fcf6,https://www.appsheet.com/image/getimageurl?appName=CalPolySpaceManagement2025-1009913&tableName=Facilities&fileName=Facilities_Images%2F033-0%2F033-0%200472-00.Room%20Photo2.170753.jpg&appVersion=1.000082&signature=61da7ead2847495496a085075c68d88c8722ab5d4f6155619de3ba28710365ca,,,"Strand, Christy (CSM-BIO)",
033-0 0471-00,Clyde P. Fisher Science Hall,3,171.76,115100-CSM-Biological Sciences,250 - Research Lab,2,00 Unapplicable,4 Research Laboratories,,https://www.appsheet.com/image/getimageurl?appName=CalPolySpaceManagement2025-1009913&tableName=Facilities&fileName=Facilities_Images%2F033-0%2F033-0%200471-00.Room%20Photo1.170920.jpg&appVersion=1.000082&signature=ebe111e605dcef57fcb6c3e41215f66994610e0254b588124e98b19ad74e12da,,,,"Yeung, Marie (CSM-BIO)",
033-0 0470-00,Clyde P. Fisher Science Hall,3,202.5,115100-CSM-Biological Sciences,250 - Research Lab,2,00 Unapplicable,4 Research Laboratories,,https://www.appsheet.com/image/getimageurl?appName=CalPolySpaceManagement2025-1009913&tableName=Facilities&fileName=Facilities_Images%2F033-0%2F033-0%200470-00.Room%20Photo1.171044.jpg&appVersion=1.000082&signature=df1400679372542775556f541bd8a8ec0094919eac336855914fee7adaa9b6ee,https://www.appsheet.com/image/getimageurl?appName=CalPolySpaceManagement2025-1009913&tableName=Facilities&fileName=Facilities_Images%2F033-0%2F033-0%200470-00.Room%20Photo2.171044.jpg&appVersion=1.000082&signature=43952b181597be72c14349240984cd1d431ff55cc1bf441bd483cbeab21df3a1,https://www.appsheet.com/image/getimageurl?appName=CalPolySpaceManagement2025-1009913&tableName=Facilities&fileName=Facilities_Images%2F033-0%2F033-0%200470-00.Room%20Photo3.171044.jpg&appVersion=1.000082&signature=740fac069811c98642595e8ac6365af5a25e96ba1db38a83cb872cfb4e7d5867,,"Yeung, Marie (CSM-BIO)",
033-0 0469-00,Clyde P. Fisher Science Hall,3,174.37,115100-CSM-Biological Sciences,211 - Special Instruction,0,03 Blt-In,3 Open Laboratories,,https://www.appsheet.com/image/getimageurl?appName=CalPolySpaceManagement2025-1009913&tableName=Facilities&fileName=Facilities_Images%2F033-0%2F033-0%200469-00.Room%20Photo1.171226.jpg&appVersion=1.000082&signature=564f8897c4ae310a474bd963f81a92fb90ed31de52e1d738777f57cabda2c757,https://www.appsheet.com/image/getimageurl?appName=CalPolySpaceManagement2025-1009913&tableName=Facilities&fileName=Facilities_Images%2F033-0%2F033-0%200469-00.Room%20Photo2.171226.jpg&appVersion=1.000082&signature=f181fb3922946336618b6b354518dfb70a217017a9ccfbbca322e914d7fbc505,https://www.appsheet.com/image/getimageurl?appName=CalPolySpaceManagement2025-1009913&tableName=Facilities&fileName=Facilities_Images%2F033-0%2F033-0%200469-00.Room%20Photo3.171226.jpg&appVersion=1.000082&signature=b8803798de717549d620642ee8f81f99cd00567e141ad33c69fddbda90097b92,,,
033-0 0468-A0,Clyde P. Fisher Science Hall,3,304.33,115100-CSM-Biological Sciences,211 - Special Instruction,0,00 Unapplicable,3 Open Laboratories,,https://www.appsheet.com/image/getimageurl?appName=CalPolySpaceManagement2025-1009913&tableName=Facilities&fileName=Facilities_Images%2F033-0%2F033-0%200468-A0.Room%20Photo1.171329.jpg&appVersion=1.000082&signature=16b6a8a3da23ca678415ca0b3cb53eac32eb6e5231e4c80e1dc4e8a93fc56a93,https://www.appsheet.com/image/getimageurl?appName=CalPolySpaceManagement2025-1009913&tableName=Facilities&fileName=Facilities_Images%2F033-0%2F033-0%200468-A0.Room%20Photo2.171329.jpg&appVersion=1.000082&signature=e8ef6886f3a78d5482330b4c66173f2468f24c51795bc25dd83b410e8c119ff0,,,,
033-0 0468-00,Clyde P. Fisher Science Hall,3,941.69,115100-CSM-Biological Sciences,210 - Teaching Lab,24,03 Blt-In,2 Class Laboratories,,https://www.appsheet.com/image/getimageurl?appName=CalPolySpaceManagement2025-1009913&tableName=Facilities&fileName=Facilities_Images%2F033-0%2F033-0%200468-00.Room%20Photo1.180726.jpg&appVersion=1.000082&signature=6551db51b3e6fe557e21f57a96ad28e87c0c2eabae236e08b3d7a5de6e83f60f,https://www.appsheet.com/image/getimageurl?appName=CalPolySpaceManagement2025-1009913&tableName=Facilities&fileName=Facilities_Images%2F033-0%2F033-0%200468-00.Room%20Photo2.180726.jpg&appVersion=1.000082&signature=75329c3f2a9ae3bad8ee1ce2bd4980fb5d8678bd023bb0d037103536cc494512,,,,
033-0 0467-00,Clyde P. Fisher Science Hall,3,921.16,115100-CSM-Biological Sciences,210 - Teaching Lab,24,03 Blt-In,2 Class Laboratories,,https://www.appsheet.com/image/getimageurl?appName=CalPolySpaceManagement2025-1009913&tableName=Facilities&fileName=Facilities_Images%2F033-0%2F033-0%200467-00.Room%20Photo1.180930.jpg&appVersion=1.000082&signature=8554e86a36db4102ed79dff3491f3dfdba6aaae5df160f6ec258cb3a8b5a4205,https://www.appsheet.com/image/getimageurl?appName=CalPolySpaceManagement2025-1009913&tableName=Facilities&fileName=Facilities_Images%2F033-0%2F033-0%200467-00.Room%20Photo2.180930.jpg&appVersion=1.000082&signature=420ad7b5f5fe08d05a18b5c1d3df95b0eaac17342a6b6a911444538e3c2f6c89,,,,
033-0 0466-B0,Clyde P. Fisher Science Hall,3,180.83,115100-CSM-Biological Sciences,215 - Teaching Lab Service,0,00 Unapplicable,2 Class Laboratories,,https://www.appsheet.com/image/getimageurl?appName=CalPolySpaceManagement2025-1009913&tableName=Facilities&fileName=Facilities_Images%2F033-0%2F033-0%200466-B0.Room%20Photo1.174350.jpg&appVersion=1.000082&signature=91ef8d1808543cecff99f4a13fa0e723fe0f5074306657fa24861cb9c2c7a7a6,https://www.appsheet.com/image/getimageurl?appName=CalPolySpaceManagement2025-1009913&tableName=Facilities&fileName=Facilities_Images%2F033-0%2F033-0%200466-B0.Room%20Photo2.174350.jpg&appVersion=1.000082&signature=cece356ac171cedd5bb97adb31d57dd85803d797417f4334c92beaf062833444,,,,
033-0 0466-A0,Clyde P. Fisher Science Hall,3,115.06,115100-CSM-Biological Sciences,215 - Teaching Lab Service,0,00 Unapplicable,2 Class Laboratories,,https://www.appsheet.com/image/getimageurl?appName=CalPolySpaceManagement2025-1009913&tableName=Facilities&fileName=Facilities_Images%2F033-0%2F033-0%200466-A0.Room%20Photo1.174256.jpg&appVersion=1.000082&signature=f32da38cd126dd0cc0030a0b7a6d195dd87066eb32d90cb19c400dd495204f48,https://www.appsheet.com/image/getimageurl?appName=CalPolySpaceManagement2025-1009913&tableName=Facilities&fileName=Facilities_Images%2F033-0%2F033-0%200466-A0.Room%20Photo2.174256.jpg&appVersion=1.000082&signature=3dd7ac9e764511c43fa2877a302fcc3785aa84b026aae5d5e9795281ff2f9259,https://www.appsheet.com/image/getimageurl?appName=CalPolySpaceManagement2025-1009913&tableName=Facilities&fileName=Facilities_Images%2F033-0%2F033-0%200466-A0.Room%20Photo3.174256.jpg&appVersion=1.000082&signature=84d407bb62f87c85f9f8125b16c5d7114073976bf8ecea3792c801066261f854,,,
033-0 0466-00,Clyde P. Fisher Science Hall,3,761.93,115100-CSM-Biological Sciences,215 - Teaching Lab Service,0,00 Unapplicable,2 Class Laboratories,,https://www.appsheet.com/image/getimageurl?appName=CalPolySpaceManagement2025-1009913&tableName=Facilities&fileName=Facilities_Images%2F033-0%2F033-0%200466-00.Room%20Photo1.174140.jpg&appVersion=1.000082&signature=7f4ed1d6d3d93121f9523a6411d28759bf29266399ba59b2160ed3d06b1b8d31,https://www.appsheet.com/image/getimageurl?appName=CalPolySpaceManagement2025-1009913&tableName=Facilities&fileName=Facilities_Images%2F033-0%2F033-0%200466-00.Room%20Photo2.174140.jpg&appVersion=1.000082&signature=8b3f20af30069b97371207b07accb24d2f3cf6f44eb5bd7125e070e098176a63,https://www.appsheet.com/image/getimageurl?appName=CalPolySpaceManagement2025-1009913&tableName=Facilities&fileName=Facilities_Images%2F033-0%2F033-0%200466-00.Room%20Photo3.174140.jpg&appVersion=1.000082&signature=6f582100017e3e8bc0036837fdc7f42397b29465b0e565f82621f0437f49cf7d,https://www.appsheet.com/image/getimageurl?appName=CalPolySpaceManagement2025-1009913&tableName=Facilities&fileName=Facilities_Images%2F033-0%2F033-0%200466-00.Room%20Photo4.174141.jpg&appVersion=1.000082&signature=42cc059aa234dc0e92fd286840dd3346d9199dd1f668615b271f5adc54a7faeb,,
033-0 0465-00,Clyde P. Fisher Science Hall,3,909.7,115100-CSM-Biological Sciences,210 - Teaching Lab,24,03 Blt-In,2 Class Laboratories,,https://www.appsheet.com/image/getimageurl?appName=CalPolySpaceManagement2025-1009913&tableName=Facilities&fileName=Facilities_Images%2F033-0%2F033-0%200465-00.Room%20Photo1.180637.jpg&appVersion=1.000082&signature=ac36257bd58b1a4762a4c1a656438d124f6ac136161de4525302dfc5b94765b2,https://www.appsheet.com/image/getimageurl?appName=CalPolySpaceManagement2025-1009913&tableName=Facilities&fileName=Facilities_Images%2F033-0%2F033-0%200465-00.Room%20Photo2.180637.jpg&appVersion=1.000082&signature=89ae748b3bc15f102460e3e44d27f8e692e5bc8dce44b6bb1857556f33e09894,https://www.appsheet.com/image/getimageurl?appName=CalPolySpaceManagement2025-1009913&tableName=Facilities&fileName=Facilities_Images%2F033-0%2F033-0%200465-00.Room%20Photo3.180637.jpg&appVersion=1.000082&signature=4371c13cb44faf17f7d7c7bb0381278ca3ea0803f0875cc741d8f41c59fee16f,,,
033-0 0461-00,Clyde P. Fisher Science Hall,3,323.08,115100-CSM-Biological Sciences,250 - Research Lab,2,03 Blt-In,4 Research Laboratories,,https://www.appsheet.com/image/getimageurl?appName=CalPolySpaceManagement2025-1009913&tableName=Facilities&fileName=Facilities_Images%2F033-0%2F033-0%200461-00.Room%20Photo1.171616.jpg&appVersion=1.000082&signature=ba9f98438954f491f335ec9c54fd13cf3c475af452a8c8826d032cfba24b146b,https://www.appsheet.com/image/getimageurl?appName=CalPolySpaceManagement2025-1009913&tableName=Facilities&fileName=Facilities_Images%2F033-0%2F033-0%200461-00.Room%20Photo2.171616.jpg&appVersion=1.000082&signature=dfdc3dc4357fa44b31f6d524cea79ede57ef355166579c74a0a956f7da77253c,https://www.appsheet.com/image/getimageurl?appName=CalPolySpaceManagement2025-1009913&tableName=Facilities&fileName=Facilities_Images%2F033-0%2F033-0%200461-00.Room%20Photo3.171616.jpg&appVersion=1.000082&signature=f0b6180aa55d81fa26f2a808991bcd8d19fadf313bdf4d05af80a3fb312bac42,,"Chan, Lauren (CSM-BIO);Liwanag, Heather (CSM-BIO)",
033-0 0460-00,Clyde P. Fisher Science Hall,3,361.83,115100-CSM-Biological Sciences,250 - Research Lab,2,00 Unapplicable,4 Research Laboratories,,https://www.appsheet.com/image/getimageurl?appName=CalPolySpaceManagement2025-1009913&tableName=Facilities&fileName=Facilities_Images%2F033-0%2F033-0%200460-00.Room%20Photo1.171757.jpg&appVersion=1.000082&signature=fba17b59c81ba8387b9ecfa5bad346b4a68c71957be9c6f6711db2950ca0b964,https://www.appsheet.com/image/getimageurl?appName=CalPolySpaceManagement2025-1009913&tableName=Facilities&fileName=Facilities_Images%2F033-0%2F033-0%200460-00.Room%20Photo2.171757.jpg&appVersion=1.000082&signature=2659433f3bcef6ac6df1b36cc6117974fe4669bf91cd9c13ad3ac77d7bf4e82b,,,"Fidopiastis, Pat (CSM-BIO)",
033-0 0357-B0,Clyde P. Fisher Science Hall,2,150,115100-CSM-Biological Sciences,215 - Teaching Lab Service,0,00 Unapplicable,2 Class Laboratories,,https://www.appsheet.com/image/getimageurl?appName=CalPolySpaceManagement2025-1009913&tableName=Facilities&fileName=Facilities_Images%2F033-0%2F033-0%200357-B0.Room%20Photo1.205308.jpg&appVersion=1.000082&signature=9fb578ee044a52d557483c9b96795933a8830907563050d6fa82b9bdcc1ed5b7,https://www.appsheet.com/image/getimageurl?appName=CalPolySpaceManagement2025-1009913&tableName=Facilities&fileName=Facilities_Images%2F033-0%2F033-0%200357-B0.Room%20Photo2.205308.jpg&appVersion=1.000082&signature=be61ca8a0e748098eaa9f46c9f3255822ac208c1ce14da1966a54fe6bf92971d,,,,
033-0 0459-00,Clyde P. Fisher Science Hall,3,890.67,115100-CSM-Biological Sciences,250 - Research Lab,10,03 Blt-In,4 Research Laboratories,,https://www.appsheet.com/image/getimageurl?appName=CalPolySpaceManagement2025-1009913&tableName=Facilities&fileName=Facilities_Images%2F033-0%2F033-0%200459-00.Room%20Photo1.172114.jpg&appVersion=1.000082&signature=00f84a7391878e3ea16c623eb90a092053603fb1af3140f2aeeb96906a31ddc3,https://www.appsheet.com/image/getimageurl?appName=CalPolySpaceManagement2025-1009913&tableName=Facilities&fileName=Facilities_Images%2F033-0%2F033-0%200459-00.Room%20Photo2.172114.jpg&appVersion=1.000082&signature=30f89a638fb1c69b5cfa24d6ac491d92a4b4f0fe4ed0b1f1f720b2b281e6acda,https://www.appsheet.com/image/getimageurl?appName=CalPolySpaceManagement2025-1009913&tableName=Facilities&fileName=Facilities_Images%2F033-0%2F033-0%200459-00.Room%20Photo3.172114.jpg&appVersion=1.000082&signature=b4e9248f02b15dabf1b7279d0bcc0b34cbfb90633841448ecdf9db4b652e8224,,"Chan, Lauren (CSM-BIO);Francis, Clinton (CSM-BIO)",
033-0 0456-00,Clyde P. Fisher Science Hall,3,895.89,115100-CSM-Biological Sciences,210 - Teaching Lab,24,03 Blt-In,2 Class Laboratories,,https://www.appsheet.com/image/getimageurl?appName=CalPolySpaceManagement2025-1009913&tableName=Facilities&fileName=Facilities_Images%2F033-0%2F033-0%200456-00.Room%20Photo1.180103.jpg&appVersion=1.000082&signature=5cfc7208b97f22089ed89ceda515810bb28a45528398dd95c1bf1c3bd9594ae9,https://www.appsheet.com/image/getimageurl?appName=CalPolySpaceManagement2025-1009913&tableName=Facilities&fileName=Facilities_Images%2F033-0%2F033-0%200456-00.Room%20Photo2.180103.jpg&appVersion=1.000082&signature=8b9c41775ff197a3d362d32f83ca66682801f4814651f003586fe1c301ba4908,https://www.appsheet.com/image/getimageurl?appName=CalPolySpaceManagement2025-1009913&tableName=Facilities&fileName=Facilities_Images%2F033-0%2F033-0%200456-00.Room%20Photo3.180103.jpg&appVersion=1.000082&signature=6564d72f24c784606cf7001169ab76510dfa3453b06100e89e678deccb942681,,,
033-0 0454-00,Clyde P. Fisher Science Hall,3,906.05,115100-CSM-Biological Sciences,210 - Teaching Lab,24,03 Blt-In,2 Class Laboratories,,https://www.appsheet.com/image/getimageurl?appName=CalPolySpaceManagement2025-1009913&tableName=Facilities&fileName=Facilities_Images%2F033-0%2F033-0%200454-00.Room%20Photo1.180243.jpg&appVersion=1.000082&signature=3a193498f0a4db72bc5c28bbbcd11a52bdabc4c563ecdd1ba22441eb9580730c,https://www.appsheet.com/image/getimageurl?appName=CalPolySpaceManagement2025-1009913&tableName=Facilities&fileName=Facilities_Images%2F033-0%2F033-0%200454-00.Room%20Photo2.180243.jpg&appVersion=1.000082&signature=7b94c9eac939d09d1d37330ddf8ea47e7db1c92e4440e78f622a4d8ebfb24533,,,,
033-0 0453-00,Clyde P. Fisher Science Hall,3,887.83,115100-CSM-Biological Sciences,210 - Teaching Lab,24,03 Blt-In,2 Class Laboratories,,https://www.appsheet.com/image/getimageurl?appName=CalPolySpaceManagement2025-1009913&tableName=Facilities&fileName=Facilities_Images%2F033-0%2F033-0%200453-00.Room%20Photo1.180337.jpg&appVersion=1.000082&signature=6b749f5805e45dffa7e9df9f444ba4cd569943994eb15b35b8f6289f89c28de6,,,,,
033-0 0452-00,Clyde P. Fisher Science Hall,3,251.97,115100-CSM-Biological Sciences,215 - Teaching Lab Service,0,00 Unapplicable,2 Class Laboratories,,https://www.appsheet.com/image/getimageurl?appName=CalPolySpaceManagement2025-1009913&tableName=Facilities&fileName=Facilities_Images%2F033-0%2F033-0%200452-00.Room%20Photo1.172850.jpg&appVersion=1.000082&signature=7767ecd0a486206b0b6d87b83514d34ab8ee161b3f1a5a29209909d73c50906f,https://www.appsheet.com/image/getimageurl?appName=CalPolySpaceManagement2025-1009913&tableName=Facilities&fileName=Facilities_Images%2F033-0%2F033-0%200452-00.Room%20Photo2.172850.jpg&appVersion=1.000082&signature=d3ebff79f13d9b497f2f643e12873b9f2647e81f8692798adbfa4388a8fb4d71,,,,
033-0 0451-00,Clyde P. Fisher Science Hall,3,893.55,115100-CSM-Biological Sciences,210 - Teaching Lab,24,03 Blt-In,2 Class Laboratories,,https://www.appsheet.com/image/getimageurl?appName=CalPolySpaceManagement2025-1009913&tableName=Facilities&fileName=Facilities_Images%2F033-0%2F033-0%200451-00.Room%20Photo1.180454.jpg&appVersion=1.000082&signature=59f51ab65ff29e020869c378759e328306902e7e78007c2650f5c15358433dba,https://www.appsheet.com/image/getimageurl?appName=CalPolySpaceManagement2025-1009913&tableName=Facilities&fileName=Facilities_Images%2F033-0%2F033-0%200451-00.Room%20Photo2.180454.jpg&appVersion=1.000082&signature=21b5bfa552bfc3f00c299f4d26408cecfd5f6a245f28455172bf662e7f5791c1,,,,
033-0 0396-00,Clyde P. Fisher Science Hall,2,167.28,115100-CSM-Biological Sciences,250 - Research Lab,2,00 Unapplicable,4 Research Laboratories,,https://www.appsheet.com/image/getimageurl?appName=CalPolySpaceManagement2025-1009913&tableName=Facilities&fileName=Facilities_Images%2F033-0%2F033-0%200396-00.Room%20Photo1.204408.jpg&appVersion=1.000082&signature=a4b0a62549a8d3e2a8d435850b4de679deafe755428b25b11660ec22b0f1a6ee,https://www.appsheet.com/image/getimageurl?appName=CalPolySpaceManagement2025-1009913&tableName=Facilities&fileName=Facilities_Images%2F033-0%2F033-0%200396-00.Room%20Photo2.204408.jpg&appVersion=1.000082&signature=c8821d47c6537c28642f17d14f04ee31c4f2032861b55546bec389a227ff57ea,https://www.appsheet.com/image/getimageurl?appName=CalPolySpaceManagement2025-1009913&tableName=Facilities&fileName=Facilities_Images%2F033-0%2F033-0%200396-00.Room%20Photo3.204408.jpg&appVersion=1.000082&signature=3cf85a60bfa141557a149c8f30f8b3e06031e0c670bf66ad982a0bb38ed90fef,,"Dann, Delaney (CSM-BIO)",
033-0 0395-B0,Clyde P. Fisher Science Hall,2,65.27,115100-CSM-Biological Sciences,215 - Teaching Lab Service,0,00 Unapplicable,2 Class Laboratories,,https://www.appsheet.com/image/getimageurl?appName=CalPolySpaceManagement2025-1009913&tableName=Facilities&fileName=Facilities_Images%2F033-0%2F033-0%200395-B0.Room%20Photo1.204006.jpg&appVersion=1.000082&signature=a398286c1a9ac58e0b59ec67634c51f178c70e63e35285ae77d5a2656e0ab947,https://www.appsheet.com/image/getimageurl?appName=CalPolySpaceManagement2025-1009913&tableName=Facilities&fileName=Facilities_Images%2F033-0%2F033-0%200395-B0.Room%20Photo2.204006.jpg&appVersion=1.000082&signature=bafbaf02629b751fedeabf05970712196309f7e582f258c2320117146bc78649,,,,
033-0 0395-A0,Clyde P. Fisher Science Hall,2,53,115100-CSM-Biological Sciences,211 - Special Instruction,0,00 Unapplicable,3 Open Laboratories,,https://www.appsheet.com/image/getimageurl?appName=CalPolySpaceManagement2025-1009913&tableName=Facilities&fileName=Facilities_Images%2F033-0%2F033-0%200395-A0.Room%20Photo1.204104.jpg&appVersion=1.000082&signature=6a2448a1c1c8c04a94eb2588dd39ba0f31c19439db26b5e00e5515c813e4709a,,,,,
033-0 0395-00,Clyde P. Fisher Science Hall,2,559.04,115100-CSM-Biological Sciences,211 - Special Instruction,0,00 Unapplicable,3 Open Laboratories,,https://www.appsheet.com/image/getimageurl?appName=CalPolySpaceManagement2025-1009913&tableName=Facilities&fileName=Facilities_Images%2F033-0%2F033-0%200395-00.Room%20Photo1.203847.jpg&appVersion=1.000082&signature=cbd5de4bee6af399ee98012dae5cc72d077dc54e65255bf8b17b736ab783b0fa,https://www.appsheet.com/image/getimageurl?appName=CalPolySpaceManagement2025-1009913&tableName=Facilities&fileName=Facilities_Images%2F033-0%2F033-0%200395-00.Room%20Photo2.203847.jpg&appVersion=1.000082&signature=d0cf3f6421c50e97cf8b5d5c1898a9d830f5081e9ff55ec1d1023c27f1a03191,https://www.appsheet.com/image/getimageurl?appName=CalPolySpaceManagement2025-1009913&tableName=Facilities&fileName=Facilities_Images%2F033-0%2F033-0%200395-00.Room%20Photo3.203847.jpg&appVersion=1.000082&signature=8e023a72de8b12e9f910a0d1fcd9b9ab6ba09b62fa77726b6cfecf453f14143c,,,
033-0 0394-00,Clyde P. Fisher Science Hall,2,835.01,115100-CSM-Biological Sciences,211 - Special Instruction,0,03 Blt-In,3 Open Laboratories,,https://www.appsheet.com/image/getimageurl?appName=CalPolySpaceManagement2025-1009913&tableName=Facilities&fileName=Facilities_Images%2F033-0%2F033-0%200394-00.Room%20Photo1.203723.jpg&appVersion=1.000082&signature=1a5ce44c8c7816ad136d6c0728538be0d436079d84cda05f88fb6de3eb95ce31,https://www.appsheet.com/image/getimageurl?appName=CalPolySpaceManagement2025-1009913&tableName=Facilities&fileName=Facilities_Images%2F033-0%2F033-0%200394-00.Room%20Photo2.203723.jpg&appVersion=1.000082&signature=667e9c09c6378ca89734405c3c7073d45466dd76b3a95b6c4998b77c01808ffd,,,,
033-0 0393-00,Clyde P. Fisher Science Hall,2,501.08,115100-CSM-Biological Sciences,250 - Research Lab,6,00 Unapplicable,4 Research Laboratories,,https://www.appsheet.com/image/getimageurl?appName=CalPolySpaceManagement2025-1009913&tableName=Facilities&fileName=Facilities_Images%2F033-0%2F033-0%200393-00.Room%20Photo1.203611.jpg&appVersion=1.000082&signature=9ec8e618220f5a4cf8d73f373944466fff73015fb2bdeff8d452d8505e2952a3,https://www.appsheet.com/image/getimageurl?appName=CalPolySpaceManagement2025-1009913&tableName=Facilities&fileName=Facilities_Images%2F033-0%2F033-0%200393-00.Room%20Photo2.203611.jpg&appVersion=1.000082&signature=e7fc3407348cad6feae3f945157df66755a1750faea7b8ba27ad8d86871ef03d,,,,
033-0 0392-00,Clyde P. Fisher Science Hall,2,173.94,115100-CSM-Biological Sciences,250 - Research Lab,2,00 Unapplicable,4 Research Laboratories,,https://www.appsheet.com/image/getimageurl?appName=CalPolySpaceManagement2025-1009913&tableName=Facilities&fileName=Facilities_Images%2F033-0%2F033-0%200392-00.Room%20Photo1.203420.jpg&appVersion=1.000082&signature=cb20b2d8a50d5d4548333448be2467d793dbd1c0e9fd818299f06c794a6b20d0,,,,"Bean, Tim (CSM-BIO)",
033-0 0391-00,Clyde P. Fisher Science Hall,2,187,115100-CSM-Biological Sciences,250 - Research Lab,2,00 Unapplicable,4 Research Laboratories,,https://www.appsheet.com/image/getimageurl?appName=CalPolySpaceManagement2025-1009913&tableName=Facilities&fileName=Facilities_Images%2F033-0%2F033-0%200391-00.Room%20Photo1.203250.jpg&appVersion=1.000082&signature=039a5c07ae8e0d801dead421cdf1d1923b774d2e9f3c98ea17f68a053428dc45,https://www.appsheet.com/image/getimageurl?appName=CalPolySpaceManagement2025-1009913&tableName=Facilities&fileName=Facilities_Images%2F033-0%2F033-0%200391-00.Room%20Photo2.203250.jpg&appVersion=1.000082&signature=d1220ed462eea9b8ba65cdbfe4eca915049240a3cb589bdfea185ce57842afd8,,,"Clement, Sandi (CSM-BIO)",
033-0 0390-A0,Clyde P. Fisher Science Hall,2,92.14,115100-CSM-Biological Sciences,780 - General Storage,0,00 Unapplicable,13 Other Academic Space,Generator and freezer storage,https://www.appsheet.com/image/getimageurl?appName=CalPolySpaceManagement2025-1009913&tableName=Facilities&fileName=Facilities_Images%2F033-0%2F033-0%200390-A0.Room%20Photo1.202749.jpg&appVersion=1.000082&signature=766252a9c0792f60d3ae05c189aa74ac3575dc053b38a5eaeb9a91ac69c99dd8,,,,,
033-0 0458-00,Clyde P. Fisher Science Hall,3,250.5,115100-CSM-Biological Sciences,311 - Staff Office,2,00 Unapplicable,5 Academic Unit Offices,,https://www.appsheet.com/image/getimageurl?appName=CalPolySpaceManagement2025-1009913&tableName=Facilities&fileName=Facilities_Images%2F033-0%2F033-0%200458-00.Room%20Photo1.172419.jpg&appVersion=1.000082&signature=ef79fffc8e732e98b3d10bd2253d19c5a4940771cf991450f54e41cfad8b9894,https://www.appsheet.com/image/getimageurl?appName=CalPolySpaceManagement2025-1009913&tableName=Facilities&fileName=Facilities_Images%2F033-0%2F033-0%200458-00.Room%20Photo2.172419.jpg&appVersion=1.000082&signature=4d55d931c514d8173e74b9203253932534f9ede45ed65efe3acbb805fce6962d,,,"Wacker, Mark (CSM-BIO);Jacobson, Craig (CSM-BIO)",
033-0 0357-A0,Clyde P. Fisher Science Hall,2,63,115100-CSM-Biological Sciences,250 - Research Lab,1,00 Unapplicable,4 Research Laboratories,,https://www.appsheet.com/image/getimageurl?appName=CalPolySpaceManagement2025-1009913&tableName=Facilities&fileName=Facilities_Images%2F033-0%2F033-0%200357-A0.Room%20Photo1.205216.jpg&appVersion=1.000082&signature=fde0310dcc017253a20909e26a58f753a4b538220a7ce6fb47279876eca6f540,,,,"Vredevoe, Larisa (CSM-BIO)",
033-0 0455-00,Clyde P. Fisher Science Hall,3,251.97,115100-CSM-Biological Sciences,215 - Teaching Lab Service,0,00 Unapplicable,2 Class Laboratories,,https://www.appsheet.com/image/getimageurl?appName=CalPolySpaceManagement2025-1009913&tableName=Facilities&fileName=Facilities_Images%2F033-0%2F033-0%200455-00.Room%20Photo1.172727.jpg&appVersion=1.000082&signature=c49558147df6480a2300337989fcf6d8116d0a16df5f418398c9663ad9b27085,https://www.appsheet.com/image/getimageurl?appName=CalPolySpaceManagement2025-1009913&tableName=Facilities&fileName=Facilities_Images%2F033-0%2F033-0%200455-00.Room%20Photo2.172727.jpg&appVersion=1.000082&signature=cc26779161a573d27938bf5a3d0512929c3eabcfa0a030ec69e042f679bfce7d,,,,
033-0 0356-00,Clyde P. Fisher Science Hall,2,978.34,115100-CSM-Biological Sciences,210 - Teaching Lab,24,03 Blt-In,2 Class Laboratories,,https://www.appsheet.com/image/getimageurl?appName=CalPolySpaceManagement2025-1009913&tableName=Facilities&fileName=Facilities_Images%2F033-0%2F033-0%200356-00.Room%20Photo1.175754.jpg&appVersion=1.000082&signature=465a2aa36806d5adb639a82d14a71dfc80a28bf37c3503b34abeb647a77f8a05,https://www.appsheet.com/image/getimageurl?appName=CalPolySpaceManagement2025-1009913&tableName=Facilities&fileName=Facilities_Images%2F033-0%2F033-0%200356-00.Room%20Photo2.175754.jpg&appVersion=1.000082&signature=2610ebd8192d8e3d0f6ac1eed708deab179aba213ece8e1ad87302f3894d68ae,,,,
033-0 0264-00,Clyde P. Fisher Science Hall,1,108.34,115100-CSM-Biological Sciences,310 - Faculty Office,1,04 Dsk/Ch,5 Academic Unit Offices,,https://www.appsheet.com/image/getimageurl?appName=CalPolySpaceManagement2025-1009913&tableName=Facilities&fileName=Facilities_Images%2F033-0%2F033-0%200264-00.Room%20Photo1.190702.jpg&appVersion=1.000082&signature=2a272ef046f4c496b6e266b3a563f4ff186903b61534e5faa056e745ffa5682f,,,,"Taylor, Emily (CSM-BIO)",
033-0 0263-00,Clyde P. Fisher Science Hall,1,134.27,115100-CSM-Biological Sciences,310 - Faculty Office,1,04 Dsk/Ch,5 Academic Unit Offices,,https://www.appsheet.com/image/getimageurl?appName=CalPolySpaceManagement2025-1009913&tableName=Facilities&fileName=Facilities_Images%2F033-0%2F033-0%200263-00.Room%20Photo1.190611.jpg&appVersion=1.000082&signature=56380023646eb452d255a5462afaf610309f2a9c09de4abb9f729a263c60c430,,,,"Jones, Michael (CSM-BIO)",
033-0 0262-00,Clyde P. Fisher Science Hall,1,148.92,115100-CSM-Biological Sciences,215 - Teaching Lab Service,0,04 Dsk/Ch,2 Class Laboratories,,https://www.appsheet.com/image/getimageurl?appName=CalPolySpaceManagement2025-1009913&tableName=Facilities&fileName=Facilities_Images%2F033-0%2F033-0%200262-00.Room%20Photo1.190251.jpg&appVersion=1.000082&signature=0af5e94ea301ddfbd65ccddeb223f75600f42aacd5ed9aa7c8dd42e75d3a7624,,,,,
033-0 0260-00,Clyde P. Fisher Science Hall,1,169.42,115100-CSM-Biological Sciences,311 - Staff Office,4,01 Tbl/Ch,4 Research Laboratories,,https://www.appsheet.com/image/getimageurl?appName=CalPolySpaceManagement2025-1009913&tableName=Facilities&fileName=Facilities_Images%2F033-0%2F033-0%200260-00.Room%20Photo1.175216.jpg&appVersion=1.000082&signature=24c51ff72b81fbd95a1e666ad5c63aa9a189306376155153794e11e8dfd12033,,,,,
033-0 0259-00,Clyde P. Fisher Science Hall,1,172.66,115100-CSM-Biological Sciences,250 - Research Lab,2,01 Tbl/Ch,4 Research Laboratories,,https://www.appsheet.com/image/getimageurl?appName=CalPolySpaceManagement2025-1009913&tableName=Facilities&fileName=Facilities_Images%2F033-0%2F033-0%200259-00.Room%20Photo1.175036.jpg&appVersion=1.000082&signature=535424a1dd474815b676878bf760f7fbd0aa5f58a61bc3c843e3da22cbc980f5,,,,"Grossenbacher, Dena (CSM-BIO)",
033-0 0258-A0,Clyde P. Fisher Science Hall,1,164.44,115100-CSM-Biological Sciences,255 - Research Lab Service,0,00 Unapplicable,4 Research Laboratories,-80 ULT Freezer room,https://www.appsheet.com/image/getimageurl?appName=CalPolySpaceManagement2025-1009913&tableName=Facilities&fileName=Facilities_Images%2F033-0%2F033-0%200258-A0.Room%20Photo1.190508.jpg&appVersion=1.000082&signature=3298aa7a02968fb26740916ae5da7d5ed6102d559b916b24fb007ac630c9fd0d,https://www.appsheet.com/image/getimageurl?appName=CalPolySpaceManagement2025-1009913&tableName=Facilities&fileName=Facilities_Images%2F033-0%2F033-0%200258-A0.Room%20Photo2.190508.jpg&appVersion=1.000082&signature=2ce94450f8a63c4386bd2821220bee46c68eb950774b514f867f0d588898c7b4,,,,
033-0 0357-00,Clyde P. Fisher Science Hall,2,188.75,115100-CSM-Biological Sciences,211 - Special Instruction,3,00 Unapplicable,3 Open Laboratories,,https://www.appsheet.com/image/getimageurl?appName=CalPolySpaceManagement2025-1009913&tableName=Facilities&fileName=Facilities_Images%2F033-0%2F033-0%200357-00.Room%20Photo1.205111.jpg&appVersion=1.000082&signature=4a08f616cab37d6307b6eee7c197a96fc14de7c8cede030713f652ece14bc29e,https://www.appsheet.com/image/getimageurl?appName=CalPolySpaceManagement2025-1009913&tableName=Facilities&fileName=Facilities_Images%2F033-0%2F033-0%200357-00.Room%20Photo2.205111.jpg&appVersion=1.000082&signature=ed5bfe2beca3a0c8eb57aa3842ce843aa8eeaad9d7a71cf12dee5988e87438fc,,,,
033-0 0257-F0,Clyde P. Fisher Science Hall,1,110.5,115100-CSM-Biological Sciences,250 - Research Lab,1,00 Unapplicable,4 Research Laboratories,,https://www.appsheet.com/image/getimageurl?appName=CalPolySpaceManagement2025-1009913&tableName=Facilities&fileName=Facilities_Images%2F033-0%2F033-0%200257-F0.Room%20Photo1.190057.jpg&appVersion=1.000082&signature=2b37cfa1e3857c1a0bb76b88a74edcfa428b6a3514d316286a9c66a3d6c5be3e,,,,"Francis, Clinton (CSM-BIO)",
033-0 0257-E0,Clyde P. Fisher Science Hall,1,130,115100-CSM-Biological Sciences,250 - Research Lab,0,00 Unapplicable,4 Research Laboratories,Sarah Gravem,https://www.appsheet.com/image/getimageurl?appName=CalPolySpaceManagement2025-1009913&tableName=Facilities&fileName=Facilities_Images%2F033-0%2F033-0%200257-E0.Room%20Photo1.185938.jpg&appVersion=1.000082&signature=2bab754f31f69105a937caa5bed769695953a1ba43f4d9a445fc0088b96d9aac,,,,,
033-0 0257-D0,Clyde P. Fisher Science Hall,1,108.33,115100-CSM-Biological Sciences,250 - Research Lab,1,04 Dsk/Ch,4 Research Laboratories,Sarah Gravem,https://www.appsheet.com/image/getimageurl?appName=CalPolySpaceManagement2025-1009913&tableName=Facilities&fileName=Facilities_Images%2F033-0%2F033-0%200257-D0.Room%20Photo1.185839.jpg&appVersion=1.000082&signature=b498761a7ba4b0a2b35333e0b73b4415ecd109f300a104f594361f873a4e5079,,,,,
033-0 0257-C0,Clyde P. Fisher Science Hall,1,104.11,115100-CSM-Biological Sciences,250 - Research Lab,2,03 Blt-In,4 Research Laboratories,Sarah Gravem,https://www.appsheet.com/image/getimageurl?appName=CalPolySpaceManagement2025-1009913&tableName=Facilities&fileName=Facilities_Images%2F033-0%2F033-0%200257-C0.Room%20Photo1.185744.jpg&appVersion=1.000082&signature=f2d5bc8f61bbf47b427d9773e808cf0d7e7bcbd046e18b57b7b264f883159357,,,,,
033-0 0257-B0,Clyde P. Fisher Science Hall,1,74.11,115100-CSM-Biological Sciences,250 - Research Lab,0,00 Unapplicable,4 Research Laboratories,Sarah Gravem,https://www.appsheet.com/image/getimageurl?appName=CalPolySpaceManagement2025-1009913&tableName=Facilities&fileName=Facilities_Images%2F033-0%2F033-0%200257-B0.Room%20Photo1.185612.jpg&appVersion=1.000082&signature=6b7a58d02b902738edb8ee0e139f2eccee9884f1925f7fdec1122741dfc987cb,,,,,
033-0 0257-A0,Clyde P. Fisher Science Hall,1,105.87,115100-CSM-Biological Sciences,250 - Research Lab,2,04 Dsk/Ch,4 Research Laboratories,Sarah Gravem,https://www.appsheet.com/image/getimageurl?appName=CalPolySpaceManagement2025-1009913&tableName=Facilities&fileName=Facilities_Images%2F033-0%2F033-0%200257-A0.Room%20Photo1.185504.jpg&appVersion=1.000082&signature=17b5c651bc7d37f4e4fdf2a83b92eb44849c522714767e48961239166c1a22c4,,,,,
033-0 0257-00,Clyde P. Fisher Science Hall,1,473.17,115100-CSM-Biological Sciences,250 - Research Lab,4,01 Tbl/Ch,4 Research Laboratories,,https://www.appsheet.com/image/getimageurl?appName=CalPolySpaceManagement2025-1009913&tableName=Facilities&fileName=Facilities_Images%2F033-0%2F033-0%200257-00.Room%20Photo1.174732.jpg&appVersion=1.000082&signature=35fda8ea2342c024f513f36c02e32d90873bce862496d22cb352bb610a725963,,,,,
033-0 0265-00,Clyde P. Fisher Science Hall,1,96.88,115100-CSM-Biological Sciences,310 - Faculty Office,1,04 Dsk/Ch,5 Academic Unit Offices,,https://www.appsheet.com/image/getimageurl?appName=CalPolySpaceManagement2025-1009913&tableName=Facilities&fileName=Facilities_Images%2F033-0%2F033-0%200265-00.Room%20Photo1.190915.jpg&appVersion=1.000082&signature=63dbf83552d7d272dc39b0169b0449f916d246039b800bca11d71965a5f64389,,,,"Chan, Lauren (CSM-BIO)",
033-0 0256-00,Clyde P. Fisher Science Hall,1,825.9,115100-CSM-Biological Sciences,210 - Teaching Lab,24,03 Blt-In,2 Class Laboratories,,https://www.appsheet.com/image/getimageurl?appName=CalPolySpaceManagement2025-1009913&tableName=Facilities&fileName=Facilities_Images%2F033-0%2F033-0%200256-00.Room%20Photo1.174547.jpg&appVersion=1.000082&signature=aa0ab922dba4d7d575895942dd4ad3427d5b02b0497ccbf1b04bdcf56b6653a8,https://www.appsheet.com/image/getimageurl?appName=CalPolySpaceManagement2025-1009913&tableName=Facilities&fileName=Facilities_Images%2F033-0%2F033-0%200256-00.Room%20Photo2.174547.jpg&appVersion=1.000082&signature=4b82dd32f531003ac0b7ca4ed8a52fab4cbdd8a96a12a9eb34f9919e1ae6f1eb,,,,
033-0 0255-00,Clyde P. Fisher Science Hall,1,573.93,115100-CSM-Biological Sciences,215 - Teaching Lab Service,0,00 Unapplicable,2 Class Laboratories,,https://www.appsheet.com/image/getimageurl?appName=CalPolySpaceManagement2025-1009913&tableName=Facilities&fileName=Facilities_Images%2F033-0%2F033-0%200255-00.Room%20Photo1.174403.jpg&appVersion=1.000082&signature=e756a014db3aa389cc56378f6efef612faf509b1d1da702a4d6b2e1887f4b5aa,https://www.appsheet.com/image/getimageurl?appName=CalPolySpaceManagement2025-1009913&tableName=Facilities&fileName=Facilities_Images%2F033-0%2F033-0%200255-00.Room%20Photo2.174403.jpg&appVersion=1.000082&signature=e3616caddb72c4faf5c2d6610b02f6cbc9e0e3ca8065ce030de7decfab703aa0,,,,
033-0 0254-00,Clyde P. Fisher Science Hall,1,339.82,115100-CSM-Biological Sciences,250 - Research Lab,0,01 Tbl/Ch,4 Research Laboratories,,https://www.appsheet.com/image/getimageurl?appName=CalPolySpaceManagement2025-1009913&tableName=Facilities&fileName=Facilities_Images%2F033-0%2F033-0%200254-00.Room%20Photo1.174013.jpg&appVersion=1.000082&signature=c14e9ba29ee7662d9647781600fc5507e6cdaa2616fb2e72171cdacecbbfa816,https://www.appsheet.com/image/getimageurl?appName=CalPolySpaceManagement2025-1009913&tableName=Facilities&fileName=Facilities_Images%2F033-0%2F033-0%200254-00.Room%20Photo2.174013.jpg&appVersion=1.000082&signature=4b03657c7736604c289d86f4c544389a72507e55c7c55975d0dbd4947c1f33c2,,,,
033-0 0253-A0,Clyde P. Fisher Science Hall,1,181.6,115100-CSM-Biological Sciences,215 - Teaching Lab Service,0,00 Unapplicable,2 Class Laboratories,,https://www.appsheet.com/image/getimageurl?appName=CalPolySpaceManagement2025-1009913&tableName=Facilities&fileName=Facilities_Images%2F033-0%2F033-0%200253-A0.Room%20Photo1.173840.jpg&appVersion=1.000082&signature=b10aaf39fe6965bcb941aa6183b7baa42fc882262e6fd8439811cbd94dd2ec3b,https://www.appsheet.com/image/getimageurl?appName=CalPolySpaceManagement2025-1009913&tableName=Facilities&fileName=Facilities_Images%2F033-0%2F033-0%200253-A0.Room%20Photo2.173840.jpg&appVersion=1.000082&signature=20f06874ebbc55d2e8e0ec93eeaa7297ac588df784c3ee645c484bd5ab2e3011,,,,
033-0 0253-00,Clyde P. Fisher Science Hall,1,888.76,115100-CSM-Biological Sciences,210 - Teaching Lab,24,03 Blt-In,2 Class Laboratories,,https://www.appsheet.com/image/getimageurl?appName=CalPolySpaceManagement2025-1009913&tableName=Facilities&fileName=Facilities_Images%2F033-0%2F033-0%200253-00.Room%20Photo1.173723.jpg&appVersion=1.000082&signature=2f863fef8a55d7618bf085446ce29d8327a892ef238ef867954489fd54655f50,https://www.appsheet.com/image/getimageurl?appName=CalPolySpaceManagement2025-1009913&tableName=Facilities&fileName=Facilities_Images%2F033-0%2F033-0%200253-00.Room%20Photo2.173723.jpg&appVersion=1.000082&signature=de8c48a97ab184e8476b27a26455a8b990e55ada7f82bc8791bfd46efb17ff01,,,,
033-0 0252-00,Clyde P. Fisher Science Hall,1,573.93,115100-CSM-Biological Sciences,215 - Teaching Lab Service,0,00 Unapplicable,2 Class Laboratories,,https://www.appsheet.com/image/getimageurl?appName=CalPolySpaceManagement2025-1009913&tableName=Facilities&fileName=Facilities_Images%2F033-0%2F033-0%200252-00.Room%20Photo1.173604.jpg&appVersion=1.000082&signature=d33b03919d5a4eab6923e2d8551624b97abbfb5bbde59721d6d6e342dbacaeff,https://www.appsheet.com/image/getimageurl?appName=CalPolySpaceManagement2025-1009913&tableName=Facilities&fileName=Facilities_Images%2F033-0%2F033-0%200252-00.Room%20Photo2.173604.jpg&appVersion=1.000082&signature=6c4ababf4f3fc4056b3b7e38508c2c1fd6a43c27c9ff4ab5cc482f64f250a973,,,,
033-0 0251-B0,Clyde P. Fisher Science Hall,1,72,115100-CSM-Biological Sciences,250 - Research Lab,0,00 Unapplicable,4 Research Laboratories,,https://www.appsheet.com/image/getimageurl?appName=CalPolySpaceManagement2025-1009913&tableName=Facilities&fileName=Facilities_Images%2F033-0%2F033-0%200251-B0.Room%20Photo1.173358.jpg&appVersion=1.000082&signature=5bbfe34520ea165e7dfa6597c8c1d2606a61a91694e2e0bd6fddd7cde6b9ea76,,,,"Taylor, Emily (CSM-BIO)",
033-0 0251-A0,Clyde P. Fisher Science Hall,1,72,115100-CSM-Biological Sciences,250 - Research Lab,0,00 Unapplicable,4 Research Laboratories,,https://www.appsheet.com/image/getimageurl?appName=CalPolySpaceManagement2025-1009913&tableName=Facilities&fileName=Facilities_Images%2F033-0%2F033-0%200251-A0.Room%20Photo1.173246.jpg&appVersion=1.000082&signature=6bc7bacf51786103dd1b227d20a9deb5c6354537f690e1f00c00830837312838,,,,"Taylor, Emily (CSM-BIO)",
033-0 0251-00,Clyde P. Fisher Science Hall,1,203.04,115100-CSM-Biological Sciences,250 - Research Lab,4,01 Tbl/Ch,4 Research Laboratories,,https://www.appsheet.com/image/getimageurl?appName=CalPolySpaceManagement2025-1009913&tableName=Facilities&fileName=Facilities_Images%2F033-0%2F033-0%200251-00.Room%20Photo1.173154.jpg&appVersion=1.000082&signature=edab454954e5ba0fd383369f2881fddda9a50198ed4c4427d9910abeaa7ab91f,,,,"Taylor, Emily (CSM-BIO)",
033-0 0154-00,Clyde P. Fisher Science Hall,B1,102,115100-CSM-Biological Sciences,780 - General Storage,0,00 Unapplicable,13 Other Academic Space,,https://www.appsheet.com/image/getimageurl?appName=CalPolySpaceManagement2025-1009913&tableName=Facilities&fileName=Facilities_Images%2F033-0%2F033-0%200154-00.Room%20Photo1.163524.jpg&appVersion=1.000082&signature=d9a476d3d7b43cea2ede34f2f89ec0528308f79809317913df7b776939b995e1,,,,,
033-0 0153-00,Clyde P. Fisher Science Hall,B1,102,115100-CSM-Biological Sciences,780 - General Storage,0,00 Unapplicable,13 Other Academic Space,,https://www.appsheet.com/image/getimageurl?appName=CalPolySpaceManagement2025-1009913&tableName=Facilities&fileName=Facilities_Images%2F033-0%2F033-0%200153-00.Room%20Photo1.163421.jpg&appVersion=1.000082&signature=b1dc5603a07149132185d7ea99223ab8ee62ddab47eaa93d1ca71d5c144609b1,,,,,
033-0 0152-00,Clyde P. Fisher Science Hall,B1,195.21,115100-CSM-Biological Sciences,250 - Research Lab,1,00 Unapplicable,4 Research Laboratories,,https://www.appsheet.com/image/getimageurl?appName=CalPolySpaceManagement2025-1009913&tableName=Facilities&fileName=Facilities_Images%2F033-0%2F033-0%200152-00.Room%20Photo1.163152.jpg&appVersion=1.000082&signature=c838e39995972ac3c13caa6270d8be1c139b5119119248c1677f81e81bfbd2d4,,,,"Hardy, Kristin (CSM-BIO);Lema, Sean (CSM-BIO)",
033-0 0151-A0,Clyde P. Fisher Science Hall,B1,152.68,115100-CSM-Biological Sciences,215 - Teaching Lab Service,1,00 Unapplicable,2 Class Laboratories,Cadaver walk-in refrigerator,https://www.appsheet.com/image/getimageurl?appName=CalPolySpaceManagement2025-1009913&tableName=Facilities&fileName=Facilities_Images%2F033-0%2F033-0%200151-A0.Room%20Photo1.162941.jpg&appVersion=1.000082&signature=43ea180deb0594a29882bca8ab3abdb4706a195932a076bc9087f883a975ebf2,,,,,
033-0 0151-00,Clyde P. Fisher Science Hall,B1,279,115100-CSM-Biological Sciences,215 - Teaching Lab Service,0,00 Unapplicable,2 Class Laboratories,,https://www.appsheet.com/image/getimageurl?appName=CalPolySpaceManagement2025-1009913&tableName=Facilities&fileName=Facilities_Images%2F033-0%2F033-0%200151-00.Room%20Photo1.162835.jpg&appVersion=1.000082&signature=3b76574ded916ba1d266478c63874c0abbcc429e3f38b19a1dc8937cfde8dc0b,,,,,
033-0 0001-00,Clyde P. Fisher Science Hall,B1,"1,150.45",115100-CSM-Biological Sciences,780 - General Storage,0,00 Unapplicable,13 Other Academic Space,,https://www.appsheet.com/image/getimageurl?appName=CalPolySpaceManagement2025-1009913&tableName=Facilities&fileName=Facilities_Images%2F033-0%2F033-0%200001-00.Room%20Photo1.172845.jpg&appVersion=1.000082&signature=2a8069e70c9f09759d7e1c3229f4ad377d9934300e1a6acdfdf4a737ca7b8e3a,https://www.appsheet.com/image/getimageurl?appName=CalPolySpaceManagement2025-1009913&tableName=Facilities&fileName=Facilities_Images%2F033-0%2F033-0%200001-00.Room%20Photo2.172845.jpg&appVersion=1.000082&signature=40ca4f196cd2444aaecd34c73383bb1e3caeefe0dfa0a756f21eea800bf22ecd,https://www.appsheet.com/image/getimageurl?appName=CalPolySpaceManagement2025-1009913&tableName=Facilities&fileName=Facilities_Images%2F033-0%2F033-0%200001-00.Room%20Photo3.172845.jpg&appVersion=1.000082&signature=bbdcaee9c43db743f9986e0794ec43c0e142d81cb8e0579801b9431673394a32,,,
033-0 0255-A0,Clyde P. Fisher Science Hall,1,249.97,115100-CSM-Biological Sciences,250 - Research Lab,3,01 Tbl/Ch,4 Research Laboratories,,https://www.appsheet.com/image/getimageurl?appName=CalPolySpaceManagement2025-1009913&tableName=Facilities&fileName=Facilities_Images%2F033-0%2F033-0%200255-A0.Room%20Photo1.174204.jpg&appVersion=1.000082&signature=e8c6cf870b3f58a1daee0462f3623bbff8a964fb3fb4cab3869e26497231ad0e,https://www.appsheet.com/image/getimageurl?appName=CalPolySpaceManagement2025-1009913&tableName=Facilities&fileName=Facilities_Images%2F033-0%2F033-0%200255-A0.Room%20Photo2.174204.jpg&appVersion=1.000082&signature=47cd7d669f882823ba2e1848078a7de5fa1a1da82cdef27495a16a4910f65adf,,,"Bean, Tim (CSM-BIO)",
033-0 0266-00,Clyde P. Fisher Science Hall,1,108.34,115100-CSM-Biological Sciences,310 - Faculty Office,1,04 Dsk/Ch,5 Academic Unit Offices,,https://www.appsheet.com/image/getimageurl?appName=CalPolySpaceManagement2025-1009913&tableName=Facilities&fileName=Facilities_Images%2F033-0%2F033-0%200266-00.Room%20Photo1.191006.jpg&appVersion=1.000082&signature=e82575cf9c82d014007b07d19b64b85462e87dfee0ce101b61d1bb6167913e6e,,,,"Strand, Christy (CSM-BIO)",
033-0 0258-00,Clyde P. Fisher Science Hall,1,854.84,115100-CSM-Biological Sciences,220 - Self Instruction Computer Lab,24,03 Blt-In,3 Open Laboratories,,https://www.appsheet.com/image/getimageurl?appName=CalPolySpaceManagement2025-1009913&tableName=Facilities&fileName=Facilities_Images%2F033-0%2F033-0%200258-00.Room%20Photo1.174842.jpg&appVersion=1.000082&signature=a4ec2d54cf480bbd8f6a18c879489332380c672581a70bea42ffb35f9cda4db9,https://www.appsheet.com/image/getimageurl?appName=CalPolySpaceManagement2025-1009913&tableName=Facilities&fileName=Facilities_Images%2F033-0%2F033-0%200258-00.Room%20Photo2.174842.jpg&appVersion=1.000082&signature=e081a35309dc4449a24ebe803b2426ea12501b67fed155f537ae19599eccaf89,,,,
033-0 0268-00,Clyde P. Fisher Science Hall,1,109.26,115100-CSM-Biological Sciences,310 - Faculty Office,1,04 Dsk/Ch,5 Academic Unit Offices,,https://www.appsheet.com/image/getimageurl?appName=CalPolySpaceManagement2025-1009913&tableName=Facilities&fileName=Facilities_Images%2F033-0%2F033-0%200268-00.Room%20Photo1.191222.jpg&appVersion=1.000082&signature=f1feffa957a14ce5e326aa428a229d63e0721115248396ed4e5c63c33e409204,,,,"Moniz, Haley (CSM-BIO)",
033-0 0355-C0,Clyde P. Fisher Science Hall,2,279.97,115100-CSM-Biological Sciences,250 - Research Lab,2,00 Unapplicable,4 Research Laboratories,,https://www.appsheet.com/image/getimageurl?appName=CalPolySpaceManagement2025-1009913&tableName=Facilities&fileName=Facilities_Images%2F033-0%2F033-0%200355-C0.Room%20Photo1.205759.jpg&appVersion=1.000082&signature=bb8ee2795a6aa382f04c54ba18db986d0dd4ae47708b3856f1433aa9d2b94480,https://www.appsheet.com/image/getimageurl?appName=CalPolySpaceManagement2025-1009913&tableName=Facilities&fileName=Facilities_Images%2F033-0%2F033-0%200355-C0.Room%20Photo2.205759.jpg&appVersion=1.000082&signature=cbe130339de1dc68b1dd2c2383ded05137ca8085912881aec771aedcae9aacdb,,,"Vredevoe, Larisa (CSM-BIO)",
033-0 0355-B0,Clyde P. Fisher Science Hall,2,226.6,115100-CSM-Biological Sciences,250 - Research Lab,3,00 Unapplicable,4 Research Laboratories,,https://www.appsheet.com/image/getimageurl?appName=CalPolySpaceManagement2025-1009913&tableName=Facilities&fileName=Facilities_Images%2F033-0%2F033-0%200355-B0.Room%20Photo1.205958.jpg&appVersion=1.000082&signature=b49ba1ef8315947799c21ae4ac6f0db52eeb26e14c6e878c7a2c212038c37a98,https://www.appsheet.com/image/getimageurl?appName=CalPolySpaceManagement2025-1009913&tableName=Facilities&fileName=Facilities_Images%2F033-0%2F033-0%200355-B0.Room%20Photo2.205958.jpg&appVersion=1.000082&signature=7260e92eb45c0ee4fd0f829e99f2336cefabf78f0937128de1f3772738c261e6,,,"Knight, Charles (CSM-BIO)",
033-0 0355-A0,Clyde P. Fisher Science Hall,2,191.91,115100-CSM-Biological Sciences,250 - Research Lab,4,00 Unapplicable,4 Research Laboratories,,https://www.appsheet.com/image/getimageurl?appName=CalPolySpaceManagement2025-1009913&tableName=Facilities&fileName=Facilities_Images%2F033-0%2F033-0%200355-A0.Room%20Photo1.205655.jpg&appVersion=1.000082&signature=0caac6edee1824a00c7c6d735ca7ff5a409cefa4595df8c5221200d2f0f5cf25,https://www.appsheet.com/image/getimageurl?appName=CalPolySpaceManagement2025-1009913&tableName=Facilities&fileName=Facilities_Images%2F033-0%2F033-0%200355-A0.Room%20Photo2.205655.jpg&appVersion=1.000082&signature=3514bb9e41af2ddbaa006648b561c50e31ae8a2380183ec4674b117ace29406d,,,"Rajakaruna, Nishi (CSM-BIO)",
033-0 0354-00,Clyde P. Fisher Science Hall,2,1173.99,115100-CSM-Biological Sciences,210 - Teaching Lab,24,03 Blt-In,2 Class Laboratories,,https://www.appsheet.com/image/getimageurl?appName=CalPolySpaceManagement2025-1009913&tableName=Facilities&fileName=Facilities_Images%2F033-0%2F033-0%200354-00.Room%20Photo1.175854.jpg&appVersion=1.000082&signature=457f894693c205f8fdccc062271d1b67f7d9fe40da885664f63a4143f6f3c782,https://www.appsheet.com/image/getimageurl?appName=CalPolySpaceManagement2025-1009913&tableName=Facilities&fileName=Facilities_Images%2F033-0%2F033-0%200354-00.Room%20Photo2.175854.jpg&appVersion=1.000082&signature=db8b40c6407964b34f27d7900164c708e9c704ca0c2f742c1bcbb570a0ea2b92,,,,
033-0 0353-00,Clyde P. Fisher Science Hall,2,334.09,115100-CSM-Biological Sciences,211 - Special Instruction,0,00 Unapplicable,3 Open Laboratories,,https://www.appsheet.com/image/getimageurl?appName=CalPolySpaceManagement2025-1009913&tableName=Facilities&fileName=Facilities_Images%2F033-0%2F033-0%200353-00.Room%20Photo1.205435.jpg&appVersion=1.000082&signature=e7e92a05013c33881dbc4d749ff785cc2e4cf6bc543aa63b4cb946af9e5f2519,https://www.appsheet.com/image/getimageurl?appName=CalPolySpaceManagement2025-1009913&tableName=Facilities&fileName=Facilities_Images%2F033-0%2F033-0%200353-00.Room%20Photo2.205435.jpg&appVersion=1.000082&signature=cb5a0b65e3571133f8bb927690db947f4441bebc9c589ec478e6d78664288880,,,,
033-0 0352-A0,Clyde P. Fisher Science Hall,2,168,115100-CSM-Biological Sciences,250 - Research Lab,1,00 Unapplicable,4 Research Laboratories,,https://www.appsheet.com/image/getimageurl?appName=CalPolySpaceManagement2025-1009913&tableName=Facilities&fileName=Facilities_Images%2F033-0%2F033-0%200352-A0.Room%20Photo1.204959.jpg&appVersion=1.000082&signature=883f4f2f88fa50eea30f5710b62325cf0f24273b8ee37214baca8f7d71d0d447,,,,"Yost, Jenn (CSM-BIO)",
033-0 0352-00,Clyde P. Fisher Science Hall,2,604.98,115100-CSM-Biological Sciences,250 - Research Lab,3,00 Unapplicable,4 Research Laboratories,,https://www.appsheet.com/image/getimageurl?appName=CalPolySpaceManagement2025-1009913&tableName=Facilities&fileName=Facilities_Images%2F033-0%2F033-0%200352-00.Room%20Photo1.204903.jpg&appVersion=1.000082&signature=dfd76c7f6a28dab2e94925243e40c2b62542661c9c24a705d8a36a94c2d4fca1,https://www.appsheet.com/image/getimageurl?appName=CalPolySpaceManagement2025-1009913&tableName=Facilities&fileName=Facilities_Images%2F033-0%2F033-0%200352-00.Room%20Photo2.204903.jpg&appVersion=1.000082&signature=945989959d1ea189c5ac4ee0c727cbf989105f4210c8ecead1da4ae464289e2d,,,"Yost, Jenn (CSM-BIO)",
033-0 0267-00,Clyde P. Fisher Science Hall,1,95.84,115100-CSM-Biological Sciences,310 - Faculty Office,1,04 Dsk/Ch,5 Academic Unit Offices,,https://www.appsheet.com/image/getimageurl?appName=CalPolySpaceManagement2025-1009913&tableName=Facilities&fileName=Facilities_Images%2F033-0%2F033-0%200267-00.Room%20Photo1.191057.jpg&appVersion=1.000082&signature=a96d662a624317286652d9e9c086d13cfdbb44b93607956f551e01ba006a56e8,,,,"Winstead, Candace (CSM-BIO)",
033-0 0350-00,Clyde P. Fisher Science Hall,2,53.17,115100-CSM-Biological Sciences,780 - General Storage,0,00 Unapplicable,13 Other Academic Space,State fire marshal says we can no longer use for storage.,https://www.appsheet.com/image/getimageurl?appName=CalPolySpaceManagement2025-1009913&tableName=Facilities&fileName=Facilities_Images%2F033-0%2F033-0%200350-00.Room%20Photo1.193118.jpg&appVersion=1.000082&signature=bbaf152275d3ab073878a0e49626aa84aef8b3ae7808554cd26fa3992082022b,https://www.appsheet.com/image/getimageurl?appName=CalPolySpaceManagement2025-1009913&tableName=Facilities&fileName=Facilities_Images%2F033-0%2F033-0%200350-00.Room%20Photo2.193118.jpg&appVersion=1.000082&signature=3e5ff036c4015a677ddc43f921832a30843eecda1ede5b5e1d8b830c591d6cc3,,,,
033-0 0294-00,Clyde P. Fisher Science Hall,1,82.21,115100-CSM-Biological Sciences,780 - General Storage,0,00 Unapplicable,13 Other Academic Space,CESAME storage,https://www.appsheet.com/image/getimageurl?appName=CalPolySpaceManagement2025-1009913&tableName=Facilities&fileName=Facilities_Images%2F033-0%2F033-0%200294-00.Room%20Photo1.215123.jpg&appVersion=1.000082&signature=c536a35fc1b1505174a93e02281e8658cf6fba153dccee0b96cf9f94f3f3ebb0,https://www.appsheet.com/image/getimageurl?appName=CalPolySpaceManagement2025-1009913&tableName=Facilities&fileName=Facilities_Images%2F033-0%2F033-0%200294-00.Room%20Photo2.215123.jpg&appVersion=1.000082&signature=ff733d0b48419382e1ab182c7551dc27f2f26115c27ae9a058ca2fea3beb0a2e,,,,
033-0 0293-00,Clyde P. Fisher Science Hall,1,86.94,115100-CSM-Biological Sciences,780 - General Storage,0,00 Unapplicable,13 Other Academic Space,,https://www.appsheet.com/image/getimageurl?appName=CalPolySpaceManagement2025-1009913&tableName=Facilities&fileName=Facilities_Images%2F033-0%2F033-0%200293-00.Room%20Photo1.215840.jpg&appVersion=1.000082&signature=ba65f66ce5428b462b7afa6a563c20a4cbba6f8a131bf0d394d49406bec25bec,https://www.appsheet.com/image/getimageurl?appName=CalPolySpaceManagement2025-1009913&tableName=Facilities&fileName=Facilities_Images%2F033-0%2F033-0%200293-00.Room%20Photo2.215840.jpg&appVersion=1.000082&signature=24615bf6d5166da16b7af6f0c1d2f3d462ec4f0859c8a5c456acb7a8bdb62cba,,,,
033-0 0288-00,Clyde P. Fisher Science Hall,1,172.39,115100-CSM-Biological Sciences,315 - Office Service,0,00 Unapplicable,5 Academic Unit Offices,,https://www.appsheet.com/image/getimageurl?appName=CalPolySpaceManagement2025-1009913&tableName=Facilities&fileName=Facilities_Images%2F033-0%2F033-0%200288-00.Room%20Photo1.215217.jpg&appVersion=1.000082&signature=3b441e1f7a976032cd074341b934a6f99cd06b884701032a2ef5f5bf5da89df4,,,,,
033-0 0285-A0,Clyde P. Fisher Science Hall,1,293.59,115100-CSM-Biological Sciences,570 - Animal Quarters,0,00 Unapplicable,13 Other Academic Space,,https://www.appsheet.com/image/getimageurl?appName=CalPolySpaceManagement2025-1009913&tableName=Facilities&fileName=Facilities_Images%2F033-0%2F033-0%200285-A0.Room%20Photo1.215608.jpg&appVersion=1.000082&signature=87ea0738ccd0c3042cb7a017f5b1c2dc6965c205d3e6f4a4b5517bdd977b99d2,https://www.appsheet.com/image/getimageurl?appName=CalPolySpaceManagement2025-1009913&tableName=Facilities&fileName=Facilities_Images%2F033-0%2F033-0%200285-A0.Room%20Photo2.215608.jpg&appVersion=1.000082&signature=7ee228ecb9e466afef1e36dc43ee372135f527b8c51e7fd715ecac22d6c0a3b2,,,"Taylor, Emily (CSM-BIO)",
033-0 0285-00,Clyde P. Fisher Science Hall,1,1100.33,115100-CSM-Biological Sciences,350 - Conference Room,60,00 Unapplicable,5 Academic Unit Offices,,https://www.appsheet.com/image/getimageurl?appName=CalPolySpaceManagement2025-1009913&tableName=Facilities&fileName=Facilities_Images%2F033-0%2F033-0%200285-00.Room%20Photo1.215354.jpg&appVersion=1.000082&signature=732a9852a8275451c41e2ba43cc359c229a17f89cb746174134963b1244276de,https://www.appsheet.com/image/getimageurl?appName=CalPolySpaceManagement2025-1009913&tableName=Facilities&fileName=Facilities_Images%2F033-0%2F033-0%200285-00.Room%20Photo2.215354.jpg&appVersion=1.000082&signature=9229adadb653441fb1f475cf14e662e0e9fabbb61bb42f56fe6d57ac264fd564,https://www.appsheet.com/image/getimageurl?appName=CalPolySpaceManagement2025-1009913&tableName=Facilities&fileName=Facilities_Images%2F033-0%2F033-0%200285-00.Room%20Photo3.215354.jpg&appVersion=1.000082&signature=dd5b8f7efa95e0147e27315cc59c890fbb5c74d61dfe8f43d9eec8c45b318ad1,,,
033-0 0282-00,Clyde P. Fisher Science Hall,1,196.43,115100-CSM-Biological Sciences,315 - Office Service,0,00 Unapplicable,5 Academic Unit Offices,,https://www.appsheet.com/image/getimageurl?appName=CalPolySpaceManagement2025-1009913&tableName=Facilities&fileName=Facilities_Images%2F033-0%2F033-0%200282-00.Room%20Photo1.193741.jpg&appVersion=1.000082&signature=c3cd649b1b62299447466b2d1fb96a950672dbd9ce7b5a8bf6d343c08552cf87,https://www.appsheet.com/image/getimageurl?appName=CalPolySpaceManagement2025-1009913&tableName=Facilities&fileName=Facilities_Images%2F033-0%2F033-0%200282-00.Room%20Photo2.193741.jpg&appVersion=1.000082&signature=a8d4abb248d31c14fad725c44e8b048547fe56adf8170836e4a750807d635373,,,,
033-0 0351-00,Clyde P. Fisher Science Hall,2,984.55,115100-CSM-Biological Sciences,210 - Teaching Lab,24,03 Blt-In,2 Class Laboratories,,https://www.appsheet.com/image/getimageurl?appName=CalPolySpaceManagement2025-1009913&tableName=Facilities&fileName=Facilities_Images%2F033-0%2F033-0%200351-00.Room%20Photo1.175635.jpg&appVersion=1.000082&signature=0b2ee9ff8bd462a54deeb6511729e1f7f6d14c531c7245166a0ce2b02d0bb00f,https://www.appsheet.com/image/getimageurl?appName=CalPolySpaceManagement2025-1009913&tableName=Facilities&fileName=Facilities_Images%2F033-0%2F033-0%200351-00.Room%20Photo2.175635.jpg&appVersion=1.000082&signature=0ed3f28f92b60dd844f9550bfb3ae0c022863b45de71cb3a06eb53326b30e3d4,,,,
033-0 0280-A0,Clyde P. Fisher Science Hall,1,170.58,115100-CSM-Biological Sciences,315 - Office Service,0,00 Unapplicable,5 Academic Unit Offices,,https://www.appsheet.com/image/getimageurl?appName=CalPolySpaceManagement2025-1009913&tableName=Facilities&fileName=Facilities_Images%2F033-0%2F033-0%200280-A0.Room%20Photo1.193426.jpg&appVersion=1.000082&signature=39b21b70c6cfa3a11630de7a3dd3e5978c31a632b615e7b10d7ae276edc12db3,https://www.appsheet.com/image/getimageurl?appName=CalPolySpaceManagement2025-1009913&tableName=Facilities&fileName=Facilities_Images%2F033-0%2F033-0%200280-A0.Room%20Photo2.193426.jpg&appVersion=1.000082&signature=baf79710e7a09ee85bc67ddb04f8f73b6452c3a869352e113b64b4b5dbf2c976,,,,
033-0 0281-00,Clyde P. Fisher Science Hall,1,210.79,115100-CSM-Biological Sciences,311 - Staff Office,1,04 Dsk/Ch,5 Academic Unit Offices,,https://www.appsheet.com/image/getimageurl?appName=CalPolySpaceManagement2025-1009913&tableName=Facilities&fileName=Facilities_Images%2F033-0%2F033-0%200281-00.Room%20Photo1.193639.jpg&appVersion=1.000082&signature=775567191895246a52a62ebc5f58953d8a12e473b0eab18efb10232f74394bc3,https://www.appsheet.com/image/getimageurl?appName=CalPolySpaceManagement2025-1009913&tableName=Facilities&fileName=Facilities_Images%2F033-0%2F033-0%200281-00.Room%20Photo2.193639.jpg&appVersion=1.000082&signature=41bdfda679571a5642b95df512a79431bd8ce97d5b77e24425d4f2217c945f91,,,"Hillers, Kenneth (CSM-BIO);Reeves, Kristin (CSM-BIO)",
033-0 0269-00,Clyde P. Fisher Science Hall,1,107.54,115100-CSM-Biological Sciences,310 - Faculty Office,1,04 Dsk/Ch,5 Academic Unit Offices,,https://www.appsheet.com/image/getimageurl?appName=CalPolySpaceManagement2025-1009913&tableName=Facilities&fileName=Facilities_Images%2F033-0%2F033-0%200269-00.Room%20Photo1.191317.jpg&appVersion=1.000082&signature=4a10b62f339033c09e557ebe7b57d55d046a1d18861087dd71141dda992a625c,,,,"Clement, Sandi (CSM-BIO)",
033-0 0270-00,Clyde P. Fisher Science Hall,1,181.95,115100-CSM-Biological Sciences,310 - Faculty Office,1,01 Tbl/Ch,5 Academic Unit Offices,,https://www.appsheet.com/image/getimageurl?appName=CalPolySpaceManagement2025-1009913&tableName=Facilities&fileName=Facilities_Images%2F033-0%2F033-0%200270-00.Room%20Photo1.191505.jpg&appVersion=1.000082&signature=066ab593eb2265b7f87cedc09169cd0d5a4f1759617460a2e192373378851ac1,,,,,
033-0 0271-00,Clyde P. Fisher Science Hall,1,121.62,115100-CSM-Biological Sciences,310 - Faculty Office,2,04 Dsk/Ch,5 Academic Unit Offices,,https://www.appsheet.com/image/getimageurl?appName=CalPolySpaceManagement2025-1009913&tableName=Facilities&fileName=Facilities_Images%2F033-0%2F033-0%200271-00.Room%20Photo1.191618.jpg&appVersion=1.000082&signature=cde1d0b27e8a087a3be29553fb144c9e25078024535ae92dd756d9acc1fb83e6,,,,"Villablanca, Francis (CSM-BIO);Keeling, Elena (CSM-BIO)",
033-0 0273-00,Clyde P. Fisher Science Hall,1,157,115100-CSM-Biological Sciences,311 - Staff Office,1,04 Dsk/Ch,5 Academic Unit Offices,,https://www.appsheet.com/image/getimageurl?appName=CalPolySpaceManagement2025-1009913&tableName=Facilities&fileName=Facilities_Images%2F033-0%2F033-0%200273-00.Room%20Photo1.191901.jpg&appVersion=1.000082&signature=edb25f8c434941bdced7c3515d2378afe4b936be231f5a279ea6b0672b383ab9,,,,"Wyzlic, Miranda (CSM-BIO)",
033-0 0274-00,Clyde P. Fisher Science Hall,1,188.43,115100-CSM-Biological Sciences,"312 - Admin Office - Dept Head, Lib, Dir, Assoc. Dean",1,04 Dsk/Ch,5 Academic Unit Offices,,https://www.appsheet.com/image/getimageurl?appName=CalPolySpaceManagement2025-1009913&tableName=Facilities&fileName=Facilities_Images%2F033-0%2F033-0%200274-00.Room%20Photo1.191944.jpg&appVersion=1.000082&signature=7eb3b563283c1156745230e85d0acd664875dba3b102797c8fa74696d540d3ad,,,,"Black, Michael (CSM-BIO)",
033-0 0275-00,Clyde P. Fisher Science Hall,1,111.55,115100-CSM-Biological Sciences,310 - Faculty Office,1,04 Dsk/Ch,5 Academic Unit Offices,,https://www.appsheet.com/image/getimageurl?appName=CalPolySpaceManagement2025-1009913&tableName=Facilities&fileName=Facilities_Images%2F033-0%2F033-0%200275-00.Room%20Photo1.192719.jpg&appVersion=1.000082&signature=4a5b8d209f416fa061ec5abcf20f1eaf7473c348da922769ddef94ae922e10cf,,,,"Maj, Magdalena (CSM-BIO)",
033-0 0272-00,Clyde P. Fisher Science Hall,1,117,115100-CSM-Biological Sciences,311 - Staff Office,1,04 Dsk/Ch,5 Academic Unit Offices,,https://www.appsheet.com/image/getimageurl?appName=CalPolySpaceManagement2025-1009913&tableName=Facilities&fileName=Facilities_Images%2F033-0%2F033-0%200272-00.Room%20Photo1.191711.jpg&appVersion=1.000082&signature=1bc2bcf5a5891913c5fa3dc27a638509be9d055e0622b74921534c55b4bdde6c,,,,"Doctor, Katie (CSM-BIO)",
033-0 0277-00,Clyde P. Fisher Science Hall,1,128.28,115100-CSM-Biological Sciences,310 - Faculty Office,1,04 Dsk/Ch,5 Academic Unit Offices,,https://www.appsheet.com/image/getimageurl?appName=CalPolySpaceManagement2025-1009913&tableName=Facilities&fileName=Facilities_Images%2F033-0%2F033-0%200277-00.Room%20Photo1.192938.jpg&appVersion=1.000082&signature=fdb0925137b7c8c44b0dba3342d8a97b5f0e84f200081f60cd8744faa6421f14,,,,"Vredevoe, Larisa (CSM-BIO)",
033-0 0278-00,Clyde P. Fisher Science Hall,1,137.03,115100-CSM-Biological Sciences,310 - Faculty Office,2,04 Dsk/Ch,5 Academic Unit Offices,,https://www.appsheet.com/image/getimageurl?appName=CalPolySpaceManagement2025-1009913&tableName=Facilities&fileName=Facilities_Images%2F033-0%2F033-0%200278-00.Room%20Photo1.193116.jpg&appVersion=1.000082&signature=ff222d38c133fc4bc39eb4018a3797a3e22581fc98359633390fe436375d91fe,,,,"Goschke, Grace (CSM-BIO);Roest, Michele (CSM-BIO);Polacek, Kelly (CSM-BIO)",
033-0 0279-00,Clyde P. Fisher Science Hall,1,83.55,115100-CSM-Biological Sciences,315 - Office Service,0,00 Unapplicable,5 Academic Unit Offices,Mail room,https://www.appsheet.com/image/getimageurl?appName=CalPolySpaceManagement2025-1009913&tableName=Facilities&fileName=Facilities_Images%2F033-0%2F033-0%200279-00.Room%20Photo1.193217.jpg&appVersion=1.000082&signature=187f76badbcf65d12080c9fe16257ca14ce695e0f50e2667982d6b449b164b2c,https://www.appsheet.com/image/getimageurl?appName=CalPolySpaceManagement2025-1009913&tableName=Facilities&fileName=Facilities_Images%2F033-0%2F033-0%200279-00.Room%20Photo2.193217.jpg&appVersion=1.000082&signature=583798cd64fb4ee2a67bccae78a6db863c4e20c6f4a655951448007a499b99c5,,,,
033-0 0279-A0,Clyde P. Fisher Science Hall,1,145.81,115100-CSM-Biological Sciences,315 - Office Service,0,00 Unapplicable,5 Academic Unit Offices,Copier room,https://www.appsheet.com/image/getimageurl?appName=CalPolySpaceManagement2025-1009913&tableName=Facilities&fileName=Facilities_Images%2F033-0%2F033-0%200279-A0.Room%20Photo1.193301.jpg&appVersion=1.000082&signature=6d985d21bd669a28b32f7a030439bf99293bc803d65ea9ef66849868ace4ad5f,,,,,
033-0 0280-00,Clyde P. Fisher Science Hall,1,97.75,115100-CSM-Biological Sciences,315 - Office Service,0,00 Unapplicable,5 Academic Unit Offices,,https://www.appsheet.com/image/getimageurl?appName=CalPolySpaceManagement2025-1009913&tableName=Facilities&fileName=Facilities_Images%2F033-0%2F033-0%200280-00.Room%20Photo1.193510.jpg&appVersion=1.000082&signature=69aea4aa21b363981ee9716795b1a9320fd6b60538eee027b03d003e95915710,https://www.appsheet.com/image/getimageurl?appName=CalPolySpaceManagement2025-1009913&tableName=Facilities&fileName=Facilities_Images%2F033-0%2F033-0%200280-00.Room%20Photo2.193510.jpg&appVersion=1.000082&signature=c9601203db8a315c3f4ef40193b67d2dc56e9cff6b5f220e1f2d5791843178d3,,,,
033-0 0276-00,Clyde P. Fisher Science Hall,1,111.55,115100-CSM-Biological Sciences,310 - Faculty Office,1,04 Dsk/Ch,5 Academic Unit Offices,,https://www.appsheet.com/image/getimageurl?appName=CalPolySpaceManagement2025-1009913&tableName=Facilities&fileName=Facilities_Images%2F033-0%2F033-0%200276-00.Room%20Photo1.192806.jpg&appVersion=1.000082&signature=1c1f12744c3fc035ec0f9fb11591d6d622aa801f71087510ae7e9aa3df404870,,,,"Bean, Tim (CSM-BIO)",
002-0 0130-00,Cotchett Education Building,1,145.75,117600-CSM-School of Education,310 - Faculty Office,1,04 Dsk/Ch,5 Academic Unit Offices,Lecturer office,https://www.appsheet.com/image/getimageurl?appName=CalPolySpaceManagement2025-1009913&tableName=Facilities&fileName=Facilities_Images%2F002-0%2F002-0%200130-00.Room%20Photo1.173451.jpg&appVersion=1.000082&signature=6ec79d1a6913fed7903c5c6b18ba4db503d7180dc7e5ba74d5dd4a703af85a40,,,,,
002-0 0123-00,Cotchett Education Building,1,148.73,117600-CSM-School of Education,"312 - Admin Office - Dept Head, Lib, Dir, Assoc. Dean",1,04 Dsk/Ch,5 Academic Unit Offices,,,,,,"Guise, Megan (CSM-EDUC)",
002-0 0122-B0,Cotchett Education Building,1,148.73,117600-CSM-School of Education,311 - Staff Office,1,04 Dsk/Ch,5 Academic Unit Offices,,https://www.appsheet.com/image/getimageurl?appName=CalPolySpaceManagement2025-1009913&tableName=Facilities&fileName=Facilities_Images%2F002-0%2F002-0%200122-B0.Room%20Photo1.165415.jpg&appVersion=1.000082&signature=98cd4f5e0cc345ad3b7b4994111715df8795ec3f0cbef752f0cd52ad5142647b,,,,"Fern, Renee (CSM-EDUC)",
002-0 0124-00,Cotchett Education Building,1,246.67,117600-CSM-School of Education,350 - Conference Room,8,01 Tbl/Ch,5 Academic Unit Offices,,https://www.appsheet.com/image/getimageurl?appName=CalPolySpaceManagement2025-1009913&tableName=Facilities&fileName=Facilities_Images%2F002-0%2F002-0%200124-00.Room%20Photo1.165600.jpg&appVersion=1.000082&signature=6d512368da30e2e2f35dcd7aee2b3adb86cb11a38eebba086c1bd02507390776,https://www.appsheet.com/image/getimageurl?appName=CalPolySpaceManagement2025-1009913&tableName=Facilities&fileName=Facilities_Images%2F002-0%2F002-0%200124-00.Room%20Photo2.165600.jpg&appVersion=1.000082&signature=c1aecc10bf81f88da780a48fcb94cbe4fbca1f6b61e83dd4971f79310920f861,,,,
002-0 0126-00,Cotchett Education Building,1,"1,072.03",117600-CSM-School of Education,213 - Department Lab,26,01 Tbl/Ch,2 Class Laboratories,,https://www.appsheet.com/image/getimageurl?appName=CalPolySpaceManagement2025-1009913&tableName=Facilities&fileName=Facilities_Images%2F002-0%2F002-0%200126-00.Room%20Photo1.165813.jpg&appVersion=1.000082&signature=27ff2b5eea2d39092fa4850c001335df20c5cbecb52d544398f54b18f7293784,https://www.appsheet.com/image/getimageurl?appName=CalPolySpaceManagement2025-1009913&tableName=Facilities&fileName=Facilities_Images%2F002-0%2F002-0%200126-00.Room%20Photo2.165813.jpg&appVersion=1.000082&signature=7a33f425a8ebe9f90de7b4ecb83019449faea9cda7ee8f491da73ce4be32af3e,https://www.appsheet.com/image/getimageurl?appName=CalPolySpaceManagement2025-1009913&tableName=Facilities&fileName=Facilities_Images%2F002-0%2F002-0%200126-00.Room%20Photo3.165949.jpg&appVersion=1.000082&signature=b1ab4e3a95d11343b4a46f91c8b62c8b7352fd4cf1263d901941f0989c19df0f,,,
002-0 0126-B0,Cotchett Education Building,1,145.33,117600-CSM-School of Education,780 - General Storage,0,00 Unapplicable,13 Other Academic Space,,https://www.appsheet.com/image/getimageurl?appName=CalPolySpaceManagement2025-1009913&tableName=Facilities&fileName=Facilities_Images%2F002-0%2F002-0%200126-B0.Room%20Photo1.165927.jpg&appVersion=1.000082&signature=33aa5d57d4a036944390d319776a992bf0ed193a10a6955ed3472d6dc7889e30,,,,,
002-0 0127-00,Cotchett Education Building,1,1070.30,117600-CSM-School of Education,210 - Teaching Lab,30,01 Tbl/Ch,2 Class Laboratories,,https://www.appsheet.com/image/getimageurl?appName=CalPolySpaceManagement2025-1009913&tableName=Facilities&fileName=Facilities_Images%2F002-0%2F002-0%200127-00.Room%20Photo1.170122.jpg&appVersion=1.000082&signature=1a617e373c936d413409207b64e4a36e110204fec35e51758b1e425aa042f88d,https://www.appsheet.com/image/getimageurl?appName=CalPolySpaceManagement2025-1009913&tableName=Facilities&fileName=Facilities_Images%2F002-0%2F002-0%200127-00.Room%20Photo2.170122.jpg&appVersion=1.000082&signature=21aded4cfbde44c98c9e9e14c3f57e6ddb2bb3465118862f6d9494520a0d4756,,,,
002-0 0131-00,Cotchett Education Building,1,145.75,117600-CSM-School of Education,310 - Faculty Office,1,04 Dsk/Ch,5 Academic Unit Offices,,https://www.appsheet.com/image/getimageurl?appName=CalPolySpaceManagement2025-1009913&tableName=Facilities&fileName=Facilities_Images%2F002-0%2F002-0%200131-00.Room%20Photo1.173308.jpg&appVersion=1.000082&signature=5e2a40586497e648f40fd960c584f84663ab61736098ade93141fe265c5317c8,,,,"Cheuk, Tina (CSM-EDUC)",
002-0 0138-00,Cotchett Education Building,1,147.1,117600-CSM-School of Education,310 - Faculty Office,1,04 Dsk/Ch,5 Academic Unit Offices,,https://www.appsheet.com/image/getimageurl?appName=CalPolySpaceManagement2025-1009913&tableName=Facilities&fileName=Facilities_Images%2F002-0%2F002-0%200138-00.Room%20Photo1.172816.jpg&appVersion=1.000082&signature=a9e80c261546349a9cc05ada27575e08d302d75f4db7c53c57287efcb4653d97,,,,"Ramrakhiani, Sonia (CSM-EDUC)",
002-0 0133-00,Cotchett Education Building,1,145.75,117600-CSM-School of Education,310 - Faculty Office,1,04 Dsk/Ch,5 Academic Unit Offices,,https://www.appsheet.com/image/getimageurl?appName=CalPolySpaceManagement2025-1009913&tableName=Facilities&fileName=Facilities_Images%2F002-0%2F002-0%200133-00.Room%20Photo1.173129.jpg&appVersion=1.000082&signature=401cea1a7d476100aa58877b53bc353c35a021e95b4b9f00bb666bbe2e949dcf,,,,"Flushman, Tanya (CSM-EDUC)",
002-0 0134-00,Cotchett Education Building,1,145.75,117600-CSM-School of Education,310 - Faculty Office,1,04 Dsk/Ch,5 Academic Unit Offices,,https://www.appsheet.com/image/getimageurl?appName=CalPolySpaceManagement2025-1009913&tableName=Facilities&fileName=Facilities_Images%2F002-0%2F002-0%200134-00.Room%20Photo1.173043.jpg&appVersion=1.000082&signature=97c3b88d2cf9525edf6c7fe0650fdc404dc0536a4f36e70c27585199f1afdc84,,,,"Bauer, Julee (CSM-EDUC)",
002-0 0135-00,Cotchett Education Building,1,145.75,117600-CSM-School of Education,310 - Faculty Office,1,04 Dsk/Ch,5 Academic Unit Offices,,https://www.appsheet.com/image/getimageurl?appName=CalPolySpaceManagement2025-1009913&tableName=Facilities&fileName=Facilities_Images%2F002-0%2F002-0%200135-00.Room%20Photo1.172951.jpg&appVersion=1.000082&signature=9f7f31fc8140fc9a29ed3a1e8e0e9a4a7aca579e9fdfde83830808cc300c7a28,,,,"Brito, Efrain (CSM-EDUC)",
002-0 0136-00,Cotchett Education Building,1,145.75,117600-CSM-School of Education,310 - Faculty Office,1,04 Dsk/Ch,5 Academic Unit Offices,,https://www.appsheet.com/image/getimageurl?appName=CalPolySpaceManagement2025-1009913&tableName=Facilities&fileName=Facilities_Images%2F002-0%2F002-0%200136-00.Room%20Photo1.172901.jpg&appVersion=1.000082&signature=c140e257d9d688e9e7a1c3a931c1cb69b567ea421ff144877900750fcfd6ec87,,,,"Byrne, Andrew (CSM-EDUC)",
002-0 0137-00,Cotchett Education Building,1,145.75,117600-CSM-School of Education,310 - Faculty Office,1,04 Dsk/Ch,5 Academic Unit Offices,,https://www.appsheet.com/image/getimageurl?appName=CalPolySpaceManagement2025-1009913&tableName=Facilities&fileName=Facilities_Images%2F002-0%2F002-0%200137-00.Room%20Photo1.172714.jpg&appVersion=1.000082&signature=82da17050af4f83040f65f66ed17d11fc94424953119fff21e8b03faa9b14e76,,,,"Almeida, Daniel (CSM-EDUC)",
002-0 0214-00,Cotchett Education Building,2,970.44,117600-CSM-School of Education,213 - Department Lab,30,01 Tbl/Ch,2 Class Laboratories,,https://www.appsheet.com/image/getimageurl?appName=CalPolySpaceManagement2025-1009913&tableName=Facilities&fileName=Facilities_Images%2F002-0%2F002-0%200214-00.Room%20Photo1.170506.jpg&appVersion=1.000082&signature=e0d45ae24c000f461d88fe61f8be12d314a4da4d4107090f811ef0634e0455e0,https://www.appsheet.com/image/getimageurl?appName=CalPolySpaceManagement2025-1009913&tableName=Facilities&fileName=Facilities_Images%2F002-0%2F002-0%200214-00.Room%20Photo2.170506.jpg&appVersion=1.000082&signature=f16da4106a533ef9b1d74110a935ab42360233ba42bfb45da97c43ba40ce9671,,,,
002-0 0215-00,Cotchett Education Building,2,216.49,117600-CSM-School of Education,310 - Faculty Office,4,04 Dsk/Ch,5 Academic Unit Offices,Lecturer offices,https://www.appsheet.com/image/getimageurl?appName=CalPolySpaceManagement2025-1009913&tableName=Facilities&fileName=Facilities_Images%2F002-0%2F002-0%200215-00.Room%20Photo1.170626.jpg&appVersion=1.000082&signature=0681f76a996226eadb55838ad8fc4a853652071256dd0e9e8112cbdf6e90e21c,,,,,
002-0 0132-00,Cotchett Education Building,1,145.75,117600-CSM-School of Education,310 - Faculty Office,1,04 Dsk/Ch,5 Academic Unit Offices,,https://www.appsheet.com/image/getimageurl?appName=CalPolySpaceManagement2025-1009913&tableName=Facilities&fileName=Facilities_Images%2F002-0%2F002-0%200132-00.Room%20Photo1.173212.jpg&appVersion=1.000082&signature=1d8064d32e4b0f28be4a38edcde239f921e821379e8060e69cbcf55307701106,,,,"Jensen, Jess (CSM-EDUC)",
002-0 0122-A0,Cotchett Education Building,1,148.73,117600-CSM-School of Education,311 - Staff Office,2,04 Dsk/Ch,5 Academic Unit Offices,,https://www.appsheet.com/image/getimageurl?appName=CalPolySpaceManagement2025-1009913&tableName=Facilities&fileName=Facilities_Images%2F002-0%2F002-0%200122-A0.Room%20Photo1.165256.jpg&appVersion=1.000082&signature=ca6828d4f1cb1ef872c2971193b34f674d8016a337577a102ee9e825c91cc85b,,,,"Scattolin, Martina (CSM-EDUC);Blunk, Brittany (CSM-EDUC)",
002-0 0120-C0,Cotchett Education Building,1,60.75,117600-CSM-School of Education,311 - Staff Office,1,04 Dsk/Ch,5 Academic Unit Offices,,https://www.appsheet.com/image/getimageurl?appName=CalPolySpaceManagement2025-1009913&tableName=Facilities&fileName=Facilities_Images%2F002-0%2F002-0%200120-C0.Room%20Photo1.165158.jpg&appVersion=1.000082&signature=ee30adb251b1e1eec574c2c3a8cc34a29a027c6cfaa6959185e31d67fcc3a986,,,,"Glazer, Ann (CSM-EDUC)",
002-0 0120-B0,Cotchett Education Building,1,58.61,117600-CSM-School of Education,311 - Staff Office,1,04 Dsk/Ch,5 Academic Unit Offices,,https://www.appsheet.com/image/getimageurl?appName=CalPolySpaceManagement2025-1009913&tableName=Facilities&fileName=Facilities_Images%2F002-0%2F002-0%200120-B0.Room%20Photo1.165118.jpg&appVersion=1.000082&signature=1eaba60c3ce36592a46dbb4695c7dfb18944380c8ea18dd50cb125aeb21520f4,,,,"Muguira, Traice (CSM-EDUC)",
002-0 0121-00,Cotchett Education Building,1,217.2,117600-CSM-School of Education,315 - Office Service,0,08 Furn,5 Academic Unit Offices,,https://www.appsheet.com/image/getimageurl?appName=CalPolySpaceManagement2025-1009913&tableName=Facilities&fileName=Facilities_Images%2F002-0%2F002-0%200121-00.Room%20Photo1.165636.jpg&appVersion=1.000082&signature=e32dd200e5ae5424a519d625850759d5d2248741d860aad74122f506067ddaa7,,,,,
002-0 0104-00,Cotchett Education Building,1,109.39,117600-CSM-School of Education,315 - Office Service,0,00 Unapplicable,5 Academic Unit Offices,,https://www.appsheet.com/image/getimageurl?appName=CalPolySpaceManagement2025-1009913&tableName=Facilities&fileName=Facilities_Images%2F002-0%2F002-0%200104-00.Room%20Photo1.164102.jpg&appVersion=1.000082&signature=a1c6553916ac75ab01b37f3e5c40189afb0aeee68b879f12fa3be6b04cd24fab,,,,,
002-0 0105-00,Cotchett Education Building,1,119.89,117600-CSM-School of Education,315 - Office Service,0,00 Unapplicable,5 Academic Unit Offices,,https://www.appsheet.com/image/getimageurl?appName=CalPolySpaceManagement2025-1009913&tableName=Facilities&fileName=Facilities_Images%2F002-0%2F002-0%200105-00.Room%20Photo1.164137.jpg&appVersion=1.000082&signature=1bf712736fafecf2166c7d30a794812e379eb449caf747224bda29267d564af8,,,,,
002-0 0106-00,Cotchett Education Building,1,153.65,117600-CSM-School of Education,310 - Faculty Office,2,04 Dsk/Ch,5 Academic Unit Offices,,https://www.appsheet.com/image/getimageurl?appName=CalPolySpaceManagement2025-1009913&tableName=Facilities&fileName=Facilities_Images%2F002-0%2F002-0%200106-00.Room%20Photo1.164253.jpg&appVersion=1.000082&signature=45dca4570834bb63dec310342c4747bb01c3c2349d26704e4a4ebd12e8002366,,,,"Obeso, Olivia (CSM-EDUC)",
002-0 0107-00,Cotchett Education Building,1,151.19,117600-CSM-School of Education,310 - Faculty Office,1,04 Dsk/Ch,5 Academic Unit Offices,,https://www.appsheet.com/image/getimageurl?appName=CalPolySpaceManagement2025-1009913&tableName=Facilities&fileName=Facilities_Images%2F002-0%2F002-0%200107-00.Room%20Photo1.164311.jpg&appVersion=1.000082&signature=6991d10e243098b4f3dfd09a0a4d524e24530557d2642cbe1daae91ce9de37e9,,,,"Crutchfield, Stephen (CSM-EDUC)",
002-0 0108-00,Cotchett Education Building,1,151.19,117600-CSM-School of Education,310 - Faculty Office,1,04 Dsk/Ch,5 Academic Unit Offices,Special education,https://www.appsheet.com/image/getimageurl?appName=CalPolySpaceManagement2025-1009913&tableName=Facilities&fileName=Facilities_Images%2F002-0%2F002-0%200108-00.Room%20Photo1.171201.jpg&appVersion=1.000082&signature=7a68bcf31beddaa50f5a6573827cdd07f13cd3149af42a33b9246cb96362bd55,,,,"Wood, Leah (CSM-EDUC)",
002-0 0109-00,Cotchett Education Building,1,151.19,117600-CSM-School of Education,310 - Faculty Office,2,04 Dsk/Ch,5 Academic Unit Offices,,https://www.appsheet.com/image/getimageurl?appName=CalPolySpaceManagement2025-1009913&tableName=Facilities&fileName=Facilities_Images%2F002-0%2F002-0%200109-00.Room%20Photo1.171309.jpg&appVersion=1.000082&signature=0601b295a933dae905754cec33fd2ec6c82343032ccdfe472f573cde5c050035,,,,,
002-0 0101-00,Cotchett Education Building,1,529.83,117508-CSM-Ctr Sci-Math Teacher Educ,210 - Teaching Lab,24,04 Dsk/Ch,2 Class Laboratories,,https://www.appsheet.com/image/getimageurl?appName=CalPolySpaceManagement2025-1009913&tableName=Facilities&fileName=Facilities_Images%2F002-0%2F002-0%200101-00.Room%20Photo1.163954.jpg&appVersion=1.000082&signature=692c35505fa8a8d7c61363853cd2d4f9b602dd450bc0e559e1e96c8e8ff70e6c,https://www.appsheet.com/image/getimageurl?appName=CalPolySpaceManagement2025-1009913&tableName=Facilities&fileName=Facilities_Images%2F002-0%2F002-0%200101-00.Room%20Photo2.163954.jpg&appVersion=1.000082&signature=e076fa288adc95780f3678e202590adba9d0395b033269a89fbfb94a8054a7c8,,,,
002-0 0111-00,Cotchett Education Building,1,151.19,117600-CSM-School of Education,310 - Faculty Office,1,04 Dsk/Ch,5 Academic Unit Offices,,https://www.appsheet.com/image/getimageurl?appName=CalPolySpaceManagement2025-1009913&tableName=Facilities&fileName=Facilities_Images%2F002-0%2F002-0%200111-00.Room%20Photo1.171611.jpg&appVersion=1.000082&signature=498f04eb983d1bc1a012e51c32285dc1487bff0bc9bd78509065a584d56e5860,,,,"Ronan, Briana (CSM-EDUC)",
002-0 0112-00,Cotchett Education Building,1,151.19,117600-CSM-School of Education,310 - Faculty Office,1,04 Dsk/Ch,5 Academic Unit Offices,,https://www.appsheet.com/image/getimageurl?appName=CalPolySpaceManagement2025-1009913&tableName=Facilities&fileName=Facilities_Images%2F002-0%2F002-0%200112-00.Room%20Photo1.171658.jpg&appVersion=1.000082&signature=be693381ca0247c1932767fa80f1ea095c11a4e3dd22f8e17f52230451e2c9d4,,,,"Neumann, Natasha (CSM-EDUC)",
002-0 0113-A0,Cotchett Education Building,1,140.93,117600-CSM-School of Education,311 - Staff Office,1,04 Dsk/Ch,5 Academic Unit Offices,SOE grants,https://www.appsheet.com/image/getimageurl?appName=CalPolySpaceManagement2025-1009913&tableName=Facilities&fileName=Facilities_Images%2F002-0%2F002-0%200113-A0.Room%20Photo1.164616.jpg&appVersion=1.000082&signature=6146eba2b4b65a883d7e354cfc644afba885ece78b5b86629f528a084e551cb6,,,,,
002-0 0113-B0,Cotchett Education Building,1,146,117600-CSM-School of Education,311 - Staff Office,1,04 Dsk/Ch,5 Academic Unit Offices,Sarah Hegg office,https://www.appsheet.com/image/getimageurl?appName=CalPolySpaceManagement2025-1009913&tableName=Facilities&fileName=Facilities_Images%2F002-0%2F002-0%200113-B0.Room%20Photo1.164756.jpg&appVersion=1.000082&signature=913c6ed6aa259f4faad7d58148715bd981c09732c3cbe4de6e871d5ae7beab95,,,,,
002-0 0114-00,Cotchett Education Building,1,553.64,117600-CSM-School of Education,210 - Teaching Lab,24,04 Dsk/Ch,2 Class Laboratories,,https://www.appsheet.com/image/getimageurl?appName=CalPolySpaceManagement2025-1009913&tableName=Facilities&fileName=Facilities_Images%2F002-0%2F002-0%200114-00.Room%20Photo1.164421.jpg&appVersion=1.000082&signature=460b7e74496de54aa315ca38ebad501e9662c745ed15e9d918f856f44c89f518,https://www.appsheet.com/image/getimageurl?appName=CalPolySpaceManagement2025-1009913&tableName=Facilities&fileName=Facilities_Images%2F002-0%2F002-0%200114-00.Room%20Photo2.164421.jpg&appVersion=1.000082&signature=40a687980f2ad55f6cc1056e1ffae7eb9b7ddd1306c75a381004d5c9a6c3548d,,,,
002-0 0120-00,Cotchett Education Building,1,317.6,117600-CSM-School of Education,311 - Staff Office,2,04 Dsk/Ch,5 Academic Unit Offices,,https://www.appsheet.com/image/getimageurl?appName=CalPolySpaceManagement2025-1009913&tableName=Facilities&fileName=Facilities_Images%2F002-0%2F002-0%200120-00.Room%20Photo1.164915.jpg&appVersion=1.000082&signature=87cd3424198e0f7b235b2c0c1bf1c590467e488a3d23f1aa5d8cacd237e20575,https://www.appsheet.com/image/getimageurl?appName=CalPolySpaceManagement2025-1009913&tableName=Facilities&fileName=Facilities_Images%2F002-0%2F002-0%200120-00.Room%20Photo2.164915.jpg&appVersion=1.000082&signature=9a44eac43c54189bef81b91e34c3887807e802aa83631607568ade2b26a20c0d,,,,
002-0 0110-00,Cotchett Education Building,1,151.19,117600-CSM-School of Education,310 - Faculty Office,1,04 Dsk/Ch,5 Academic Unit Offices,,https://www.appsheet.com/image/getimageurl?appName=CalPolySpaceManagement2025-1009913&tableName=Facilities&fileName=Facilities_Images%2F002-0%2F002-0%200110-00.Room%20Photo1.171409.jpg&appVersion=1.000082&signature=2349eeb59e0541f6fae4d373f8071882c130b59081044931647799f11fe3b661,,,,"Somoza-Norton, Andrea (CSM-EDUC)",
002-0 0120-A0,Cotchett Education Building,1,72.01,117600-CSM-School of Education,311 - Staff Office,1,04 Dsk/Ch,5 Academic Unit Offices,,https://www.appsheet.com/image/getimageurl?appName=CalPolySpaceManagement2025-1009913&tableName=Facilities&fileName=Facilities_Images%2F002-0%2F002-0%200120-A0.Room%20Photo1.164944.jpg&appVersion=1.000082&signature=16662d67a69bc75e1a2467bacd34c9e465224084e26b4f17e26bff749689ff9d,,,,,
228-D 0101-00,Diving Support Locker,1,80,117500-CSM-College of Science & Math,255 - Research Lab Service,0,00 Unapplicable,4 Research Laboratories,,https://www.appsheet.com/image/getimageurl?appName=CalPolySpaceManagement2025-1009913&tableName=Facilities&fileName=Facilities_Images%2F228-D%2F228-D%200101-00.Room%20Photo1.194543.jpg&appVersion=1.000082&signature=89a91608b55e4eb76fbe8b51113e5f733c7d793b801b1a10d3edef2d36804a21,https://www.appsheet.com/image/getimageurl?appName=CalPolySpaceManagement2025-1009913&tableName=Facilities&fileName=Facilities_Images%2F228-D%2F228-D%200101-00.Room%20Photo2.194543.jpg&appVersion=1.000082&signature=174e8ee46fb7351852e43a989d4ff7ac42899efd1a94f090f52012bbe9100b60,,,,
228-D 0102-00,Diving Support Locker,1,80,117500-CSM-College of Science & Math,255 - Research Lab Service,0,00 Unapplicable,4 Research Laboratories,,https://www.appsheet.com/image/getimageurl?appName=CalPolySpaceManagement2025-1009913&tableName=Facilities&fileName=Facilities_Images%2F228-D%2F228-D%200102-00.Room%20Photo1.194633.jpg&appVersion=1.000082&signature=cd2d5b11d3bb982499a2803110a817f0ea1793ebbc1b2c403dc371ed7e2f8d15,https://www.appsheet.com/image/getimageurl?appName=CalPolySpaceManagement2025-1009913&tableName=Facilities&fileName=Facilities_Images%2F228-D%2F228-D%200102-00.Room%20Photo2.194633.jpg&appVersion=1.000082&signature=57d663543ed74dc695f73c2d4960c52788abf016419b6231c9b2f7cecd08d740,https://www.appsheet.com/image/getimageurl?appName=CalPolySpaceManagement2025-1009913&tableName=Facilities&fileName=Facilities_Images%2F228-D%2F228-D%200102-00.Room%20Photo3.194633.jpg&appVersion=1.000082&signature=6fe84892ab9004e29dc78af3b66bb2dae9f3bc6d3e2464eb715f66b77395fc0b,,,
025-0 0236-00,Faculty Offices East,2,98.3,115300-CSM-Statistics,310 - Faculty Office,1,04 Dsk/Ch,5 Academic Unit Offices,,,,,,"Ruiz, Trevor (CSM-STAT)",
025-0 0237-00,Faculty Offices East,2,98.33,115300-CSM-Statistics,310 - Faculty Office,1,04 Dsk/Ch,5 Academic Unit Offices,,,,,,"Ross, Kevin (CSM-STAT)",
025-0 0238-00,Faculty Offices East,2,115.91,117502-CSM-Deans Office,"312 - Admin Office - Dept Head, Lib, Dir, Assoc. Dean",1,04 Dsk/Ch,5 Academic Unit Offices,,https://www.appsheet.com/image/getimageurl?appName=CalPolySpaceManagement2025-1009913&tableName=Facilities&fileName=Facilities_Images%2F025-0%2F025-0%200238-00.Room%20Photo1.192553.jpg&appVersion=1.000082&signature=685b676e4b6a8a18194a48442f9c8d9e2d45e5e9350ec508fa2ffbab91ebe895,,,,"Marshall, Morgen (CSM-Advancement)",
025-0 0300-00,Faculty Offices East,3,101.64,115400-CSM-Mathematics,310 - Faculty Office,1,04 Dsk/Ch,5 Academic Unit Offices,,https://www.appsheet.com/image/getimageurl?appName=CalPolySpaceManagement2025-1009913&tableName=Facilities&fileName=Facilities_Images%2F025-0%2F025-0%200300-00.Room%20Photo1.194802.jpg&appVersion=1.000082&signature=fd481f221bee858c4f4a0877f8406259671e4b690a0b31aedde65fcbf3a58cf2,,,,"Brussel, Eric (CSM-MATH)",
025-0 0301-00,Faculty Offices East,3,107.67,115400-CSM-Mathematics,310 - Faculty Office,1,04 Dsk/Ch,5 Academic Unit Offices,,https://www.appsheet.com/image/getimageurl?appName=CalPolySpaceManagement2025-1009913&tableName=Facilities&fileName=Facilities_Images%2F025-0%2F025-0%200301-00.Room%20Photo1.194714.jpg&appVersion=1.000082&signature=ed2fe0be04fb12513ce93a8ce23daf4f22050200a9eab7e9aca10c322826c36a,,,,"Orson, Patrick (CSM-MATH)",
025-0 0305-00,Faculty Offices East,3,107.65,115400-CSM-Mathematics,310 - Faculty Office,1,04 Dsk/Ch,5 Academic Unit Offices,,https://www.appsheet.com/image/getimageurl?appName=CalPolySpaceManagement2025-1009913&tableName=Facilities&fileName=Facilities_Images%2F025-0%2F025-0%200305-00.Room%20Photo1.193747.jpg&appVersion=1.000082&signature=b4bf707f1df247c64eb4974f46fe0f57c40dd30054af209b3cf775b1c64a8128,,,,"Bonini, Vincent (CSM-MATH)",
025-0 0303-00,Faculty Offices East,3,112.95,115400-CSM-Mathematics,310 - Faculty Office,1,04 Dsk/Ch,5 Academic Unit Offices,,https://www.appsheet.com/image/getimageurl?appName=CalPolySpaceManagement2025-1009913&tableName=Facilities&fileName=Facilities_Images%2F025-0%2F025-0%200303-00.Room%20Photo1.194356.jpg&appVersion=1.000082&signature=4de72000b1a93771d86d9289b10d464786d4c1775e9f9694ab2234b6fe85eec7,,,,"Medina, Elsa (CSM-MATH)",
025-0 0304-00,Faculty Offices East,3,102.36,115400-CSM-Mathematics,310 - Faculty Office,1,04 Dsk/Ch,5 Academic Unit Offices,,https://www.appsheet.com/image/getimageurl?appName=CalPolySpaceManagement2025-1009913&tableName=Facilities&fileName=Facilities_Images%2F025-0%2F025-0%200304-00.Room%20Photo1.194111.jpg&appVersion=1.000082&signature=f901ede35905e9e66dd8cef4b50d5cdbb1b96943ada38b7450c70615b5b74f13,,,,"Riley, Kate (CSM-MATH)",
025-0 0306-00,Faculty Offices East,3,107.65,115400-CSM-Mathematics,310 - Faculty Office,1,04 Dsk/Ch,5 Academic Unit Offices,,https://www.appsheet.com/image/getimageurl?appName=CalPolySpaceManagement2025-1009913&tableName=Facilities&fileName=Facilities_Images%2F025-0%2F025-0%200306-00.Room%20Photo1.193606.jpg&appVersion=1.000082&signature=90258e72a26c99e5d87262c9971f3da1cd419532646b20bc0c9277656ec4338f,,,,"Liese, Jeffrey (CSM-MATH)",
025-0 0307-00,Faculty Offices East,3,108.24,115400-CSM-Mathematics,310 - Faculty Office,1,04 Dsk/Ch,5 Academic Unit Offices,,https://www.appsheet.com/image/getimageurl?appName=CalPolySpaceManagement2025-1009913&tableName=Facilities&fileName=Facilities_Images%2F025-0%2F025-0%200307-00.Room%20Photo1.193501.jpg&appVersion=1.000082&signature=83ffc6c23012c353721b418364bac6fae94fd79d0a4e599ab6cca8552017b1e3,,,,"Sze, Lawrence (CSM-MATH)",
025-0 0235-00,Faculty Offices East,2,115.83,115300-CSM-Statistics,310 - Faculty Office,1,04 Dsk/Ch,5 Academic Unit Offices,,,,,,"Chance, Beth (CSM-STAT)",
025-0 0302-00,Faculty Offices East,3,107.66,115400-CSM-Mathematics,310 - Faculty Office,1,04 Dsk/Ch,5 Academic Unit Offices,,https://www.appsheet.com/image/getimageurl?appName=CalPolySpaceManagement2025-1009913&tableName=Facilities&fileName=Facilities_Images%2F025-0%2F025-0%200302-00.Room%20Photo1.194542.jpg&appVersion=1.000082&signature=b2e9c52ac66270f7f6bcba82590d457a0c1ab30efad04b920537ebd167dff82e,,,,"Gerami, Saba (CSM-MATH)",
025-0 0234-00,Faculty Offices East,2,107.04,115300-CSM-Statistics,310 - Faculty Office,1,04 Dsk/Ch,5 Academic Unit Offices,,,,,,"Rein, Steve (CSM-STAT)",
025-0 0228-A0,Faculty Offices East,2,38.66,117502-CSM-Deans Office,315 - Office Service,0,00 Unapplicable,5 Academic Unit Offices,,https://www.appsheet.com/image/getimageurl?appName=CalPolySpaceManagement2025-1009913&tableName=Facilities&fileName=Facilities_Images%2F025-0%2F025-0%200228-A0.Room%20Photo1.190340.jpg&appVersion=1.000082&signature=d9a3dff674ef9a56573e12500c7a4b5b0ff97893c26838126089e4e443df2d9a,,,,,
025-0 0232-00,Faculty Offices East,2,107,117502-CSM-Deans Office,"312 - Admin Office - Dept Head, Lib, Dir, Assoc. Dean",1,04 Dsk/Ch,5 Academic Unit Offices,,,,,,"O'Bryant, Camille (CSM-DEAN)",
025-0 0231-00,Faculty Offices East,2,98.01,117502-CSM-Deans Office,"312 - Admin Office - Dept Head, Lib, Dir, Assoc. Dean",1,04 Dsk/Ch,5 Academic Unit Offices,,,,,,"Saunders, Karl (CSM-DEAN)",
025-0 0229-E0,Faculty Offices East,2,265.55,117502-CSM-Deans Office,350 - Conference Room,16,01 Tbl/Ch,5 Academic Unit Offices,,https://www.appsheet.com/image/getimageurl?appName=CalPolySpaceManagement2025-1009913&tableName=Facilities&fileName=Facilities_Images%2F025-0%2F025-0%200229-E0.Room%20Photo1.190104.jpg&appVersion=1.000082&signature=0cbc73856ebfb340bd43730b4be34f3f31800fbb66974e7a66f3de5ba622acc5,,,,,
025-0 0229-D0,Faculty Offices East,2,150.77,117502-CSM-Deans Office,311 - Staff Office,1,04 Dsk/Ch,5 Academic Unit Offices,,https://www.appsheet.com/image/getimageurl?appName=CalPolySpaceManagement2025-1009913&tableName=Facilities&fileName=Facilities_Images%2F025-0%2F025-0%200229-D0.Room%20Photo1.190028.jpg&appVersion=1.000082&signature=6a0a50d90ebebaf38f7431c5e5005ceb7f12a16b63d8cba075a3bd8682bac4fa,,,,"Stevenson, Cassie (CSM-DEAN)",
025-0 0229-C0,Faculty Offices East,2,282.08,117502-CSM-Deans Office,311 - Staff Office,2,04 Dsk/Ch,5 Academic Unit Offices,,https://www.appsheet.com/image/getimageurl?appName=CalPolySpaceManagement2025-1009913&tableName=Facilities&fileName=Facilities_Images%2F025-0%2F025-0%200229-C0.Room%20Photo1.185830.jpg&appVersion=1.000082&signature=d968211c5e119953d45d28b47cc88d3b288772c29da852ef7a9c1db54b0427c0,,,,"Miller, Jessie (CSM-DEAN);Youngquist, Emi (CSM-DEAN)",
025-0 0229-B0,Faculty Offices East,2,201.67,117502-CSM-Deans Office,"312 - Admin Office - Dept Head, Lib, Dir, Assoc. Dean",1,04 Dsk/Ch,5 Academic Unit Offices,,https://www.appsheet.com/image/getimageurl?appName=CalPolySpaceManagement2025-1009913&tableName=Facilities&fileName=Facilities_Images%2F025-0%2F025-0%200229-B0.Room%20Photo1.185322.jpg&appVersion=1.000082&signature=156bc3293be7a2666002149d56ee9af0bff5b7ec1fbecde19818ab92540671a6,,,,"Wendt, Dean (CSM-DEAN)",
025-0 0229-A0,Faculty Offices East,2,183.32,117502-CSM-Deans Office,311 - Staff Office,2,04 Dsk/Ch,5 Academic Unit Offices,,https://www.appsheet.com/image/getimageurl?appName=CalPolySpaceManagement2025-1009913&tableName=Facilities&fileName=Facilities_Images%2F025-0%2F025-0%200229-A0.Room%20Photo1.185240.jpg&appVersion=1.000082&signature=e5974b443f2faf184ac8f14f4d9982e25a3e734d7e564e76908cd739048cefa6,,,,"Seiler, Adrienne (CSM-DEAN);Carney May, Sarah (CSM-DEAN)",
025-0 0308-00,Faculty Offices East,3,130.45,115400-CSM-Mathematics,310 - Faculty Office,1,04 Dsk/Ch,5 Academic Unit Offices,,https://www.appsheet.com/image/getimageurl?appName=CalPolySpaceManagement2025-1009913&tableName=Facilities&fileName=Facilities_Images%2F025-0%2F025-0%200308-00.Room%20Photo1.193416.jpg&appVersion=1.000082&signature=e7cb8eefb6607f056783924675dcb3d9efd04484c589f1c90df0423e9c7f88ea,,,,"Shapiro, Jonathan (CSM-MATH)",
025-0 0228-00,Faculty Offices East,2,82.12,117502-CSM-Deans Office,311 - Staff Office,1,04 Dsk/Ch,5 Academic Unit Offices,,https://www.appsheet.com/image/getimageurl?appName=CalPolySpaceManagement2025-1009913&tableName=Facilities&fileName=Facilities_Images%2F025-0%2F025-0%200228-00.Room%20Photo1.191713.jpg&appVersion=1.000082&signature=1e63503ef45633836b167a936b870637df4b62fb1f8fc0678c82b98abc310b93,,,,"Brar, Ruzena (CSM-Advancement)",
025-0 0227-00,Faculty Offices East,2,93.96,117502-CSM-Deans Office,311 - Staff Office,1,04 Dsk/Ch,5 Academic Unit Offices,Mariya Avtanska office,https://www.appsheet.com/image/getimageurl?appName=CalPolySpaceManagement2025-1009913&tableName=Facilities&fileName=Facilities_Images%2F025-0%2F025-0%200227-00.Room%20Photo1.192054.jpg&appVersion=1.000082&signature=a05586db0779cd18f57cb374fb6acc92ea8131e148e83cb6d282677e5789d011,,,,,
025-0 0226-00,Faculty Offices East,2,93.74,115300-CSM-Statistics,310 - Faculty Office,1,04 Dsk/Ch,5 Academic Unit Offices,,,,,,"Walker, John (CSM-STAT)",
025-0 0225-00,Faculty Offices East,2,93.5,117502-CSM-Deans Office,310 - Faculty Office,1,04 Dsk/Ch,5 Academic Unit Offices,Temporary office for Joyce,,,,,"Lin, Joyce (CSM-MATH)",
025-0 0224-00,Faculty Offices East,2,93.24,117502-CSM-Deans Office,311 - Staff Office,1,04 Dsk/Ch,5 Academic Unit Offices,,https://www.appsheet.com/image/getimageurl?appName=CalPolySpaceManagement2025-1009913&tableName=Facilities&fileName=Facilities_Images%2F025-0%2F025-0%200224-00.Room%20Photo1.192210.jpg&appVersion=1.000082&signature=8ad781497da6304fde0f69337d0fc63d5c8cf3bba5033d088882d9b8c40b3b18,,,,"Vavra, Eileen (CSM-DEAN)",
025-0 0233-00,Faculty Offices East,2,107.02,117502-CSM-Deans Office,311 - Staff Office,1,04 Dsk/Ch,5 Academic Unit Offices,,https://www.appsheet.com/image/getimageurl?appName=CalPolySpaceManagement2025-1009913&tableName=Facilities&fileName=Facilities_Images%2F025-0%2F025-0%200233-00.Room%20Photo1.190219.jpg&appVersion=1.000082&signature=6edc56ddb1780f3e34b7f8e8faf33ea15dbd0024895e9a6e34ec6bc008a9f45d,,,,"Wilson, Nick (CSM-DEAN)",
025-0 0309-00,Faculty Offices East,3,98.67,115400-CSM-Mathematics,310 - Faculty Office,1,04 Dsk/Ch,5 Academic Unit Offices,,https://www.appsheet.com/image/getimageurl?appName=CalPolySpaceManagement2025-1009913&tableName=Facilities&fileName=Facilities_Images%2F025-0%2F025-0%200309-00.Room%20Photo1.193652.jpg&appVersion=1.000082&signature=00b1ff6fed61d89a2945ecac0e2158e44e45fe9e3c12e09a7ffb75ca64763e27,,,,"Camp, Charles (CSM-MATH)",
025-0 0320-00,Faculty Offices East,3,100.58,115400-CSM-Mathematics,310 - Faculty Office,1,04 Dsk/Ch,5 Academic Unit Offices,,https://www.appsheet.com/image/getimageurl?appName=CalPolySpaceManagement2025-1009913&tableName=Facilities&fileName=Facilities_Images%2F025-0%2F025-0%200320-00.Room%20Photo1.202958.jpg&appVersion=1.000082&signature=155a7c37819579b860aeec433897aa4074efc17252981e223c0b7f6fccfdb0ac,,,,"Easton, Robert (CSM-MATH)",
025-0 0310-00,Faculty Offices East,3,95.44,115400-CSM-Mathematics,310 - Faculty Office,1,04 Dsk/Ch,5 Academic Unit Offices,,https://www.appsheet.com/image/getimageurl?appName=CalPolySpaceManagement2025-1009913&tableName=Facilities&fileName=Facilities_Images%2F025-0%2F025-0%200310-00.Room%20Photo1.193855.jpg&appVersion=1.000082&signature=1cb481ea56f35cc131468208644a5c4487bc48ce1eaa8a6cfbb5206804c8dceb,,,,"Tully-Doyle, Ryan (CSM-MATH)",
025-0 0223-00,Faculty Offices East,2,92.96,115300-CSM-Statistics,310 - Faculty Office,1,04 Dsk/Ch,5 Academic Unit Offices,,,,,,"Schroth, Maddie (CSM-STAT)",
025-0 0342-00,Faculty Offices East,3,114.37,115400-CSM-Mathematics,310 - Faculty Office,1,04 Dsk/Ch,5 Academic Unit Offices,,https://www.appsheet.com/image/getimageurl?appName=CalPolySpaceManagement2025-1009913&tableName=Facilities&fileName=Facilities_Images%2F025-0%2F025-0%200342-00.Room%20Photo1.195246.jpg&appVersion=1.000082&signature=6b79cfff5ad7cdf4e1b12a34c03cb1d35b724a24fd954c3a889d6db73a6a3b56,,,,"Dimitrova, Elena (CSM-MATH)",
025-0 0341-00,Faculty Offices East,3,114.34,115400-CSM-Mathematics,310 - Faculty Office,1,04 Dsk/Ch,5 Academic Unit Offices,,https://www.appsheet.com/image/getimageurl?appName=CalPolySpaceManagement2025-1009913&tableName=Facilities&fileName=Facilities_Images%2F025-0%2F025-0%200341-00.Room%20Photo1.203044.jpg&appVersion=1.000082&signature=bf382ade988c6fd8c2ec79047af6ed3d67edeaefbf39be8b643d7de47b226e54,,,,"Pearse, Erin (CSM-MATH)",
025-0 0339-00,Faculty Offices East,3,115.91,115400-CSM-Mathematics,310 - Faculty Office,1,04 Dsk/Ch,5 Academic Unit Offices,,https://www.appsheet.com/image/getimageurl?appName=CalPolySpaceManagement2025-1009913&tableName=Facilities&fileName=Facilities_Images%2F025-0%2F025-0%200339-00.Room%20Photo1.203222.jpg&appVersion=1.000082&signature=31fe548cef0888acee465644bf3d9a14042d7ec7478b318eba1f440362a29f50,,,,,
025-0 0338-00,Faculty Offices East,3,98.33,115400-CSM-Mathematics,310 - Faculty Office,1,04 Dsk/Ch,5 Academic Unit Offices,,https://www.appsheet.com/image/getimageurl?appName=CalPolySpaceManagement2025-1009913&tableName=Facilities&fileName=Facilities_Images%2F025-0%2F025-0%200338-00.Room%20Photo1.203447.jpg&appVersion=1.000082&signature=aa0f06a384b64fcb0c8ffc41d64c4e6c673578374bdd5696454e25211edfa6d1,,,,"Christian, Austin (CSM-MATH)",
025-0 0337-00,Faculty Offices East,3,98.3,115400-CSM-Mathematics,310 - Faculty Office,1,04 Dsk/Ch,5 Academic Unit Offices,,https://www.appsheet.com/image/getimageurl?appName=CalPolySpaceManagement2025-1009913&tableName=Facilities&fileName=Facilities_Images%2F025-0%2F025-0%200337-00.Room%20Photo1.203603.jpg&appVersion=1.000082&signature=4148cd9d8853407d854ccadd4a9d1ef34b5e8f8f20c47429f15bc90df4fdca41,,,,"Hamilton, Emily (CSM-MATH)",
025-0 0336-00,Faculty Offices East,3,115.83,115400-CSM-Mathematics,310 - Faculty Office,1,04 Dsk/Ch,5 Academic Unit Offices,,https://www.appsheet.com/image/getimageurl?appName=CalPolySpaceManagement2025-1009913&tableName=Facilities&fileName=Facilities_Images%2F025-0%2F025-0%200336-00.Room%20Photo1.203727.jpg&appVersion=1.000082&signature=b0298b420c138b63e54158b790adbff6458b4d2fafe4071dda889a3f153aa6e5,,,,"Champney, Danielle (CSM-MATH)",
025-0 0335-00,Faculty Offices East,3,107.04,115400-CSM-Mathematics,310 - Faculty Office,1,04 Dsk/Ch,5 Academic Unit Offices,,https://www.appsheet.com/image/getimageurl?appName=CalPolySpaceManagement2025-1009913&tableName=Facilities&fileName=Facilities_Images%2F025-0%2F025-0%200335-00.Room%20Photo1.204000.jpg&appVersion=1.000082&signature=a325eabb1f833ae059297c362e8b6da0364a980b26b5fd91d4ad8e4d1edc52de,,,,"Hesselgrave, William (CSM-MATH)",
025-0 0334-00,Faculty Offices East,3,107.02,115400-CSM-Mathematics,310 - Faculty Office,1,04 Dsk/Ch,5 Academic Unit Offices,,https://www.appsheet.com/image/getimageurl?appName=CalPolySpaceManagement2025-1009913&tableName=Facilities&fileName=Facilities_Images%2F025-0%2F025-0%200334-00.Room%20Photo1.204041.jpg&appVersion=1.000082&signature=a1a4cd805dd7cbd71ccaf5e74c702e24bcbe21591214d3400102dfd037979903,,,,"Watson, Sean (CSM-MATH)",
025-0 0333-00,Faculty Offices East,3,107,115400-CSM-Mathematics,310 - Faculty Office,1,04 Dsk/Ch,5 Academic Unit Offices,,https://www.appsheet.com/image/getimageurl?appName=CalPolySpaceManagement2025-1009913&tableName=Facilities&fileName=Facilities_Images%2F025-0%2F025-0%200333-00.Room%20Photo1.204315.jpg&appVersion=1.000082&signature=e0aed639c5ac56a67b4b5d6fae15f49126e2388909abe8192d403f6fd134be76,,,,"Yang, Fan (CSM-MATH)",
025-0 0332-00,Faculty Offices East,3,98.01,115400-CSM-Mathematics,310 - Faculty Office,1,04 Dsk/Ch,5 Academic Unit Offices,,https://www.appsheet.com/image/getimageurl?appName=CalPolySpaceManagement2025-1009913&tableName=Facilities&fileName=Facilities_Images%2F025-0%2F025-0%200332-00.Room%20Photo1.204413.jpg&appVersion=1.000082&signature=794572a658c3c7e82ac9d20d11135efeb88d7038929b07ffa9dde7e74860d9ac,,,,"Jenkin, Bryce (CSM-MATH)",
025-0 0331-00,Faculty Offices East,3,131.68,115400-CSM-Mathematics,310 - Faculty Office,1,04 Dsk/Ch,5 Academic Unit Offices,,https://www.appsheet.com/image/getimageurl?appName=CalPolySpaceManagement2025-1009913&tableName=Facilities&fileName=Facilities_Images%2F025-0%2F025-0%200331-00.Room%20Photo1.204512.jpg&appVersion=1.000082&signature=1a0c4c5e9dd9cd9696e325b81c947d3d9ae39b1ebcd5e9d31a501c091edb4b0f,,,,"Robertson, Mike (CSM-MATH)",
025-0 0330-A0,Faculty Offices East,3,39.04,117502-CSM-Deans Office,780 - General Storage,0,00 Unapplicable,13 Other Academic Space,,https://www.appsheet.com/image/getimageurl?appName=CalPolySpaceManagement2025-1009913&tableName=Facilities&fileName=Facilities_Images%2F025-0%2F025-0%200330-A0.Room%20Photo1.204630.jpg&appVersion=1.000082&signature=a0ada4ad3776193b69b0bb28762d3057af18ea17486404d2fbd20f4e8e0387bb,,,,,
025-0 0309-A0,Faculty Offices East,3,38.9,115400-CSM-Mathematics,315 - Office Service,0,00 Unapplicable,5 Academic Unit Offices,,https://www.appsheet.com/image/getimageurl?appName=CalPolySpaceManagement2025-1009913&tableName=Facilities&fileName=Facilities_Images%2F025-0%2F025-0%200309-A0.Room%20Photo1.193957.jpg&appVersion=1.000082&signature=1dbda04cd74548c739eb06aa370046c618c901c97d23eff56f52dae66ca9be81,,,,,
025-0 0330-00,Faculty Offices East,3,82.12,115400-CSM-Mathematics,310 - Faculty Office,1,04 Dsk/Ch,5 Academic Unit Offices,,https://www.appsheet.com/image/getimageurl?appName=CalPolySpaceManagement2025-1009913&tableName=Facilities&fileName=Facilities_Images%2F025-0%2F025-0%200330-00.Room%20Photo1.204228.jpg&appVersion=1.000082&signature=40193089ce2274237e8e31fa89d4e9517abd19bc9c01aa12667060c30d84a1c0,,,,"Miller, Michael (CSM-MATH)",
025-0 0328-00,Faculty Offices East,3,93.74,115400-CSM-Mathematics,310 - Faculty Office,1,04 Dsk/Ch,5 Academic Unit Offices,,https://www.appsheet.com/image/getimageurl?appName=CalPolySpaceManagement2025-1009913&tableName=Facilities&fileName=Facilities_Images%2F025-0%2F025-0%200328-00.Room%20Photo1.203920.jpg&appVersion=1.000082&signature=4bd2883ca90d31e396a9865c2ed19960a9678073e90a3f665e5dbcb169d0dd76,,,,"Gu, Caixing (CSM-MATH)",
025-0 0327-00,Faculty Offices East,3,93.5,115400-CSM-Mathematics,310 - Faculty Office,1,04 Dsk/Ch,5 Academic Unit Offices,,https://www.appsheet.com/image/getimageurl?appName=CalPolySpaceManagement2025-1009913&tableName=Facilities&fileName=Facilities_Images%2F025-0%2F025-0%200327-00.Room%20Photo1.203833.jpg&appVersion=1.000082&signature=2a14911b127d324b50c432e64db8ae0efd88b8bb463f502b1c305ad444a0e466,,,,"Paquin, Dana (CSM-MATH)",
025-0 0326-00,Faculty Offices East,3,93.24,115400-CSM-Mathematics,310 - Faculty Office,1,04 Dsk/Ch,5 Academic Unit Offices,,https://www.appsheet.com/image/getimageurl?appName=CalPolySpaceManagement2025-1009913&tableName=Facilities&fileName=Facilities_Images%2F025-0%2F025-0%200326-00.Room%20Photo1.203642.jpg&appVersion=1.000082&signature=2220f61c283bef9b2c5cae2ebe1c7637acdf8060b56a43887d56daa4cda8cb70,,,,"Street, Ciera (CSM-MATH)",
025-0 0325-00,Faculty Offices East,3,92.96,115400-CSM-Mathematics,310 - Faculty Office,1,04 Dsk/Ch,5 Academic Unit Offices,,https://www.appsheet.com/image/getimageurl?appName=CalPolySpaceManagement2025-1009913&tableName=Facilities&fileName=Facilities_Images%2F025-0%2F025-0%200325-00.Room%20Photo1.203524.jpg&appVersion=1.000082&signature=ef07a9944e656ed77bb69eba1e4a51b209d56011a6d16351c23fcf3fdbd4f05c,,,,"Bishop, Rebecca (CSM-MATH)",
025-0 0324-00,Faculty Offices East,3,92.65,115400-CSM-Mathematics,310 - Faculty Office,1,04 Dsk/Ch,5 Academic Unit Offices,,https://www.appsheet.com/image/getimageurl?appName=CalPolySpaceManagement2025-1009913&tableName=Facilities&fileName=Facilities_Images%2F025-0%2F025-0%200324-00.Room%20Photo1.203350.jpg&appVersion=1.000082&signature=08fc929f66cdf954cceb5fa400b827941948377033539642fd2627299f2113d7,,,,"Schinck-Mikel, Amelie (CSM-MATH)",
025-0 0323-00,Faculty Offices East,3,105.15,115400-CSM-Mathematics,310 - Faculty Office,1,04 Dsk/Ch,5 Academic Unit Offices,,https://www.appsheet.com/image/getimageurl?appName=CalPolySpaceManagement2025-1009913&tableName=Facilities&fileName=Facilities_Images%2F025-0%2F025-0%200323-00.Room%20Photo1.203132.jpg&appVersion=1.000082&signature=73ab86324c7f520d278d34d21c89f87360ef9794b7accd15360b623f09f62d99,,,,"Gasiorek, Sean (CSM-MATH)",
025-0 0319-00,Faculty Offices East,3,91.29,115400-CSM-Mathematics,310 - Faculty Office,1,04 Dsk/Ch,5 Academic Unit Offices,,https://www.appsheet.com/image/getimageurl?appName=CalPolySpaceManagement2025-1009913&tableName=Facilities&fileName=Facilities_Images%2F025-0%2F025-0%200319-00.Room%20Photo1.195150.jpg&appVersion=1.000082&signature=ccb849d8ab5993eafee4bb402dd3bbe4a17941c6582951d677ee35ea3f55735e,,,,"Goodman, McFeely (CSM-MATH)",
025-0 0316-00,Faculty Offices East,3,83.76,115400-CSM-Mathematics,310 - Faculty Office,1,04 Dsk/Ch,5 Academic Unit Offices,,https://www.appsheet.com/image/getimageurl?appName=CalPolySpaceManagement2025-1009913&tableName=Facilities&fileName=Facilities_Images%2F025-0%2F025-0%200316-00.Room%20Photo1.195045.jpg&appVersion=1.000082&signature=d1d6961ad7bb3c5f1ebc40a3e5527438f248a8d75a28a56216a97c17dcc1bcf7,,,,"Kirk, Colleen (CSM-MATH)",
025-0 0315-00,Faculty Offices East,3,95.27,115400-CSM-Mathematics,310 - Faculty Office,1,04 Dsk/Ch,5 Academic Unit Offices,,https://www.appsheet.com/image/getimageurl?appName=CalPolySpaceManagement2025-1009913&tableName=Facilities&fileName=Facilities_Images%2F025-0%2F025-0%200315-00.Room%20Photo1.194949.jpg&appVersion=1.000082&signature=494dace0358719bc1620d14efd05bcda2b85e91f99cbfece1cedcb9a4bac4dd5,,,,"Chi, Haoyan (CSM-MATH)",
025-0 0314-00,Faculty Offices East,3,95.3,115400-CSM-Mathematics,310 - Faculty Office,1,04 Dsk/Ch,5 Academic Unit Offices,,https://www.appsheet.com/image/getimageurl?appName=CalPolySpaceManagement2025-1009913&tableName=Facilities&fileName=Facilities_Images%2F025-0%2F025-0%200314-00.Room%20Photo1.194630.jpg&appVersion=1.000082&signature=228865d8a3f509775a8eaf28a35f382fa055ebe7dc6f34ecd43a05c64cbba20a,,,,"Retsek, Dylan (CSM-MATH)",
025-0 0313-00,Faculty Offices East,3,95.34,115400-CSM-Mathematics,310 - Faculty Office,1,04 Dsk/Ch,5 Academic Unit Offices,,https://www.appsheet.com/image/getimageurl?appName=CalPolySpaceManagement2025-1009913&tableName=Facilities&fileName=Facilities_Images%2F025-0%2F025-0%200313-00.Room%20Photo1.194448.jpg&appVersion=1.000082&signature=44c5430b9f38dc9cc7d88682ff7c984f454f5b27617f2f25035ebdaad75bb83a,,,,"Choboter, Paul (CSM-MATH)",
025-0 0312-00,Faculty Offices East,3,90.1,115400-CSM-Mathematics,310 - Faculty Office,1,04 Dsk/Ch,5 Academic Unit Offices,,https://www.appsheet.com/image/getimageurl?appName=CalPolySpaceManagement2025-1009913&tableName=Facilities&fileName=Facilities_Images%2F025-0%2F025-0%200312-00.Room%20Photo1.194304.jpg&appVersion=1.000082&signature=ce710e234fd29941bea8f4e71d1b0689307c8ab060e5816a8836233560efd718,,,,"Kaul, Anton (CSM-MATH)",
025-0 0311-00,Faculty Offices East,3,100.68,115400-CSM-Mathematics,310 - Faculty Office,1,04 Dsk/Ch,5 Academic Unit Offices,,https://www.appsheet.com/image/getimageurl?appName=CalPolySpaceManagement2025-1009913&tableName=Facilities&fileName=Facilities_Images%2F025-0%2F025-0%200311-00.Room%20Photo1.194206.jpg&appVersion=1.000082&signature=f25e9930075f429cfd7d074e0bc42feb3293bf8aab6417114637448662a1903b,,,,"Stankus, Mark (CSM-MATH)",
025-0 0329-00,Faculty Offices East,3,93.96,115400-CSM-Mathematics,310 - Faculty Office,1,04 Dsk/Ch,5 Academic Unit Offices,,https://www.appsheet.com/image/getimageurl?appName=CalPolySpaceManagement2025-1009913&tableName=Facilities&fileName=Facilities_Images%2F025-0%2F025-0%200329-00.Room%20Photo1.204131.jpg&appVersion=1.000082&signature=6800c04ab4ec8c7417701f4c4d06724ac635e918fad9e70924b7d73cfab5ab41,,,,"Sherman, Morgan (CSM-MATH)",
025-0 0222-00,Faculty Offices East,2,92.65,115300-CSM-Statistics,310 - Faculty Office,1,04 Dsk/Ch,5 Academic Unit Offices,,,,,,"Sabbag, Anelise (CSM-STAT)",
025-0 0121-00,Faculty Offices East,1,102.2,115300-CSM-Statistics,310 - Faculty Office,1,04 Dsk/Ch,5 Academic Unit Offices,,,,,,"Frame, Samuel (CSM-STAT)",
025-0 0216-00,Faculty Offices East,2,83.76,115300-CSM-Statistics,311 - Staff Office,1,04 Dsk/Ch,5 Academic Unit Offices,Shared with Mike Ion,,,,,"Oksanish, James (CSM-STAT)",
025-0 0125-B0,Faculty Offices East,1,329.5,109400-CSM-Liberal Studies,311 - Staff Office,2,04 Dsk/Ch,5 Academic Unit Offices,,https://www.appsheet.com/image/getimageurl?appName=CalPolySpaceManagement2025-1009913&tableName=Facilities&fileName=Facilities_Images%2F025-0%2F025-0%200125-B0.Room%20Photo1.183917.jpg&appVersion=1.000082&signature=ba0a2e95b4f47c57d139b518fe0bfc7fb2368cd4aed4ffa0cf6f529994ba8143,https://www.appsheet.com/image/getimageurl?appName=CalPolySpaceManagement2025-1009913&tableName=Facilities&fileName=Facilities_Images%2F025-0%2F025-0%200125-B0.Room%20Photo2.184039.jpg&appVersion=1.000082&signature=fae777b2ed9fa665d26fb4fb48f7ee8b10f731463a4d6b4b9da9c09d763d33f4,,,"Gambero, Mia (CSM-LS)",
025-0 0125-A0,Faculty Offices East,1,274.49,109400-CSM-Liberal Studies,315 - Office Service,0,10 Computer Wrkst,5 Academic Unit Offices,,https://www.appsheet.com/image/getimageurl?appName=CalPolySpaceManagement2025-1009913&tableName=Facilities&fileName=Facilities_Images%2F025-0%2F025-0%200125-A0.Room%20Photo1.183811.jpg&appVersion=1.000082&signature=78991f3985dd6dcc3e31029e29ee454e8eecd10fb7e74a73db35d3e32661163c,https://www.appsheet.com/image/getimageurl?appName=CalPolySpaceManagement2025-1009913&tableName=Facilities&fileName=Facilities_Images%2F025-0%2F025-0%200125-A0.Room%20Photo2.183811.jpg&appVersion=1.000082&signature=aec6f99f3290020f595b031778630004066ff200dc9ad8afcb3040fc91918c87,,,,
025-0 0124-00,Faculty Offices East,1,99.36,117508-CSM-Ctr Sci-Math Teacher Educ,310 - Faculty Office,1,04 Dsk/Ch,5 Academic Unit Offices,,https://www.appsheet.com/image/getimageurl?appName=CalPolySpaceManagement2025-1009913&tableName=Facilities&fileName=Facilities_Images%2F025-0%2F025-0%200124-00.Room%20Photo1.183711.jpg&appVersion=1.000082&signature=146f92f7e3d55bbfff0d1c5fbf12569fcddb43809a4188f2aa0db1e1637d61b8,,,,"Frye, Amanda (CSM-LS)",
025-0 0123-00,Faculty Offices East,1,102.2,117508-CSM-Ctr Sci-Math Teacher Educ,310 - Faculty Office,1,04 Dsk/Ch,5 Academic Unit Offices,,https://www.appsheet.com/image/getimageurl?appName=CalPolySpaceManagement2025-1009913&tableName=Facilities&fileName=Facilities_Images%2F025-0%2F025-0%200123-00.Room%20Photo1.183605.jpg&appVersion=1.000082&signature=c356991680c923731ed42483fc02936833037fa9df321b71321b2614eaecab34,,,,"Ojeda, Rosie (CSM-LS)",
025-0 0122-00,Faculty Offices East,1,102.2,115300-CSM-Statistics,310 - Faculty Office,1,04 Dsk/Ch,5 Academic Unit Offices,,,,,,"Holladay, Bret (CSM-STAT)",
025-0 0120-00,Faculty Offices East,1,102.2,117502-CSM-Deans Office,"312 - Admin Office - Dept Head, Lib, Dir, Assoc. Dean",1,04 Dsk/Ch,5 Academic Unit Offices,,,,,,"Bailey, Phil (CSM)",
025-0 0119-00,Faculty Offices East,1,97.76,115300-CSM-Statistics,310 - Faculty Office,1,04 Dsk/Ch,5 Academic Unit Offices,Also shared with Sonja Shuster and Yi-Hui Wang,,,,,"Cheng, Nianpin (CSM-STAT);Grant, Billie-Jo (CSM-STAT)",
025-0 0113-00,Faculty Offices East,1,97.76,115300-CSM-Statistics,310 - Faculty Office,1,04 Dsk/Ch,5 Academic Unit Offices,,,,,,"Williams, Immanuel (CSM-STAT)",
025-0 0112-00,Faculty Offices East,1,102.2,115300-CSM-Statistics,310 - Faculty Office,1,04 Dsk/Ch,5 Academic Unit Offices,,,,,,"Smith, Heather (CSM-STAT)",
025-0 0111-00,Faculty Offices East,1,102.2,115300-CSM-Statistics,310 - Faculty Office,1,04 Dsk/Ch,5 Academic Unit Offices,Lubaba Alim is using the room temporarily while Glanz is out on leave,,,,,"Glanz, Hunter (CSM-STAT)",
025-0 0110-00,Faculty Offices East,1,102.2,115300-CSM-Statistics,310 - Faculty Office,1,04 Dsk/Ch,5 Academic Unit Offices,,,,,,"Sklar, Jeffrey (CSM-STAT)",
025-0 0109-00,Faculty Offices East,1,102.2,115300-CSM-Statistics,310 - Faculty Office,1,04 Dsk/Ch,5 Academic Unit Offices,,,,,,"Rehnberg, Zoe (CSM-STAT)",
025-0 0108-A0,Faculty Offices East,1,41.89,115300-CSM-Statistics,780 - General Storage,0,00 Unapplicable,13 Other Academic Space,,https://www.appsheet.com/image/getimageurl?appName=CalPolySpaceManagement2025-1009913&tableName=Facilities&fileName=Facilities_Images%2F025-0%2F025-0%200108-A0.Room%20Photo1.182940.jpg&appVersion=1.000082&signature=12c57046824f135ec4857485293121fec3babda532be9ff69b610839543a3ed6,,,,,
025-0 0108-00,Faculty Offices East,1,99.36,115300-CSM-Statistics,310 - Faculty Office,1,04 Dsk/Ch,5 Academic Unit Offices,,,,,,"Doi, Jimmy (CSM-STAT)",
025-0 0107-G0,Faculty Offices East,1,110.03,115300-CSM-Statistics,211 - Special Instruction,4,04 Dsk/Ch,5 Academic Unit Offices,,https://www.appsheet.com/image/getimageurl?appName=CalPolySpaceManagement2025-1009913&tableName=Facilities&fileName=Facilities_Images%2F025-0%2F025-0%200107-G0.Room%20Photo1.182740.jpg&appVersion=1.000082&signature=968aa770384c9e634e547ecca2fbbb9790821cdfba9bf9bfeaa58dc1cc528ba0,,,,,
025-0 0107-E0,Faculty Offices East,1,63.38,115300-CSM-Statistics,315 - Office Service,0,00 Unapplicable,5 Academic Unit Offices,,https://www.appsheet.com/image/getimageurl?appName=CalPolySpaceManagement2025-1009913&tableName=Facilities&fileName=Facilities_Images%2F025-0%2F025-0%200107-E0.Room%20Photo1.182335.jpg&appVersion=1.000082&signature=ee6bcb9159c1bc62b9ababd65f6b8823e41eb9942bc219b4a26af183b46d3b2a,,,,,
025-0 0107-D0,Faculty Offices East,1,275.86,115300-CSM-Statistics,311 - Staff Office,1,04 Dsk/Ch,5 Academic Unit Offices,,https://www.appsheet.com/image/getimageurl?appName=CalPolySpaceManagement2025-1009913&tableName=Facilities&fileName=Facilities_Images%2F025-0%2F025-0%200107-D0.Room%20Photo1.182405.jpg&appVersion=1.000082&signature=e61f38bfdfb6028de6307fec36b5380af74db0804e7b3047391cedb72fc2d298,,,,"Montenegro, Marieke (CSM-STAT)",
025-0 0107-C0,Faculty Offices East,1,157.02,115300-CSM-Statistics,"312 - Admin Office - Dept Head, Lib, Dir, Assoc. Dean",1,04 Dsk/Ch,5 Academic Unit Offices,,https://www.appsheet.com/image/getimageurl?appName=CalPolySpaceManagement2025-1009913&tableName=Facilities&fileName=Facilities_Images%2F025-0%2F025-0%200107-C0.Room%20Photo1.181913.jpg&appVersion=1.000082&signature=7841cb447efe65603b10ceccb160492e619bfea49fb353350024900b60608aec,,,,"Schaffner, Andrew (CSM-STAT)",
025-0 0107-B0,Faculty Offices East,1,207.28,115300-CSM-Statistics,220 - Self Instruction Computer Lab,8,10 Computer Wrkst,3 Open Laboratories,,https://www.appsheet.com/image/getimageurl?appName=CalPolySpaceManagement2025-1009913&tableName=Facilities&fileName=Facilities_Images%2F025-0%2F025-0%200107-B0.Room%20Photo1.181820.jpg&appVersion=1.000082&signature=b9cfc123fe68932f8fe342d258b1fd498a54e32e13cc6c9c7e450cc52426f8b7,https://www.appsheet.com/image/getimageurl?appName=CalPolySpaceManagement2025-1009913&tableName=Facilities&fileName=Facilities_Images%2F025-0%2F025-0%200107-B0.Room%20Photo2.181820.jpg&appVersion=1.000082&signature=a68ad1a5fadea9e24361c7023847a598848c8b1f8dbf05ffc63dfc7e6e73d3e5,,,,
025-0 0107-A0,Faculty Offices East,1,96.14,115300-CSM-Statistics,315 - Office Service,0,00 Unapplicable,5 Academic Unit Offices,,https://www.appsheet.com/image/getimageurl?appName=CalPolySpaceManagement2025-1009913&tableName=Facilities&fileName=Facilities_Images%2F025-0%2F025-0%200107-A0.Room%20Photo1.181609.jpg&appVersion=1.000082&signature=b0b301861fbad85e068e880a5647949a3b954af44da20f0a1d8362c6e551a8b5,,,,,
025-0 0106-00,Faculty Offices East,1,105.99,115300-CSM-Statistics,310 - Faculty Office,1,04 Dsk/Ch,5 Academic Unit Offices,,,,,,"Bodwin, Kelly (CSM-STAT)",
025-0 0105-00,Faculty Offices East,1,109.62,115300-CSM-Statistics,310 - Faculty Office,1,04 Dsk/Ch,5 Academic Unit Offices,,,,,,"Theobold, Allison (CSM-STAT)",
025-0 0104-00,Faculty Offices East,1,109.62,115300-CSM-Statistics,310 - Faculty Office,1,04 Dsk/Ch,5 Academic Unit Offices,,,,,,"Roy, Soma (CSM-STAT)",
025-0 0103-00,Faculty Offices East,1,109.62,115300-CSM-Statistics,310 - Faculty Office,1,04 Dsk/Ch,5 Academic Unit Offices,,,,,,"Robinson, Emily (CSM-STAT)",
025-0 0102-00,Faculty Offices East,1,109.62,115300-CSM-Statistics,310 - Faculty Office,1,04 Dsk/Ch,5 Academic Unit Offices,,,,,,"McGaughey, Karen (CSM-STAT)",
025-0 0101-00,Faculty Offices East,1,101.49,115300-CSM-Statistics,310 - Faculty Office,1,04 Dsk/Ch,5 Academic Unit Offices,,,,,,"Carlton, Matt (CSM-STAT)",
025-0 0221-00,Faculty Offices East,2,105.15,115300-CSM-Statistics,310 - Faculty Office,1,04 Dsk/Ch,5 Academic Unit Offices,,https://www.appsheet.com/image/getimageurl?appName=CalPolySpaceManagement2025-1009913&tableName=Facilities&fileName=Facilities_Images%2F025-0%2F025-0%200221-00.Room%20Photo1.192352.jpg&appVersion=1.000082&signature=50b15b6b5c2f0e3c528b19ba16e5f8231ce4475744f8eec8dbb1aeecac4feea3,,,,,
025-0 0125-C0,Faculty Offices East,1,148.84,109400-CSM-Liberal Studies,"312 - Admin Office - Dept Head, Lib, Dir, Assoc. Dean",1,04 Dsk/Ch,5 Academic Unit Offices,,https://www.appsheet.com/image/getimageurl?appName=CalPolySpaceManagement2025-1009913&tableName=Facilities&fileName=Facilities_Images%2F025-0%2F025-0%200125-C0.Room%20Photo1.184134.jpg&appVersion=1.000082&signature=52d8fc0b4175d7f9f84560e3cc2124b67427d087ceec1a90333bf2484183b3a8,,,,"Bush, Seth (CSM-LS)",
025-0 0125-D0,Faculty Offices East,1,290.44,109400-CSM-Liberal Studies,350 - Conference Room,12,01 Tbl/Ch,5 Academic Unit Offices,,https://www.appsheet.com/image/getimageurl?appName=CalPolySpaceManagement2025-1009913&tableName=Facilities&fileName=Facilities_Images%2F025-0%2F025-0%200125-D0.Room%20Photo1.184238.jpg&appVersion=1.000082&signature=30db8336bc75fb67a033b9ac9b211304f0dc297254cf683a0eb068d85c8ef42d,,,,,
025-0 0107-F0,Faculty Offices East,1,224.67,115300-CSM-Statistics,350 - Conference Room,10,01 Tbl/Ch,5 Academic Unit Offices,,https://www.appsheet.com/image/getimageurl?appName=CalPolySpaceManagement2025-1009913&tableName=Facilities&fileName=Facilities_Images%2F025-0%2F025-0%200107-F0.Room%20Photo1.182504.jpg&appVersion=1.000082&signature=a232174d984b0d8de4cfc2ce8f538905971e04b5231490c591282e28c88a1a51,https://www.appsheet.com/image/getimageurl?appName=CalPolySpaceManagement2025-1009913&tableName=Facilities&fileName=Facilities_Images%2F025-0%2F025-0%200107-F0.Room%20Photo2.182504.jpg&appVersion=1.000082&signature=2e6d1ca3eae8408bf9395b5854b1f0f10988bee50d36758c239dba73d3bd558b,,,,
025-0 0126-00,Faculty Offices East,1,105.99,117508-CSM-Ctr Sci-Math Teacher Educ,310 - Faculty Office,1,04 Dsk/Ch,5 Academic Unit Offices,,https://www.appsheet.com/image/getimageurl?appName=CalPolySpaceManagement2025-1009913&tableName=Facilities&fileName=Facilities_Images%2F025-0%2F025-0%200126-00.Room%20Photo1.184520.jpg&appVersion=1.000082&signature=68e0d887a1221f596429ce150642098ce437813258b23b6cc98db899ef49bbc3,,,,"Stauch, Nancy (CSM-LS)",
025-0 0214-00,Faculty Offices East,2,95.3,115300-CSM-Statistics,310 - Faculty Office,1,04 Dsk/Ch,5 Academic Unit Offices,,,,,,"Lund, Ulric (CSM-STAT)",
025-0 0213-00,Faculty Offices East,2,95.34,115300-CSM-Statistics,310 - Faculty Office,1,04 Dsk/Ch,5 Academic Unit Offices,,,,,,"Demirci, Sinem (CSM-STAT)",
025-0 0212-00,Faculty Offices East,2,90.1,115300-CSM-Statistics,310 - Faculty Office,1,04 Dsk/Ch,5 Academic Unit Offices,,,,,,"Schedler, Julia (CSM-STAT)",
025-0 0211-00,Faculty Offices East,2,100.68,115400-CSM-Mathematics,310 - Faculty Office,1,04 Dsk/Ch,5 Academic Unit Offices,Office for Eblen,,,,,,
025-0 0210-00,Faculty Offices East,2,95.44,115400-CSM-Mathematics,310 - Faculty Office,1,04 Dsk/Ch,5 Academic Unit Offices,,,,,,"O'Leary, Mason (CSM-MATH);Voltmer, Kathryn (CSM-MATH)",
025-0 0209-A0,Faculty Offices East,2,38.6,115400-CSM-Mathematics,780 - General Storage,0,00 Unapplicable,13 Other Academic Space,,https://www.appsheet.com/image/getimageurl?appName=CalPolySpaceManagement2025-1009913&tableName=Facilities&fileName=Facilities_Images%2F025-0%2F025-0%200209-A0.Room%20Photo1.192732.jpg&appVersion=1.000082&signature=753df34d91cef98a15a9ec4f129b85061b52d21f77737d632311d75ba5794ae7,,,,,
025-0 0209-00,Faculty Offices East,2,98.67,115400-CSM-Mathematics,310 - Faculty Office,1,00 Unapplicable,5 Academic Unit Offices,,,,,,"Dabkowski, Montserrat (CSM-MATH)",
025-0 0208-F0,Faculty Offices East,2,117.6,115400-CSM-Mathematics,311 - Staff Office,1,04 Dsk/Ch,5 Academic Unit Offices,Sharded with Mape,,,,,"Hahlbeck, Clint (CSM-MATH)",
025-0 0208-E0,Faculty Offices East,2,152.25,115400-CSM-Mathematics,311 - Staff Office,1,04 Dsk/Ch,5 Academic Unit Offices,,,,,,"Thomas, Sabrina (CSM-MATH)",
025-0 0208-DC,Faculty Offices East,2,194.67,115400-CSM-Mathematics,"312 - Admin Office - Dept Head, Lib, Dir, Assoc. Dean",1,04 Dsk/Ch,5 Academic Unit Offices,,,,,,"Richert, Benjamin (CSM-MATH)",
025-0 0208-DB,Faculty Offices East,2,119.61,115400-CSM-Mathematics,311 - Staff Office,1,04 Dsk/Ch,5 Academic Unit Offices,,,,,,"Sunata, Melissa (CSM-MATH)",
025-0 0208-C0,Faculty Offices East,2,157.02,115400-CSM-Mathematics,315 - Office Service,0,00 Unapplicable,5 Academic Unit Offices,,https://www.appsheet.com/image/getimageurl?appName=CalPolySpaceManagement2025-1009913&tableName=Facilities&fileName=Facilities_Images%2F025-0%2F025-0%200208-C0.Room%20Photo1.193147.jpg&appVersion=1.000082&signature=6596276ded95ebd7b94735003915d0eda9a6eed3589769a063300587c74f5d2f,,,,,
025-0 0208-AC,Faculty Offices East,2,81.45,115400-CSM-Mathematics,315 - Office Service,0,00 Unapplicable,5 Academic Unit Offices,,https://www.appsheet.com/image/getimageurl?appName=CalPolySpaceManagement2025-1009913&tableName=Facilities&fileName=Facilities_Images%2F025-0%2F025-0%200208-AC.Room%20Photo1.193115.jpg&appVersion=1.000082&signature=025662ecb0f19bc7225196518f07f76b6532c41c1aa2708f082be4d5613922ff,,,,,
025-0 0208-B0,Faculty Offices East,2,221.3,115400-CSM-Mathematics,350 - Conference Room,20,01 Tbl/Ch,5 Academic Unit Offices,,https://www.appsheet.com/image/getimageurl?appName=CalPolySpaceManagement2025-1009913&tableName=Facilities&fileName=Facilities_Images%2F025-0%2F025-0%200208-B0.Room%20Photo1.192911.jpg&appVersion=1.000082&signature=5a2cc8625246c381a300592423be3dae757672cff630a06a8c2c832bdc3c9b4f,,,,,
025-0 0206-00,Faculty Offices East,2,107.65,115400-CSM-Mathematics,310 - Faculty Office,1,04 Dsk/Ch,5 Academic Unit Offices,Shared with Dakhlia,,,,,"Elwood, Jason (CSM-MATH)",
025-0 0127-00,Faculty Offices East,1,109.62,117508-CSM-Ctr Sci-Math Teacher Educ,310 - Faculty Office,1,04 Dsk/Ch,5 Academic Unit Offices,Crystal Mercado office,https://www.appsheet.com/image/getimageurl?appName=CalPolySpaceManagement2025-1009913&tableName=Facilities&fileName=Facilities_Images%2F025-0%2F025-0%200127-00.Room%20Photo1.184815.jpg&appVersion=1.000082&signature=7b51e50311733d419de7bd94ba98100ceebdce3b55945392905e67f75d4480ea,,,,,
025-0 0128-00,Faculty Offices East,1,109.62,115500-CSM-Physics,310 - Faculty Office,2,04 Dsk/Ch,5 Academic Unit Offices,,,,,,"Fraser, Scott (CSM-PHYS);Lu, Lei (CSM-PHYS)",
025-0 0129-00,Faculty Offices East,1,108.22,115300-CSM-Statistics,310 - Faculty Office,1,04 Dsk/Ch,5 Academic Unit Offices,Vance Larsen is temporarily using the office while Yenigun is on leave,,,,,"Yenigun, Deniz (CSM-STAT)",
025-0 0130-00,Faculty Offices East,1,111.03,115300-CSM-Statistics,310 - Faculty Office,1,04 Dsk/Ch,5 Academic Unit Offices,,,,,,"Dekhtyar, Olga (CSM-STAT)",
025-0 0131-00,Faculty Offices East,1,107.67,109400-CSM-Liberal Studies,310 - Faculty Office,1,04 Dsk/Ch,5 Academic Unit Offices,,https://www.appsheet.com/image/getimageurl?appName=CalPolySpaceManagement2025-1009913&tableName=Facilities&fileName=Facilities_Images%2F025-0%2F025-0%200131-00.Room%20Photo1.184915.jpg&appVersion=1.000082&signature=d1e8bab101385c864c2f0f40b4b4de4fd606138e1473f372a1bc56ab581953ee,,,,"Nation, Jasmine (CSM-LS)",
025-0 0207-00,Faculty Offices East,2,108.24,115300-CSM-Statistics,310 - Faculty Office,1,04 Dsk/Ch,5 Academic Unit Offices,,,,,,"Giron, Frank (CSM-STAT)",
025-0 0215-00,Faculty Offices East,2,95.27,115300-CSM-Statistics,310 - Faculty Office,1,04 Dsk/Ch,5 Academic Unit Offices,,,,,,"Korengel, Felicia (CSM-STAT)",
025-0 0200-00,Faculty Offices East,2,101.64,115400-CSM-Mathematics,310 - Faculty Office,1,04 Dsk/Ch,5 Academic Unit Offices,,,,,,"Nepsa, Zoe (CSM-MATH);McDuff, Mitchell (CSM-MATH)",
025-0 0202-00,Faculty Offices East,2,107.66,115400-CSM-Mathematics,310 - Faculty Office,1,04 Dsk/Ch,5 Academic Unit Offices,,,,,,"Mendes, Anthony (CSM-MATH)",
025-0 0203-00,Faculty Offices East,2,112.95,115400-CSM-Mathematics,310 - Faculty Office,1,04 Dsk/Ch,5 Academic Unit Offices,Cruz office,,,,,,
025-0 0204-00,Faculty Offices East,2,102.36,115400-CSM-Mathematics,310 - Faculty Office,1,04 Dsk/Ch,5 Academic Unit Offices,,,,,,"Lopez, Robert (CSM-MATH)",
025-0 0205-00,Faculty Offices East,2,107.65,115400-CSM-Mathematics,310 - Faculty Office,1,04 Dsk/Ch,5 Academic Unit Offices,,,,,,"Grundmeier, Todd (CSM-MATH)",
025-0 0201-00,Faculty Offices East,2,107.67,115300-CSM-Statistics,310 - Faculty Office,1,04 Dsk/Ch,5 Academic Unit Offices,,,,,,"Mann, Charlotte (CSM-STAT)",
025-0 0125-E0,Faculty Offices East,1,123.1,109400-CSM-Liberal Studies,310 - Faculty Office,1,00 Unapplicable,5 Academic Unit Offices,Shared lecturer space,https://www.appsheet.com/image/getimageurl?appName=CalPolySpaceManagement2025-1009913&tableName=Facilities&fileName=Facilities_Images%2F025-0%2F025-0%200125-E0.Room%20Photo1.184416.jpg&appVersion=1.000082&signature=1b515261326f9de191c904f11cc2a1b08f6d8b53428ecbd559a48c12d0b5e83b,,,,,
228-B 0101-00,Flowing Seawater Facility,1,745.92,117506-CSM-Cntr for Cstal Marine Sci,255 - Research Lab Service,0,00 Unapplicable,4 Research Laboratories,Sea water pump room,https://www.appsheet.com/image/getimageurl?appName=CalPolySpaceManagement2025-1009913&tableName=Facilities&fileName=Facilities_Images%2F228-B%2F228-B%200101-00.Room%20Photo1.192545.jpg&appVersion=1.000082&signature=4a773aced5f4fcaf9174e64348ae97e137903495db2233f1d557f9de1dae862e,https://www.appsheet.com/image/getimageurl?appName=CalPolySpaceManagement2025-1009913&tableName=Facilities&fileName=Facilities_Images%2F228-B%2F228-B%200101-00.Room%20Photo2.192545.jpg&appVersion=1.000082&signature=414329617caa0ad1f5bf3cdcf996a46f86ba0387de6b7758116e5306b690bcfd,https://www.appsheet.com/image/getimageurl?appName=CalPolySpaceManagement2025-1009913&tableName=Facilities&fileName=Facilities_Images%2F228-B%2F228-B%200101-00.Room%20Photo3.192545.jpg&appVersion=1.000082&signature=e64421c1f6502be15fb247c7f4db4d1844e3a34a5e33bf15b816179dac458dc5,https://www.appsheet.com/image/getimageurl?appName=CalPolySpaceManagement2025-1009913&tableName=Facilities&fileName=Facilities_Images%2F228-B%2F228-B%200101-00.Room%20Photo4.192546.jpg&appVersion=1.000082&signature=e53252a082c66ec52f0f0bccf4d6b7c7b8f70f08c65ff5953286a2093e1b47af,,
228-B 0102-00,Flowing Seawater Facility,1,787.67,117506-CSM-Cntr for Cstal Marine Sci,255 - Research Lab Service,0,00 Unapplicable,4 Research Laboratories,Animal tank room,https://www.appsheet.com/image/getimageurl?appName=CalPolySpaceManagement2025-1009913&tableName=Facilities&fileName=Facilities_Images%2F228-B%2F228-B%200102-00.Room%20Photo1.192921.jpg&appVersion=1.000082&signature=1d4dd9c43d1a29188028f81a59f102b6018612820790691c7bc2bdb4ccdca100,https://www.appsheet.com/image/getimageurl?appName=CalPolySpaceManagement2025-1009913&tableName=Facilities&fileName=Facilities_Images%2F228-B%2F228-B%200102-00.Room%20Photo2.192921.jpg&appVersion=1.000082&signature=866cb87fd9899623228cd0df9ef47b76295cdc1530d7797d155ccc0090b84466,https://www.appsheet.com/image/getimageurl?appName=CalPolySpaceManagement2025-1009913&tableName=Facilities&fileName=Facilities_Images%2F228-B%2F228-B%200102-00.Room%20Photo3.192921.jpg&appVersion=1.000082&signature=3fb450397876e7014f04f58dfe58a281e50cac6cb61b81b4e665085694072557,https://www.appsheet.com/image/getimageurl?appName=CalPolySpaceManagement2025-1009913&tableName=Facilities&fileName=Facilities_Images%2F228-B%2F228-B%200102-00.Room%20Photo4.192921.jpg&appVersion=1.000082&signature=bc6eec66ec645db5225820ffcb29f21c95f680a2838d8c96673f1c23532ca629,"Pasulka, Alexis (CSM-BIO);Bockmon, Emily (CSM-CHEM);White, Crow (CSM-BIO);Johnson, Kevin (CSM-BIO);Hardy, Kristin (CSM-BIO);Lema, Sean (CSM-BIO);Ruttenberg, Ben (CSM-BIO)",
026-M 1100-00,Graphic Arts Modular (M063),1,101.75,115400-CSM-Mathematics,310 - Faculty Office,1,04 Dsk/Ch,5 Academic Unit Offices,"Office for Ford, Guptill, Day, Lyle",,,,,,
026-M 1090-00,Graphic Arts Modular (M063),1,104.5,115500-CSM-Physics,310 - Faculty Office,1,04 Dsk/Ch,5 Academic Unit Offices,,,,,,"Moelter, Matt (CSM-PHYS)",
026-M 1080-00,Graphic Arts Modular (M063),1,104.5,115400-CSM-Mathematics,310 - Faculty Office,1,04 Dsk/Ch,5 Academic Unit Offices,"Office for Han, Gracia Sanchez",,,,,,
026-M 1070-00,Graphic Arts Modular (M063),1,104.5,115500-CSM-Physics,310 - Faculty Office,1,04 Dsk/Ch,5 Academic Unit Offices,Office for Crescenzo,,,,,,
116-0 0211-00,Jespersen Hall,2,122.08,117508-CSM-Ctr Sci-Math Teacher Educ,311 - Staff Office,2,04 Dsk/Ch,5 Academic Unit Offices,"Window falls out, rain damage to plaster above window",https://www.appsheet.com/image/getimageurl?appName=CalPolySpaceManagement2025-1009913&tableName=Facilities&fileName=Facilities_Images%2F116-0%2F116-0%200211-00.Room%20Photo1.212828.jpg&appVersion=1.000082&signature=b0d09c817f3ea4036ff8d698fc3079677698cd57c7dc0cde240ea146b09d334f,,,,,
116-0 0212-00,Jespersen Hall,2,162.65,117508-CSM-Ctr Sci-Math Teacher Educ,311 - Staff Office,2,04 Dsk/Ch,5 Academic Unit Offices,,https://www.appsheet.com/image/getimageurl?appName=CalPolySpaceManagement2025-1009913&tableName=Facilities&fileName=Facilities_Images%2F116-0%2F116-0%200212-00.Room%20Photo1.212839.jpg&appVersion=1.000082&signature=3d9eccf5d66d5e23371f683f38c2ef9421c088a830ce915d71a4b9d573e3381c,,,,"Hoellwarth, Chance (CSM-EDUC)",
116-0 0213-00,Jespersen Hall,2,146.59,117508-CSM-Ctr Sci-Math Teacher Educ,310 - Faculty Office,1,04 Dsk/Ch,5 Academic Unit Offices,,https://www.appsheet.com/image/getimageurl?appName=CalPolySpaceManagement2025-1009913&tableName=Facilities&fileName=Facilities_Images%2F116-0%2F116-0%200213-00.Room%20Photo1.212846.jpg&appVersion=1.000082&signature=97c3583fd65be686a786d0416d781587a497dafa4f39de6578aca670e46e8531,,,,"Hoellwarth, Chance (CSM-EDUC)",
043-A 0362-00,Kinesiology,3,144.67,115600-CSM-Kinesiology & Public Hlth,250 - Research Lab,1,04 Dsk/Ch,4 Research Laboratories,,https://www.appsheet.com/image/getimageurl?appName=CalPolySpaceManagement2025-1009913&tableName=Facilities&fileName=Facilities_Images%2F043-A%2F043-A%200362-00.Room%20Photo1.214009.jpg&appVersion=1.000082&signature=4fa513f1ce3b9bf8107b5c847d5b740b92d361decc79a3e0f138a5fe6831a4af,,,,,
043-A 0374-00,Kinesiology,3,139.04,115600-CSM-Kinesiology & Public Hlth,310 - Faculty Office,1,04 Dsk/Ch,5 Academic Unit Offices,,https://www.appsheet.com/image/getimageurl?appName=CalPolySpaceManagement2025-1009913&tableName=Facilities&fileName=Facilities_Images%2F043-A%2F043-A%200374-00.Room%20Photo1.214412.jpg&appVersion=1.000082&signature=7376e08c8a3afabbac61fe5303c0100d40f0109e9c4a17c10d9edcf6b8f43f44,,,,"Phelan, Suzanne (CSM-KINE)",
043-A 0373-00,Kinesiology,3,121.92,115600-CSM-Kinesiology & Public Hlth,310 - Faculty Office,1,04 Dsk/Ch,5 Academic Unit Offices,,https://www.appsheet.com/image/getimageurl?appName=CalPolySpaceManagement2025-1009913&tableName=Facilities&fileName=Facilities_Images%2F043-A%2F043-A%200373-00.Room%20Photo1.214357.jpg&appVersion=1.000082&signature=89f2c192a1d8997f6e7aa78472cb50dcad5dcd799fa23b12887f794eea6c49af,,,,"Clegg, Don (CSM-KINE)",
043-A 0372-00,Kinesiology,3,119.14,115600-CSM-Kinesiology & Public Hlth,310 - Faculty Office,1,04 Dsk/Ch,5 Academic Unit Offices,,https://www.appsheet.com/image/getimageurl?appName=CalPolySpaceManagement2025-1009913&tableName=Facilities&fileName=Facilities_Images%2F043-A%2F043-A%200372-00.Room%20Photo1.214347.jpg&appVersion=1.000082&signature=27c3c36d4a6ff111949908adb18472605374878cf24f6fb88663a3140be151a0,,,,"Hackman, Christine (Campus Health & Wellbeing);Hackman, Christine (CSM-KINE)",
043-A 0371-00,Kinesiology,3,121.92,115600-CSM-Kinesiology & Public Hlth,310 - Faculty Office,1,04 Dsk/Ch,5 Academic Unit Offices,,https://www.appsheet.com/image/getimageurl?appName=CalPolySpaceManagement2025-1009913&tableName=Facilities&fileName=Facilities_Images%2F043-A%2F043-A%200371-00.Room%20Photo1.214336.jpg&appVersion=1.000082&signature=9914c31224d07ac5d8d9b1adada323dcdcf6c1ce44551125a164566b53e4e774,,,,"Ventura, Alison (CSM-KINE)",
043-A 0370-00,Kinesiology,3,121.92,115600-CSM-Kinesiology & Public Hlth,310 - Faculty Office,1,04 Dsk/Ch,5 Academic Unit Offices,,https://www.appsheet.com/image/getimageurl?appName=CalPolySpaceManagement2025-1009913&tableName=Facilities&fileName=Facilities_Images%2F043-A%2F043-A%200370-00.Room%20Photo1.214316.jpg&appVersion=1.000082&signature=66f509b467a22d78b854ca9b51dcf8b37900d3ada11c1f496f0ecdc7bb2ca61b,,,,"Keadle, Sarah (CSM-KINE)",
043-A 0367-00,Kinesiology,3,122.99,115600-CSM-Kinesiology & Public Hlth,310 - Faculty Office,1,04 Dsk/Ch,5 Academic Unit Offices,,https://www.appsheet.com/image/getimageurl?appName=CalPolySpaceManagement2025-1009913&tableName=Facilities&fileName=Facilities_Images%2F043-A%2F043-A%200367-00.Room%20Photo1.214143.jpg&appVersion=1.000082&signature=3d4b438757971b840b67159cac970cc9b00bd515efae30824f2d9252d622b099,,,,"Alber, Julia (CSM-KINE)",
043-A 0368-00,Kinesiology,3,106.38,115600-CSM-Kinesiology & Public Hlth,310 - Faculty Office,1,04 Dsk/Ch,5 Academic Unit Offices,,https://www.appsheet.com/image/getimageurl?appName=CalPolySpaceManagement2025-1009913&tableName=Facilities&fileName=Facilities_Images%2F043-A%2F043-A%200368-00.Room%20Photo1.214150.jpg&appVersion=1.000082&signature=0b0cd9564c7f0a40d8c77b3a1a72359384a794dadb52f6c7f871d40f187d7b84,,,,"Nelson, Christine (CSM-KINE)",
043-A 0366-00,Kinesiology,3,118.63,115600-CSM-Kinesiology & Public Hlth,310 - Faculty Office,1,04 Dsk/Ch,5 Academic Unit Offices,,https://www.appsheet.com/image/getimageurl?appName=CalPolySpaceManagement2025-1009913&tableName=Facilities&fileName=Facilities_Images%2F043-A%2F043-A%200366-00.Room%20Photo1.214133.jpg&appVersion=1.000082&signature=6bb974312086bcb4f0d7e44e81c4a693c7f0138b1fd292a99462cfec4c1d12b5,,,,"Hagobian, Nicole (CSM-KINE)",
043-A 0365-00,Kinesiology,3,144.67,115600-CSM-Kinesiology & Public Hlth,310 - Faculty Office,1,04 Dsk/Ch,5 Academic Unit Offices,,https://www.appsheet.com/image/getimageurl?appName=CalPolySpaceManagement2025-1009913&tableName=Facilities&fileName=Facilities_Images%2F043-A%2F043-A%200365-00.Room%20Photo1.214118.jpg&appVersion=1.000082&signature=1726572bde3ad751d2eaf265fb941f54611379fb66ad0a9083b444abbbfc6ad3,,,,"Maurice, Stefanee (CSM-KINE)",
043-A 0364-00,Kinesiology,3,118.89,115600-CSM-Kinesiology & Public Hlth,310 - Faculty Office,1,04 Dsk/Ch,5 Academic Unit Offices,,https://www.appsheet.com/image/getimageurl?appName=CalPolySpaceManagement2025-1009913&tableName=Facilities&fileName=Facilities_Images%2F043-A%2F043-A%200364-00.Room%20Photo1.214110.jpg&appVersion=1.000082&signature=f62cc3b7599843804151787f6d37522b83776803a033edde3e66a99eac1a44ed,,,,"Clark, Robert (CSM-KINE)",
043-A 0363-00,Kinesiology,3,118.89,115600-CSM-Kinesiology & Public Hlth,310 - Faculty Office,1,04 Dsk/Ch,5 Academic Unit Offices,,https://www.appsheet.com/image/getimageurl?appName=CalPolySpaceManagement2025-1009913&tableName=Facilities&fileName=Facilities_Images%2F043-A%2F043-A%200363-00.Room%20Photo1.214000.jpg&appVersion=1.000082&signature=d6cf1ebaaa889031d87833b905168ee32433f2d7d189507ca8e5161f55bb9555,,,,"Avrit, Darren (CSM-KINE)",
043-A 0369-00,Kinesiology,3,126.46,115600-CSM-Kinesiology & Public Hlth,310 - Faculty Office,1,04 Dsk/Ch,5 Academic Unit Offices,,https://www.appsheet.com/image/getimageurl?appName=CalPolySpaceManagement2025-1009913&tableName=Facilities&fileName=Facilities_Images%2F043-A%2F043-A%200369-00.Room%20Photo1.214301.jpg&appVersion=1.000082&signature=b4db6bd37264e778f5503d27bde34937106b4c71fa19a3f9d84673f90178f711,,,,"Greever, Cory (CSM-KINE)",
043-A 0375-00,Kinesiology,3,154.38,115600-CSM-Kinesiology & Public Hlth,310 - Faculty Office,2,04 Dsk/Ch,5 Academic Unit Offices,,https://www.appsheet.com/image/getimageurl?appName=CalPolySpaceManagement2025-1009913&tableName=Facilities&fileName=Facilities_Images%2F043-A%2F043-A%200375-00.Room%20Photo1.214424.jpg&appVersion=1.000082&signature=879ab87bc37b2e95cf53ad96cbd8bbb3c4a9ee505f65332edc019857f4c4be1e,,,,,
043-A 0451-00,Kinesiology,4,319.46,115600-CSM-Kinesiology & Public Hlth,250 - Research Lab,6,10 Computer Wrkst,4 Research Laboratories,,https://www.appsheet.com/image/getimageurl?appName=CalPolySpaceManagement2025-1009913&tableName=Facilities&fileName=Facilities_Images%2F043-A%2F043-A%200451-00.Room%20Photo1.213141.jpg&appVersion=1.000082&signature=8372923e9cb208bc3762f5bbfa32f753e5cc15f8be3945cf674c73fe12f5ffaf,https://www.appsheet.com/image/getimageurl?appName=CalPolySpaceManagement2025-1009913&tableName=Facilities&fileName=Facilities_Images%2F043-A%2F043-A%200451-00.Room%20Photo2.213141.jpg&appVersion=1.000082&signature=e66997201c54ee2eb0a872554dee3fb1d637840f6810e4020d0de99c2d3ecf43,,,"Ventura, Alison (CSM-KINE)",
043-A 0452-00,Kinesiology,4,111.89,115600-CSM-Kinesiology & Public Hlth,315 - Office Service,0,00 Unapplicable,5 Academic Unit Offices,,https://www.appsheet.com/image/getimageurl?appName=CalPolySpaceManagement2025-1009913&tableName=Facilities&fileName=Facilities_Images%2F043-A%2F043-A%200452-00.Room%20Photo1.213952.jpg&appVersion=1.000082&signature=8b17063a83c3e3083629faa431385b3b2f3408bac837d8a82371daed6130d5d7,,,,,
043-A 0453-00,Kinesiology,4,193.67,115600-CSM-Kinesiology & Public Hlth,350 - Conference Room,9,04 Dsk/Ch,5 Academic Unit Offices,,https://www.appsheet.com/image/getimageurl?appName=CalPolySpaceManagement2025-1009913&tableName=Facilities&fileName=Facilities_Images%2F043-A%2F043-A%200453-00.Room%20Photo1.213945.jpg&appVersion=1.000082&signature=296224b9cb25f3253a9a17029e21d1e10b5702553a2fd6f63e861cb0c701d9ce,,,,,
043-A 0454-00,Kinesiology,4,133.72,115600-CSM-Kinesiology & Public Hlth,250 - Research Lab,1,01 Tbl/Ch,4 Research Laboratories,Erika Meza research lab,https://www.appsheet.com/image/getimageurl?appName=CalPolySpaceManagement2025-1009913&tableName=Facilities&fileName=Facilities_Images%2F043-A%2F043-A%200454-00.Room%20Photo1.213149.jpg&appVersion=1.000082&signature=315b2f54289b77f3515d9e0d400cfed638983079880c87e3ef61802bcc57120c,,,,,
043-A 0455-00,Kinesiology,4,98.4,115600-CSM-Kinesiology & Public Hlth,311 - Staff Office,1,04 Dsk/Ch,5 Academic Unit Offices,,https://www.appsheet.com/image/getimageurl?appName=CalPolySpaceManagement2025-1009913&tableName=Facilities&fileName=Facilities_Images%2F043-A%2F043-A%200455-00.Room%20Photo1.213322.jpg&appVersion=1.000082&signature=0c4e8ffc6a207d2f3aefdb4686f97a3255021de953e20fdfea2034baa53ed212,,,,"Marino, Angela (CSM-KINE)",
043-A 0458-E0,Kinesiology,4,135.49,115600-CSM-Kinesiology & Public Hlth,"312 - Admin Office - Dept Head, Lib, Dir, Assoc. Dean",1,04 Dsk/Ch,5 Academic Unit Offices,,https://www.appsheet.com/image/getimageurl?appName=CalPolySpaceManagement2025-1009913&tableName=Facilities&fileName=Facilities_Images%2F043-A%2F043-A%200458-E0.Room%20Photo1.213252.jpg&appVersion=1.000082&signature=1899be059975b922d6edc95df491493a05dda6d4a294e4742ca5ebe6fd035a61,,,,"Hagobian, Todd (CSM-KINE)",
043-A 0456-00,Kinesiology,4,88.47,115600-CSM-Kinesiology & Public Hlth,311 - Staff Office,2,04 Dsk/Ch,5 Academic Unit Offices,Office Cristina Macedo,https://www.appsheet.com/image/getimageurl?appName=CalPolySpaceManagement2025-1009913&tableName=Facilities&fileName=Facilities_Images%2F043-A%2F043-A%200456-00.Room%20Photo1.213208.jpg&appVersion=1.000082&signature=5ca284c91c3f1a821a46fe89a1aea14345427be2a419bfd2cfa5a277a0e8a1f8,,,,,
043-A 0457-00,Kinesiology,4,98.4,115600-CSM-Kinesiology & Public Hlth,311 - Staff Office,1,00 Unapplicable,5 Academic Unit Offices,,https://www.appsheet.com/image/getimageurl?appName=CalPolySpaceManagement2025-1009913&tableName=Facilities&fileName=Facilities_Images%2F043-A%2F043-A%200457-00.Room%20Photo1.213313.jpg&appVersion=1.000082&signature=a08172f2a6fa9b01231100bdd52421011bb64ba7d7a969c29d3c1234baf3d682,,,,"Allred, Sarah (CSM-KINE)",
043-A 0458-00,Kinesiology,4,265.5,115600-CSM-Kinesiology & Public Hlth,315 - Office Service,2,08 Furn,5 Academic Unit Offices,,https://www.appsheet.com/image/getimageurl?appName=CalPolySpaceManagement2025-1009913&tableName=Facilities&fileName=Facilities_Images%2F043-A%2F043-A%200458-00.Room%20Photo1.213302.jpg&appVersion=1.000082&signature=ff3f1b23109cae473732ab3ebb4f53e3d67f9d5e270fe146c638f17d069c033a,,,,,
043-A 0458-A0,Kinesiology,4,379.23,115600-CSM-Kinesiology & Public Hlth,350 - Conference Room,14,01 Tbl/Ch,5 Academic Unit Offices,,https://www.appsheet.com/image/getimageurl?appName=CalPolySpaceManagement2025-1009913&tableName=Facilities&fileName=Facilities_Images%2F043-A%2F043-A%200458-A0.Room%20Photo1.213220.jpg&appVersion=1.000082&signature=fb995fd1ba847d4481c0b7ad8e1f35d31bed9e04263273a56a274a5c2c6658cb,,,,,
043-A 0458-B0,Kinesiology,4,74.65,115600-CSM-Kinesiology & Public Hlth,311 - Staff Office,1,04 Dsk/Ch,5 Academic Unit Offices,,https://www.appsheet.com/image/getimageurl?appName=CalPolySpaceManagement2025-1009913&tableName=Facilities&fileName=Facilities_Images%2F043-A%2F043-A%200458-B0.Room%20Photo1.213230.jpg&appVersion=1.000082&signature=753e67af4a82a93b775c4262ea7640440f898c5d44d07616574e4caaf36e0186,,,,"Kelly, Emily (CSM-KINE)",
043-A 0458-C0,Kinesiology,4,66.13,115600-CSM-Kinesiology & Public Hlth,311 - Staff Office,1,04 Dsk/Ch,5 Academic Unit Offices,,https://www.appsheet.com/image/getimageurl?appName=CalPolySpaceManagement2025-1009913&tableName=Facilities&fileName=Facilities_Images%2F043-A%2F043-A%200458-C0.Room%20Photo1.213236.jpg&appVersion=1.000082&signature=74887b563373a50c1b6f33019b75b7a16139963fd66b3a09bb647d5c895aaa2a,,,,"Benson, Eric (CSM-KINE)",
043-A 0458-D0,Kinesiology,4,97.17,115600-CSM-Kinesiology & Public Hlth,311 - Staff Office,1,04 Dsk/Ch,5 Academic Unit Offices,,https://www.appsheet.com/image/getimageurl?appName=CalPolySpaceManagement2025-1009913&tableName=Facilities&fileName=Facilities_Images%2F043-A%2F043-A%200458-D0.Room%20Photo1.213244.jpg&appVersion=1.000082&signature=e7c7419fd81e52f483947125c9ceb6938b2bc56615173b195ba85500ec174e7e,,,,"Jones, Julia (CSM-KINE)",
043-A 0376-00,Kinesiology,3,138.86,115600-CSM-Kinesiology & Public Hlth,310 - Faculty Office,1,04 Dsk/Ch,5 Academic Unit Offices,,https://www.appsheet.com/image/getimageurl?appName=CalPolySpaceManagement2025-1009913&tableName=Facilities&fileName=Facilities_Images%2F043-A%2F043-A%200376-00.Room%20Photo1.214431.jpg&appVersion=1.000082&signature=b779416b55a590a3c0f2ff91e6f46d6770d90e2123ffb1c389d3a3a3095f5f3f,,,,"Thomas, Jafra (CSM-KINE)",
043-A 0361-00,Kinesiology,3,118.62,115600-CSM-Kinesiology & Public Hlth,315 - Office Service,0,04 Dsk/Ch,5 Academic Unit Offices,,https://www.appsheet.com/image/getimageurl?appName=CalPolySpaceManagement2025-1009913&tableName=Facilities&fileName=Facilities_Images%2F043-A%2F043-A%200361-00.Room%20Photo1.214024.jpg&appVersion=1.000082&signature=140d011adf4a3dee4036872d7e12b4311e030c7d973f9c1a4a3455264ad0838a,,,,,
043-A 0156-00,Kinesiology,1,163.33,115600-CSM-Kinesiology & Public Hlth,250 - Research Lab,0,00 Unapplicable,4 Research Laboratories,,https://www.appsheet.com/image/getimageurl?appName=CalPolySpaceManagement2025-1009913&tableName=Facilities&fileName=Facilities_Images%2F043-A%2F043-A%200156-00.Room%20Photo1.212951.jpg&appVersion=1.000082&signature=b25cf5044939508c4c82c3f96a9914f5362b95825e555a50a4d04aa91d9e0457,,,,"Clark, Robert (CSM-KINE)",
043-A 0359-00,Kinesiology,3,106.38,115600-CSM-Kinesiology & Public Hlth,310 - Faculty Office,2,04 Dsk/Ch,5 Academic Unit Offices,,https://www.appsheet.com/image/getimageurl?appName=CalPolySpaceManagement2025-1009913&tableName=Facilities&fileName=Facilities_Images%2F043-A%2F043-A%200359-00.Room%20Photo1.214041.jpg&appVersion=1.000082&signature=8211368514de62b4b9a7fddcfaac8a8b9b23b8c00aeac54461f56115cbafe439,,,,"Sorensen, Ena (CSM-KINE);Streder, KT (CSM-KINE)",
043-A 0360-00,Kinesiology,3,122.99,115600-CSM-Kinesiology & Public Hlth,310 - Faculty Office,4,04 Dsk/Ch,5 Academic Unit Offices,Office for Selene Tobin,https://www.appsheet.com/image/getimageurl?appName=CalPolySpaceManagement2025-1009913&tableName=Facilities&fileName=Facilities_Images%2F043-A%2F043-A%200360-00.Room%20Photo1.214032.jpg&appVersion=1.000082&signature=91a98007b04c3fbe201fff32d752a56c36a3d320f1d96b1ee330c65205351f98,,,,,
043-A 0151-00,Kinesiology,1,273.33,115600-CSM-Kinesiology & Public Hlth,250 - Research Lab,0,00 Unapplicable,4 Research Laboratories,Selene Tobin lab,https://www.appsheet.com/image/getimageurl?appName=CalPolySpaceManagement2025-1009913&tableName=Facilities&fileName=Facilities_Images%2F043-A%2F043-A%200151-00.Room%20Photo1.212854.jpg&appVersion=1.000082&signature=6e022b7d01adee069863895332368244af61da81e674747c15854585c6b4918e,,,,,
043-A 0151-A0,Kinesiology,1,133.72,115600-CSM-Kinesiology & Public Hlth,250 - Research Lab,0,00 Unapplicable,4 Research Laboratories,Selene Tobin lab,https://www.appsheet.com/image/getimageurl?appName=CalPolySpaceManagement2025-1009913&tableName=Facilities&fileName=Facilities_Images%2F043-A%2F043-A%200151-A0.Room%20Photo1.212902.jpg&appVersion=1.000082&signature=decc84d9622260797bc9e7ce6091136b5d2c3199da95d73aad6506a85fab0c63,,,,,
043-A 0151-B0,Kinesiology,1,120,115600-CSM-Kinesiology & Public Hlth,250 - Research Lab,0,00 Unapplicable,4 Research Laboratories,Selene Tobin research lab,https://www.appsheet.com/image/getimageurl?appName=CalPolySpaceManagement2025-1009913&tableName=Facilities&fileName=Facilities_Images%2F043-A%2F043-A%200151-B0.Room%20Photo1.212909.jpg&appVersion=1.000082&signature=1bcdcf1355b26609e900a2a91bf55f3996eda7e623951d5767577cd07c700696,,,,,
043-A 0153-00,Kinesiology,1,26,115600-CSM-Kinesiology & Public Hlth,935 - Storage Closet,0,00 Unapplicable,2 Class Laboratories,,https://www.appsheet.com/image/getimageurl?appName=CalPolySpaceManagement2025-1009913&tableName=Facilities&fileName=Facilities_Images%2F043-A%2F043-A%200153-00.Room%20Photo1.212920.jpg&appVersion=1.000082&signature=7f38c2a9b4f4f010cf8afe6fcc1ab496fbf22456adfd069563b0db7c21d3e550,,,,,
043-A 0154-00,Kinesiology,1,156.75,115600-CSM-Kinesiology & Public Hlth,215 - Teaching Lab Service,0,00 Unapplicable,2 Class Laboratories,,https://www.appsheet.com/image/getimageurl?appName=CalPolySpaceManagement2025-1009913&tableName=Facilities&fileName=Facilities_Images%2F043-A%2F043-A%200154-00.Room%20Photo1.212935.jpg&appVersion=1.000082&signature=c0dffd89d14df82413621a503fca9b48998c363aed6128dc93a799bcb6aa385b,,,,,
043-A 0155-00,Kinesiology,1,203,115600-CSM-Kinesiology & Public Hlth,720 - Equip Maintenance/Repair Shop,1,00 Unapplicable,13 Other Academic Space,,https://www.appsheet.com/image/getimageurl?appName=CalPolySpaceManagement2025-1009913&tableName=Facilities&fileName=Facilities_Images%2F043-A%2F043-A%200155-00.Room%20Photo1.212943.jpg&appVersion=1.000082&signature=1243598bb3871580e9a26949088a59b5fe3c10447368839eb1200e90f7f755b5,,,,"Benson, Eric (CSM-KINE)",
043-A 0250-00,Kinesiology,2,682.2,115600-CSM-Kinesiology & Public Hlth,210 - Teaching Lab,24,00 Unapplicable,2 Class Laboratories,,https://www.appsheet.com/image/getimageurl?appName=CalPolySpaceManagement2025-1009913&tableName=Facilities&fileName=Facilities_Images%2F043-A%2F043-A%200250-00.Room%20Photo1.174917.jpg&appVersion=1.000082&signature=41af58107eb8c9a98f51989a8c8e0550b563ea320b330eb035cd2d68b7045c25,,,,,
043-A 0251-00,Kinesiology,2,253.62,115600-CSM-Kinesiology & Public Hlth,211 - Special Instruction,0,00 Unapplicable,3 Open Laboratories,,https://www.appsheet.com/image/getimageurl?appName=CalPolySpaceManagement2025-1009913&tableName=Facilities&fileName=Facilities_Images%2F043-A%2F043-A%200251-00.Room%20Photo1.175253.jpg&appVersion=1.000082&signature=249597d3cdb9ef6a17641f0f9783e2f3083068b12bdc2b799281a8c992e5367e,,,,,
043-A 0252-00,Kinesiology,2,275.87,115600-CSM-Kinesiology & Public Hlth,211 - Special Instruction,0,00 Unapplicable,3 Open Laboratories,,https://www.appsheet.com/image/getimageurl?appName=CalPolySpaceManagement2025-1009913&tableName=Facilities&fileName=Facilities_Images%2F043-A%2F043-A%200252-00.Room%20Photo1.175324.jpg&appVersion=1.000082&signature=b7c65756f10e3405d3538105a7f65c8e793ab8a02aff090b4c482c4510c9cbeb,,,,,
043-A 0253-00,Kinesiology,2,262.12,115600-CSM-Kinesiology & Public Hlth,211 - Special Instruction,0,00 Unapplicable,3 Open Laboratories,,https://www.appsheet.com/image/getimageurl?appName=CalPolySpaceManagement2025-1009913&tableName=Facilities&fileName=Facilities_Images%2F043-A%2F043-A%200253-00.Room%20Photo1.175353.jpg&appVersion=1.000082&signature=4e8d76f95e1ac7cf6d5d19917bc911597f17a109f5a0dd13b436257b6fdc9a82,,,,,
043-A 0254-00,Kinesiology,2,116.96,115600-CSM-Kinesiology & Public Hlth,211 - Special Instruction,0,00 Unapplicable,3 Open Laboratories,,https://www.appsheet.com/image/getimageurl?appName=CalPolySpaceManagement2025-1009913&tableName=Facilities&fileName=Facilities_Images%2F043-A%2F043-A%200254-00.Room%20Photo1.212959.jpg&appVersion=1.000082&signature=a73423a29ea0dfbe440c696252a40f14ae6669808f6a69a15d926cc4d9ea4276,,,,"Hagobian, Todd (CSM-KINE)",
043-A 0255-00,Kinesiology,2,119.54,115600-CSM-Kinesiology & Public Hlth,250 - Research Lab,0,00 Unapplicable,4 Research Laboratories,,https://www.appsheet.com/image/getimageurl?appName=CalPolySpaceManagement2025-1009913&tableName=Facilities&fileName=Facilities_Images%2F043-A%2F043-A%200255-00.Room%20Photo1.213011.jpg&appVersion=1.000082&signature=7ee0d6c960f8283436f102f4b6218ab49899d97bb002b00e9a83a7a2727d27bf,,,,,
043-A 0150-00,Kinesiology,1,"4,112.22",115600-CSM-Kinesiology & Public Hlth,210 - Teaching Lab,40,09 Other,2 Class Laboratories,,https://www.appsheet.com/image/getimageurl?appName=CalPolySpaceManagement2025-1009913&tableName=Facilities&fileName=Facilities_Images%2F043-A%2F043-A%200150-00.Room%20Photo1.174758.jpg&appVersion=1.000082&signature=e99990dfc2a03cae462ddd0c918a39d8c9aebd125153fd4f272bf294368b26f9,https://www.appsheet.com/image/getimageurl?appName=CalPolySpaceManagement2025-1009913&tableName=Facilities&fileName=Facilities_Images%2F043-A%2F043-A%200150-00.Room%20Photo2.174758.jpg&appVersion=1.000082&signature=938c678628b1febc9653b717652c81c5c8152c2f53e22fb5643afcc95d8e31fe,https://www.appsheet.com/image/getimageurl?appName=CalPolySpaceManagement2025-1009913&tableName=Facilities&fileName=Facilities_Images%2F043-A%2F043-A%200150-00.Room%20Photo3.174758.jpg&appVersion=1.000082&signature=30472fd9331d40b1189333343ea8fdd9eaa96269f5658837ca30d6431d821f83,,,
043-A 0257-00,Kinesiology,2,162.54,115600-CSM-Kinesiology & Public Hlth,211 - Special Instruction,0,00 Unapplicable,3 Open Laboratories,,https://www.appsheet.com/image/getimageurl?appName=CalPolySpaceManagement2025-1009913&tableName=Facilities&fileName=Facilities_Images%2F043-A%2F043-A%200257-00.Room%20Photo1.213026.jpg&appVersion=1.000082&signature=081401fb4cd0301248dae1f3169822fc51bcd40cc32bc519d8e0bad46897414b,https://www.appsheet.com/image/getimageurl?appName=CalPolySpaceManagement2025-1009913&tableName=Facilities&fileName=Facilities_Images%2F043-A%2F043-A%200257-00.Room%20Photo2.213026.jpg&appVersion=1.000082&signature=734586094f454881ed4786df277bd9689adb7ea3f36a6eaef77b6e6e28f3ffde,,,,
043-A 0358-00,Kinesiology,3,126.46,115600-CSM-Kinesiology & Public Hlth,250 - Research Lab,1,04 Dsk/Ch,4 Research Laboratories,Office for Erika Meza,https://www.appsheet.com/image/getimageurl?appName=CalPolySpaceManagement2025-1009913&tableName=Facilities&fileName=Facilities_Images%2F043-A%2F043-A%200358-00.Room%20Photo1.214051.jpg&appVersion=1.000082&signature=61d35a475c4ae5be9c6102ad7ee3d240b3b2e7746d6488555cf491d5ff47e468,,,,,
043-A 0357-00,Kinesiology,3,121.92,115600-CSM-Kinesiology & Public Hlth,310 - Faculty Office,1,04 Dsk/Ch,5 Academic Unit Offices,,https://www.appsheet.com/image/getimageurl?appName=CalPolySpaceManagement2025-1009913&tableName=Facilities&fileName=Facilities_Images%2F043-A%2F043-A%200357-00.Room%20Photo1.213133.jpg&appVersion=1.000082&signature=ff9b35b31ec7bcce92ae3c9ee235bece7025f4eafdb3e545d60684275c4a8fb5,,,,"Seal, Adam (CSM-KINE)",
043-A 0356-00,Kinesiology,3,121.92,115600-CSM-Kinesiology & Public Hlth,310 - Faculty Office,2,04 Dsk/Ch,5 Academic Unit Offices,,https://www.appsheet.com/image/getimageurl?appName=CalPolySpaceManagement2025-1009913&tableName=Facilities&fileName=Facilities_Images%2F043-A%2F043-A%200356-00.Room%20Photo1.213124.jpg&appVersion=1.000082&signature=e1342fe51d12da0ae59493ce7864420c8369bdf4a6497f65a4f4e0040d1a5a27,,,,"Lent, Adrienne (CSM-KINE)",
043-A 0354-00,Kinesiology,3,121.92,115600-CSM-Kinesiology & Public Hlth,310 - Faculty Office,1,04 Dsk/Ch,5 Academic Unit Offices,,https://www.appsheet.com/image/getimageurl?appName=CalPolySpaceManagement2025-1009913&tableName=Facilities&fileName=Facilities_Images%2F043-A%2F043-A%200354-00.Room%20Photo1.213109.jpg&appVersion=1.000082&signature=d895d1f8859f536d4fddbcc430a9c6dd18083fd56b32854b0740483e9c6e7cdf,,,,"Roberts, Joni (Campus Health & Wellbeing);Roberts, Joni (CSM-KINE)",
043-A 0353-00,Kinesiology,3,139.04,115600-CSM-Kinesiology & Public Hlth,310 - Faculty Office,1,04 Dsk/Ch,5 Academic Unit Offices,,https://www.appsheet.com/image/getimageurl?appName=CalPolySpaceManagement2025-1009913&tableName=Facilities&fileName=Facilities_Images%2F043-A%2F043-A%200353-00.Room%20Photo1.213101.jpg&appVersion=1.000082&signature=68d51566305395b376e52334d66572f28973cff43e299a6287b58cfc2e9210b0,,,,"Davis, Steve (CSM-KINE)",
043-A 0355-00,Kinesiology,3,119.14,115600-CSM-Kinesiology & Public Hlth,310 - Faculty Office,2,04 Dsk/Ch,5 Academic Unit Offices,,https://www.appsheet.com/image/getimageurl?appName=CalPolySpaceManagement2025-1009913&tableName=Facilities&fileName=Facilities_Images%2F043-A%2F043-A%200355-00.Room%20Photo1.213117.jpg&appVersion=1.000082&signature=ff551dba9064c2596dfbcd0c4f6e2daae017cb987ec9d4b811927dc883e0a1f5,,,,"Escobedo, Krysti (CSM-KINE);O'Hara, Christie (CSM-KINE)",
043-A 0351-00,Kinesiology,3,138.86,115600-CSM-Kinesiology & Public Hlth,310 - Faculty Office,1,04 Dsk/Ch,5 Academic Unit Offices,,https://www.appsheet.com/image/getimageurl?appName=CalPolySpaceManagement2025-1009913&tableName=Facilities&fileName=Facilities_Images%2F043-A%2F043-A%200351-00.Room%20Photo1.213043.jpg&appVersion=1.000082&signature=ca3031c4b209dad9bfd661082caad690fe9806e76520a89bc2f5077e8a6e61e5,,,,"Tseng, Marilyn (CSM-KINE)",
043-A 0261-00,Kinesiology,2,838.33,115600-CSM-Kinesiology & Public Hlth,213 - Department Lab,30,10 Computer Wrkst,2 Class Laboratories,,https://www.appsheet.com/image/getimageurl?appName=CalPolySpaceManagement2025-1009913&tableName=Facilities&fileName=Facilities_Images%2F043-A%2F043-A%200261-00.Room%20Photo1.175010.jpg&appVersion=1.000082&signature=8d39f891d722f2880fc2a1ba68dc23f3951ca724d2a5d4d5a6308d988c5de14c,https://www.appsheet.com/image/getimageurl?appName=CalPolySpaceManagement2025-1009913&tableName=Facilities&fileName=Facilities_Images%2F043-A%2F043-A%200261-00.Room%20Photo2.175010.jpg&appVersion=1.000082&signature=ab5f9a652cb49fc6c8bd5e576cb9dd71577844299a995da843d03c4d56842233,,,,
043-A 0260-00,Kinesiology,2,592.17,115600-CSM-Kinesiology & Public Hlth,211 - Special Instruction,0,00 Unapplicable,3 Open Laboratories,,https://www.appsheet.com/image/getimageurl?appName=CalPolySpaceManagement2025-1009913&tableName=Facilities&fileName=Facilities_Images%2F043-A%2F043-A%200260-00.Room%20Photo1.175108.jpg&appVersion=1.000082&signature=5ee7c8a0c7efaf2a9ad08ae025ba465fe86998c128f7cf6af4f2095e4e8ada1f,,,,,
043-A 0259-00,Kinesiology,2,593.92,115600-CSM-Kinesiology & Public Hlth,211 - Special Instruction,0,00 Unapplicable,3 Open Laboratories,,https://www.appsheet.com/image/getimageurl?appName=CalPolySpaceManagement2025-1009913&tableName=Facilities&fileName=Facilities_Images%2F043-A%2F043-A%200259-00.Room%20Photo1.175157.jpg&appVersion=1.000082&signature=0f40a06587e5ef4d8f0576b2b3529351263d21600c0b45c2e487aa756653f97c,,,,,
043-A 0258-00,Kinesiology,2,168.64,115600-CSM-Kinesiology & Public Hlth,591 - Student Use,3,00 Unapplicable,11 Student-Centered Space,,https://www.appsheet.com/image/getimageurl?appName=CalPolySpaceManagement2025-1009913&tableName=Facilities&fileName=Facilities_Images%2F043-A%2F043-A%200258-00.Room%20Photo1.213034.jpg&appVersion=1.000082&signature=925a61c0da2d5fba2d40f4eb721f1e2f7d5dc4097ee27251da0543d0c609fc74,,,,,
043-A 0352-00,Kinesiology,3,154.37,115600-CSM-Kinesiology & Public Hlth,310 - Faculty Office,6,04 Dsk/Ch,5 Academic Unit Offices,,https://www.appsheet.com/image/getimageurl?appName=CalPolySpaceManagement2025-1009913&tableName=Facilities&fileName=Facilities_Images%2F043-A%2F043-A%200352-00.Room%20Photo1.213052.jpg&appVersion=1.000082&signature=6a86fe5f5be3eefeaf06dd0aa25d52ac415ba438f1501e1595fb4cb3c9e96c64,,,,"Acosta, Alexia (AFD-Audit);Hall, Greg (CSM-KINE);Meyer, William Max (CSM-KINE);Santos, Patience (CSM-KINE)",
043-A 0256-00,Kinesiology,2,340.33,115600-CSM-Kinesiology & Public Hlth,250 - Research Lab,4,00 Unapplicable,4 Research Laboratories,,https://www.appsheet.com/image/getimageurl?appName=CalPolySpaceManagement2025-1009913&tableName=Facilities&fileName=Facilities_Images%2F043-A%2F043-A%200256-00.Room%20Photo1.213019.jpg&appVersion=1.000082&signature=41bae6cc9c7db740f86ccb5e7ebe8b7a4cc16eb47c2cb90bafbdbc74c11e9a93,https://www.appsheet.com/image/getimageurl?appName=CalPolySpaceManagement2025-1009913&tableName=Facilities&fileName=Facilities_Images%2F043-A%2F043-A%200256-00.Room%20Photo2.213019.jpg&appVersion=1.000082&signature=5beb5ca0ef4d7cb0c26cf616d8289f2e14bbee92b2d75a2899ce8067269f169c,,,"Seal, Adam (CSM-KINE)",
038-0 0148-00,Mathematics and Science,1,551.53,115400-CSM-Mathematics,112 - Department Lecture,37,02 Tablet,1 Classrooms,,https://www.appsheet.com/image/getimageurl?appName=CalPolySpaceManagement2025-1009913&tableName=Facilities&fileName=Facilities_Images%2F038-0%2F038-0%200148-00.Room%20Photo1.172825.jpg&appVersion=1.000082&signature=34c117c666f95b6cd9a43969b152ea817a6fe0f182d070a32a79f80183ff8b20,https://www.appsheet.com/image/getimageurl?appName=CalPolySpaceManagement2025-1009913&tableName=Facilities&fileName=Facilities_Images%2F038-0%2F038-0%200148-00.Room%20Photo2.172825.jpg&appVersion=1.000082&signature=a80e5ce2662e867820c25767b586fff65687ec362a39d455ab33d0d123284107,,,,
038-0 0213-00,Mathematics and Science,2,164,115400-CSM-Mathematics,310 - Faculty Office,4,04 Dsk/Ch,5 Academic Unit Offices,"Seagraves, Watson, Borzellino, Rostermundt office",https://www.appsheet.com/image/getimageurl?appName=CalPolySpaceManagement2025-1009913&tableName=Facilities&fileName=Facilities_Images%2F038-0%2F038-0%200213-00.Room%20Photo1.170902.jpg&appVersion=1.000082&signature=4770b095bdb9a114d9b32ed9ab89d861ffd98c93eab1615547fcf2f8dedbec29,https://www.appsheet.com/image/getimageurl?appName=CalPolySpaceManagement2025-1009913&tableName=Facilities&fileName=Facilities_Images%2F038-0%2F038-0%200213-00.Room%20Photo2.170902.jpg&appVersion=1.000082&signature=dfdfe7aa220816e85c80b061d814dde162f4de081539e1999d9558a7f3b14565,,,,
038-0 0212-00,Mathematics and Science,2,164,115400-CSM-Mathematics,310 - Faculty Office,4,04 Dsk/Ch,5 Academic Unit Offices,"Coutin Mehlberg, Flores, Valdez office",https://www.appsheet.com/image/getimageurl?appName=CalPolySpaceManagement2025-1009913&tableName=Facilities&fileName=Facilities_Images%2F038-0%2F038-0%200212-00.Room%20Photo1.171057.jpg&appVersion=1.000082&signature=860feee33f70e5e1e0cf3ef8add21929190241e53a87031e5a7da403699309f4,https://www.appsheet.com/image/getimageurl?appName=CalPolySpaceManagement2025-1009913&tableName=Facilities&fileName=Facilities_Images%2F038-0%2F038-0%200212-00.Room%20Photo2.171057.jpg&appVersion=1.000082&signature=297c80b6b8bfaf4f8847a2f3b29a88812e155b746d2326b55bba04fac8bf0e12,,,,
038-0 0210-A0,Mathematics and Science,2,57.69,117500-CSM-College of Science & Math,780 - General Storage,0,00 Unapplicable,13 Other Academic Space,,https://www.appsheet.com/image/getimageurl?appName=CalPolySpaceManagement2025-1009913&tableName=Facilities&fileName=Facilities_Images%2F038-0%2F038-0%200210-A0.Room%20Photo1.171233.jpg&appVersion=1.000082&signature=9e3fe2f68bc84a42d017142fb46dff54de2f1baa2798becc9c074e333f739d23,,,,,
038-0 0209-00,Mathematics and Science,2,158.23,115400-CSM-Mathematics,310 - Faculty Office,4,04 Dsk/Ch,5 Academic Unit Offices,"Paul, Tiscareno, Philbin, Manseei office",https://www.appsheet.com/image/getimageurl?appName=CalPolySpaceManagement2025-1009913&tableName=Facilities&fileName=Facilities_Images%2F038-0%2F038-0%200209-00.Room%20Photo1.171331.jpg&appVersion=1.000082&signature=6f5eb381f9dcc424b8e4afd3d002e625d4c5af3577f7a1c8f181c6cb1bc3ccf4,,,,,
038-0 0207-00,Mathematics and Science,2,160.76,115400-CSM-Mathematics,310 - Faculty Office,4,04 Dsk/Ch,5 Academic Unit Offices,"Blanchard, Tran Hyman, Varga office",https://www.appsheet.com/image/getimageurl?appName=CalPolySpaceManagement2025-1009913&tableName=Facilities&fileName=Facilities_Images%2F038-0%2F038-0%200207-00.Room%20Photo1.171423.jpg&appVersion=1.000082&signature=f1fdc2c09b3ccfed24ac6b8e3cd9e349ab7ac57151a4a9adb48e2a2dfbca0a46,,,,,
038-0 0135-00,Mathematics and Science,1,1529.14,115400-CSM-Mathematics,110 - Lecture,35,09 Other,1 Classrooms,,https://www.appsheet.com/image/getimageurl?appName=CalPolySpaceManagement2025-1009913&tableName=Facilities&fileName=Facilities_Images%2F038-0%2F038-0%200135-00.Room%20Photo1.171758.jpg&appVersion=1.000082&signature=973fb3d9eeab771c75c107031fd105d2cde1ede8c7441d1cec7cfca365e1a29a,https://www.appsheet.com/image/getimageurl?appName=CalPolySpaceManagement2025-1009913&tableName=Facilities&fileName=Facilities_Images%2F038-0%2F038-0%200135-00.Room%20Photo2.171758.jpg&appVersion=1.000082&signature=893224ba00d5a61061c2d54b3e6474513a3c73504a7aa74863db7ffa6a0f17a0,https://www.appsheet.com/image/getimageurl?appName=CalPolySpaceManagement2025-1009913&tableName=Facilities&fileName=Facilities_Images%2F038-0%2F038-0%200135-00.Room%20Photo3.171758.jpg&appVersion=1.000082&signature=5fedf4805ec1b8596778765d6d2cc03e8e01b6992501edebd091d8d7dbb14ffe,,,
038-0 0131-00,Mathematics and Science,1,"1,531.63",117508-CSM-Ctr Sci-Math Teacher Educ,210 - Teaching Lab,24,04 Dsk/Ch,2 Class Laboratories,Learn by doing lab,https://www.appsheet.com/image/getimageurl?appName=CalPolySpaceManagement2025-1009913&tableName=Facilities&fileName=Facilities_Images%2F038-0%2F038-0%200131-00.Room%20Photo1.172030.jpg&appVersion=1.000082&signature=588fdbc0543a7cf176e302ced8426570d508afc2fe493cf42a1c31893b399f81,https://www.appsheet.com/image/getimageurl?appName=CalPolySpaceManagement2025-1009913&tableName=Facilities&fileName=Facilities_Images%2F038-0%2F038-0%200131-00.Room%20Photo2.172030.jpg&appVersion=1.000082&signature=8035a4bffc5981c1cafc40475660d8a2ff1cc7a65dbe02f5f6e538616030279c,,,,
038-0 0122-A0,Mathematics and Science,1,340.69,115300-CSM-Statistics,215 - Teaching Lab Service,12,00 Unapplicable,2 Class Laboratories,Stats student lab,https://www.appsheet.com/image/getimageurl?appName=CalPolySpaceManagement2025-1009913&tableName=Facilities&fileName=Facilities_Images%2F038-0%2F038-0%200122-A0.Room%20Photo1.172416.jpg&appVersion=1.000082&signature=f726cf10c88c474750ad6509a5618ffbffe13ab79e6b5144b7d7ecce67122765,,,,,
038-0 0122-00,Mathematics and Science,1,"1,376.64",115300-CSM-Statistics,112 - Department Lecture,48,01 Tbl/Ch,1 Classrooms,,https://www.appsheet.com/image/getimageurl?appName=CalPolySpaceManagement2025-1009913&tableName=Facilities&fileName=Facilities_Images%2F038-0%2F038-0%200122-00.Room%20Photo1.172524.jpg&appVersion=1.000082&signature=857b4c7e24d5a6272f3bda2d29c02f5f0d1f30e002ecfc53782c923487dc3e3d,https://www.appsheet.com/image/getimageurl?appName=CalPolySpaceManagement2025-1009913&tableName=Facilities&fileName=Facilities_Images%2F038-0%2F038-0%200122-00.Room%20Photo2.172524.jpg&appVersion=1.000082&signature=f8db96ff07a154fdf309e0ccf53b3da06022f5a380cb8b3445ea7c771c5fe4cc,,,,
038-0 0120-00,Mathematics and Science,1,327.71,109400-CSM-Liberal Studies,591 - Student Use,10,00 Unapplicable,4 Research Laboratories,,https://www.appsheet.com/image/getimageurl?appName=CalPolySpaceManagement2025-1009913&tableName=Facilities&fileName=Facilities_Images%2F038-0%2F038-0%200120-00.Room%20Photo1.173056.jpg&appVersion=1.000082&signature=7d37415262342ddd47b2181a36da1a4d0c0867e9170d035db457ad6866873cbc,https://www.appsheet.com/image/getimageurl?appName=CalPolySpaceManagement2025-1009913&tableName=Facilities&fileName=Facilities_Images%2F038-0%2F038-0%200120-00.Room%20Photo2.173056.jpg&appVersion=1.000082&signature=39b4ea5cbe7bac43391fa1c9b5aacd2696d115f4b65cc763c9052eb7518f845d,,,,
038-0 0132-A0,Mathematics and Science,1,271.09,117508-CSM-Ctr Sci-Math Teacher Educ,215 - Teaching Lab Service,0,00 Unapplicable,2 Class Laboratories,,https://www.appsheet.com/image/getimageurl?appName=CalPolySpaceManagement2025-1009913&tableName=Facilities&fileName=Facilities_Images%2F038-0%2F038-0%200132-A0.Room%20Photo1.172127.jpg&appVersion=1.000082&signature=5d019c1e99faf5c7291ba0789716ebb44f6a130897c26b498c28ced695e81206,https://www.appsheet.com/image/getimageurl?appName=CalPolySpaceManagement2025-1009913&tableName=Facilities&fileName=Facilities_Images%2F038-0%2F038-0%200132-A0.Room%20Photo2.172127.jpg&appVersion=1.000082&signature=c47a38b9bba6a58f085dde125bc6e5f3c72f37ef1b200bc253aac53eb9b60968,,,,
228-F 0101-00,Pier Boat Locker,1,75.83,117500-CSM-College of Science & Math,255 - Research Lab Service,0,00 Unapplicable,4 Research Laboratories,,https://www.appsheet.com/image/getimageurl?appName=CalPolySpaceManagement2025-1009913&tableName=Facilities&fileName=Facilities_Images%2F228-F%2F228-F%200101-00.Room%20Photo1.194832.jpg&appVersion=1.000082&signature=85e734839a0500c750e1f17e323518fd259a94ac231c711969c546dbc2c21fd0,https://www.appsheet.com/image/getimageurl?appName=CalPolySpaceManagement2025-1009913&tableName=Facilities&fileName=Facilities_Images%2F228-F%2F228-F%200101-00.Room%20Photo2.194832.jpg&appVersion=1.000082&signature=0f883b375c7234a868c278b41863b9ed8bc0eda46855f3bd46e42426edf2726d,,,,
228-A 0200-00,Pier Main Building,2,345,117506-CSM-Cntr for Cstal Marine Sci,350 - Conference Room,10,01 Tbl/Ch,5 Academic Unit Offices,Also office for Jason Felton,https://www.appsheet.com/image/getimageurl?appName=CalPolySpaceManagement2025-1009913&tableName=Facilities&fileName=Facilities_Images%2F228-A%2F228-A%200200-00.Room%20Photo1.191442.jpg&appVersion=1.000082&signature=b6d73baf84fd9182860b04183e3b9bac4c878b45e3430b37d57b80aeac60d701,https://www.appsheet.com/image/getimageurl?appName=CalPolySpaceManagement2025-1009913&tableName=Facilities&fileName=Facilities_Images%2F228-A%2F228-A%200200-00.Room%20Photo2.191442.jpg&appVersion=1.000082&signature=1204e57746d55793f0575454a63c6f17304147e98320500180d1d7b506020e05,,,"Felton, Jason (CSM-CCMS)",
228-A 0103-00,Pier Main Building,1,60,117506-CSM-Cntr for Cstal Marine Sci,255 - Research Lab Service,0,00 Unapplicable,4 Research Laboratories,Server and equipment room,https://www.appsheet.com/image/getimageurl?appName=CalPolySpaceManagement2025-1009913&tableName=Facilities&fileName=Facilities_Images%2F228-A%2F228-A%200103-00.Room%20Photo1.191807.jpg&appVersion=1.000082&signature=8acd9f3c948a243b6b0426ac0393ba55ae51b82d00d4d4207c988efbe60bec15,https://www.appsheet.com/image/getimageurl?appName=CalPolySpaceManagement2025-1009913&tableName=Facilities&fileName=Facilities_Images%2F228-A%2F228-A%200103-00.Room%20Photo2.191807.jpg&appVersion=1.000082&signature=6e968007940075a268f372baa5847d74df9320b5197e9157d7c1f1ce04f4130a,,,,
228-A 0102-00,Pier Main Building,1,200,117506-CSM-Cntr for Cstal Marine Sci,720 - Equip Maintenance/Repair Shop,0,00 Unapplicable,13 Other Academic Space,Pier shop,https://www.appsheet.com/image/getimageurl?appName=CalPolySpaceManagement2025-1009913&tableName=Facilities&fileName=Facilities_Images%2F228-A%2F228-A%200102-00.Room%20Photo1.191630.jpg&appVersion=1.000082&signature=f34da60f9e1030e10c57c536c5594563148ca39ba972a308e2c92436406091f6,https://www.appsheet.com/image/getimageurl?appName=CalPolySpaceManagement2025-1009913&tableName=Facilities&fileName=Facilities_Images%2F228-A%2F228-A%200102-00.Room%20Photo2.191630.jpg&appVersion=1.000082&signature=983d26c721c843450646f4ef4e812a95159b756342363366780e90d757ad9da1,,,,
228-A 0100-D0,Pier Main Building,1,390.2,117506-CSM-Cntr for Cstal Marine Sci,213 - Department Lab,0,00 Unapplicable,2 Class Laboratories,,https://www.appsheet.com/image/getimageurl?appName=CalPolySpaceManagement2025-1009913&tableName=Facilities&fileName=Facilities_Images%2F228-A%2F228-A%200100-D0.Room%20Photo1.192219.jpg&appVersion=1.000082&signature=3b3ba718c36c8096e25f03b008289c3b499bd1647b9fa1411f6f5bf606bde2bd,https://www.appsheet.com/image/getimageurl?appName=CalPolySpaceManagement2025-1009913&tableName=Facilities&fileName=Facilities_Images%2F228-A%2F228-A%200100-D0.Room%20Photo2.192219.jpg&appVersion=1.000082&signature=6b2f863f3dd68028210a88e2b8f0d3ca8eb3d42acd5287f81de50c1dc6da42cd,https://www.appsheet.com/image/getimageurl?appName=CalPolySpaceManagement2025-1009913&tableName=Facilities&fileName=Facilities_Images%2F228-A%2F228-A%200100-D0.Room%20Photo3.192219.jpg&appVersion=1.000082&signature=cff24f6cab844cdef402c5fc3e657741951854d03f0221c61995b227f464ff8c,,,
228-A 0100-C0,Pier Main Building,1,116,117506-CSM-Cntr for Cstal Marine Sci,255 - Research Lab Service,0,00 Unapplicable,4 Research Laboratories,,https://www.appsheet.com/image/getimageurl?appName=CalPolySpaceManagement2025-1009913&tableName=Facilities&fileName=Facilities_Images%2F228-A%2F228-A%200100-C0.Room%20Photo1.192104.jpg&appVersion=1.000082&signature=8af246d91ad65ec73dde0753ed5562b796a52c9c4cc0744b662b5eb33dabca7d,,,,,
228-A 0100-A0,Pier Main Building,1,92,117506-CSM-Cntr for Cstal Marine Sci,255 - Research Lab Service,0,00 Unapplicable,4 Research Laboratories,,https://www.appsheet.com/image/getimageurl?appName=CalPolySpaceManagement2025-1009913&tableName=Facilities&fileName=Facilities_Images%2F228-A%2F228-A%200100-A0.Room%20Photo1.192026.jpg&appVersion=1.000082&signature=8992db14536ead9020e53a1ebb943792b908af3a29fc096955a78a32336dfb1e,,,,,
228-E 0101-00,Pier Paint Locker,1,75.83,117500-CSM-College of Science & Math,725 - Equip Maintenance/Repair Shop Service,0,00 Unapplicable,13 Other Academic Space,,https://www.appsheet.com/image/getimageurl?appName=CalPolySpaceManagement2025-1009913&tableName=Facilities&fileName=Facilities_Images%2F228-E%2F228-E%200101-00.Room%20Photo1.194754.jpg&appVersion=1.000082&signature=639d9264bb428dfa379d1d8dbf6d507e3aa2a187d52a9d48f3cf22c58f1a3bf2,https://www.appsheet.com/image/getimageurl?appName=CalPolySpaceManagement2025-1009913&tableName=Facilities&fileName=Facilities_Images%2F228-E%2F228-E%200101-00.Room%20Photo2.194754.jpg&appVersion=1.000082&signature=c3c937cc7f437fe8c542b00171546874b8176dadc8f04ad365e0298251ede0c8,,,,
228-G 0101-00,Pier Storage Container 1,1,146.25,117500-CSM-College of Science & Math,725 - Equip Maintenance/Repair Shop Service,0,00 Unapplicable,13 Other Academic Space,,https://www.appsheet.com/image/getimageurl?appName=CalPolySpaceManagement2025-1009913&tableName=Facilities&fileName=Facilities_Images%2F228-G%2F228-G%200101-00.Room%20Photo1.194924.jpg&appVersion=1.000082&signature=6d5101f76f3b761c993f78c743514f936486fd64d763c44aab96eaf638261ef4,,,,,
228-H 0101-00,Pier Storage Container 2,1,146.21,117500-CSM-College of Science & Math,725 - Equip Maintenance/Repair Shop Service,0,00 Unapplicable,13 Other Academic Space,,https://www.appsheet.com/image/getimageurl?appName=CalPolySpaceManagement2025-1009913&tableName=Facilities&fileName=Facilities_Images%2F228-H%2F228-H%200101-00.Room%20Photo1.195010.jpg&appVersion=1.000082&signature=31374a7638fa0a986ffc82c4f3b0a2a7ab0891cf0f20786f2f719fdc4a7b524a,https://www.appsheet.com/image/getimageurl?appName=CalPolySpaceManagement2025-1009913&tableName=Facilities&fileName=Facilities_Images%2F228-H%2F228-H%200101-00.Room%20Photo2.195010.jpg&appVersion=1.000082&signature=480ae46c4fe987af37556ec6e4ea0ed95314c67c0d1e7f9383f8d7b0da905664,,,,
072-0 0107-00,Plant Conservatory,1,643.32,115100-CSM-Biological Sciences,215 - Teaching Lab Service,0,00 Unapplicable,13 Other Academic Space,,https://www.appsheet.com/image/getimageurl?appName=CalPolySpaceManagement2025-1009913&tableName=Facilities&fileName=Facilities_Images%2F072-0%2F072-0%200107-00.Room%20Photo1.214920.jpg&appVersion=1.000082&signature=9c02014e9f08eddbe9c9d82c38bb408cc44aa4ed63a03a3c80e7667cca20b459,https://www.appsheet.com/image/getimageurl?appName=CalPolySpaceManagement2025-1009913&tableName=Facilities&fileName=Facilities_Images%2F072-0%2F072-0%200107-00.Room%20Photo2.214920.jpg&appVersion=1.000082&signature=1539454d996d892f3cd897843270119ec5242091a4cd0b70914b5607f75daa96,https://www.appsheet.com/image/getimageurl?appName=CalPolySpaceManagement2025-1009913&tableName=Facilities&fileName=Facilities_Images%2F072-0%2F072-0%200107-00.Room%20Photo3.214920.jpg&appVersion=1.000082&signature=7ed7372c9c68718ea651646d94c4aaa6cc93aabccf8c5019ec43a33093066d0d,,"Willey, Gage (CSM-BIO)",
072-0 0107-B0,Plant Conservatory,1,71.71,115100-CSM-Biological Sciences,315 - Office Service,0,00 Unapplicable,5 Academic Unit Offices,Supply room,https://www.appsheet.com/image/getimageurl?appName=CalPolySpaceManagement2025-1009913&tableName=Facilities&fileName=Facilities_Images%2F072-0%2F072-0%200107-B0.Room%20Photo1.215124.jpg&appVersion=1.000082&signature=19ab4f79bd7386316e1652dfa5e960869c0142e245824b330f8145571a236f86,,,,,
072-0 0107-A0,Plant Conservatory,1,94.71,115100-CSM-Biological Sciences,591 - Student Use,2,00 Unapplicable,13 Other Academic Space,,https://www.appsheet.com/image/getimageurl?appName=CalPolySpaceManagement2025-1009913&tableName=Facilities&fileName=Facilities_Images%2F072-0%2F072-0%200107-A0.Room%20Photo1.214958.jpg&appVersion=1.000082&signature=83d2c45ded4d751340cbd574e0e96f22c399586a8c10a34cc87386825a298548,,,,,
072-0 0106-00,Plant Conservatory,1,511.81,115100-CSM-Biological Sciences,580 - Greenhouse,0,00 Unapplicable,13 Other Academic Space,Research room,https://www.appsheet.com/image/getimageurl?appName=CalPolySpaceManagement2025-1009913&tableName=Facilities&fileName=Facilities_Images%2F072-0%2F072-0%200106-00.Room%20Photo1.214738.jpg&appVersion=1.000082&signature=a71e6d2b8c6e19842f1744f66d73f1aa58c09075b1cce5f8dad655de96e335fc,https://www.appsheet.com/image/getimageurl?appName=CalPolySpaceManagement2025-1009913&tableName=Facilities&fileName=Facilities_Images%2F072-0%2F072-0%200106-00.Room%20Photo2.214738.jpg&appVersion=1.000082&signature=94c53a4106748e0be8a3ccdbed73798ac76b6777c598a5e4d60fcab2a6ed3da2,,,,
072-0 0102-00,Plant Conservatory,1,504.75,115100-CSM-Biological Sciences,580 - Greenhouse,0,00 Unapplicable,13 Other Academic Space,Cloud Forest house,https://www.appsheet.com/image/getimageurl?appName=CalPolySpaceManagement2025-1009913&tableName=Facilities&fileName=Facilities_Images%2F072-0%2F072-0%200102-00.Room%20Photo1.214254.jpg&appVersion=1.000082&signature=3d5f114b85e3312b8bdb14c1f845d60931d5524dca551cc02c09413cbaaa9334,https://www.appsheet.com/image/getimageurl?appName=CalPolySpaceManagement2025-1009913&tableName=Facilities&fileName=Facilities_Images%2F072-0%2F072-0%200102-00.Room%20Photo2.214254.jpg&appVersion=1.000082&signature=4282c02d60f74128a1953540d200c2bf8d803a3ead76ae1e4aa0532a9c43e208,https://www.appsheet.com/image/getimageurl?appName=CalPolySpaceManagement2025-1009913&tableName=Facilities&fileName=Facilities_Images%2F072-0%2F072-0%200102-00.Room%20Photo3.214254.jpg&appVersion=1.000082&signature=257282105748c820bc11d736dee649f15b75cafb3d9110b06be737adff5ac13f,https://www.appsheet.com/image/getimageurl?appName=CalPolySpaceManagement2025-1009913&tableName=Facilities&fileName=Facilities_Images%2F072-0%2F072-0%200102-00.Room%20Photo4.214255.jpg&appVersion=1.000082&signature=02ee6913cbef09293ddb219c97449823e2f7b28ff6b60f105ffa968ad7960040,,
072-0 0104-00,Plant Conservatory,1,231.77,115100-CSM-Biological Sciences,580 - Greenhouse,0,00 Unapplicable,13 Other Academic Space,,https://www.appsheet.com/image/getimageurl?appName=CalPolySpaceManagement2025-1009913&tableName=Facilities&fileName=Facilities_Images%2F072-0%2F072-0%200104-00.Room%20Photo1.214503.jpg&appVersion=1.000082&signature=933e01414465372df55834abf170fb70891a55c2b8bcde4d5c7f284e0094f1fc,,,,,
072-0 0103-00,Plant Conservatory,1,483.75,115100-CSM-Biological Sciences,580 - Greenhouse,0,00 Unapplicable,13 Other Academic Space,Arid House,https://www.appsheet.com/image/getimageurl?appName=CalPolySpaceManagement2025-1009913&tableName=Facilities&fileName=Facilities_Images%2F072-0%2F072-0%200103-00.Room%20Photo1.214423.jpg&appVersion=1.000082&signature=b0eabd9c107140108d90a61f796bebc1af3ddb106008bd19615045179a3bdc10,https://www.appsheet.com/image/getimageurl?appName=CalPolySpaceManagement2025-1009913&tableName=Facilities&fileName=Facilities_Images%2F072-0%2F072-0%200103-00.Room%20Photo2.214423.jpg&appVersion=1.000082&signature=766fd643d0512e303f8d3708521fc0612ff0a941473dd14cef3e7866c759f45a,https://www.appsheet.com/image/getimageurl?appName=CalPolySpaceManagement2025-1009913&tableName=Facilities&fileName=Facilities_Images%2F072-0%2F072-0%200103-00.Room%20Photo3.214423.jpg&appVersion=1.000082&signature=777116022321918426eddd05008dfce07f1de5452adef1a8f62d237bfae6dd7b,,,
072-0 0105-00,Plant Conservatory,1,232.09,115100-CSM-Biological Sciences,580 - Greenhouse,0,00 Unapplicable,13 Other Academic Space,Currently used for storage but converting back to greenhouse shortly,https://www.appsheet.com/image/getimageurl?appName=CalPolySpaceManagement2025-1009913&tableName=Facilities&fileName=Facilities_Images%2F072-0%2F072-0%200105-00.Room%20Photo1.214618.jpg&appVersion=1.000082&signature=a9fb3c2d791010d53cf2fc785359846c112592e245a5279e6fcf198a314b67ba,,,,,
072-0 0101-00,Plant Conservatory,1,677.33,115100-CSM-Biological Sciences,580 - Greenhouse,0,00 Unapplicable,13 Other Academic Space,Lowlands Tropic house,https://www.appsheet.com/image/getimageurl?appName=CalPolySpaceManagement2025-1009913&tableName=Facilities&fileName=Facilities_Images%2F072-0%2F072-0%200101-00.Room%20Photo1.214115.jpg&appVersion=1.000082&signature=9e6c4ac7a693a9dd740923d0c74691a79e6d30273992627cb8b935aee7b52549,https://www.appsheet.com/image/getimageurl?appName=CalPolySpaceManagement2025-1009913&tableName=Facilities&fileName=Facilities_Images%2F072-0%2F072-0%200101-00.Room%20Photo2.214115.jpg&appVersion=1.000082&signature=42302d4db1c3854d3a331d8c3627b3a6f053c623e254041001efc1144aa1eba5,https://www.appsheet.com/image/getimageurl?appName=CalPolySpaceManagement2025-1009913&tableName=Facilities&fileName=Facilities_Images%2F072-0%2F072-0%200101-00.Room%20Photo3.214115.jpg&appVersion=1.000082&signature=30aea7e008ef4b88f2b906c140dbef44b4102fb7365ba4a7443a1b385bc60f65,https://www.appsheet.com/image/getimageurl?appName=CalPolySpaceManagement2025-1009913&tableName=Facilities&fileName=Facilities_Images%2F072-0%2F072-0%200101-00.Room%20Photo4.214116.jpg&appVersion=1.000082&signature=535b358713e5bb4935d49af253d2c01019cde008f4d5881a8ba05479ba92efc7,,
043-0 0224-0S,Recreation Center,2,2198.48,115600-CSM-Kinesiology & Public Hlth,520 - Athletic or Physical Education - Indoor,24,09 Other,8 Indoor Recreation,,https://www.appsheet.com/image/getimageurl?appName=CalPolySpaceManagement2025-1009913&tableName=Facilities&fileName=Facilities_Images%2F043-0%2F043-0%200224-0S.Room%20Photo1.165027.jpg&appVersion=1.000082&signature=8fd08c172307fd5fb7ed2e16c9e27cee663e30fab675eb590b670cc6b3bdc6ad,,,,,
043-0 0223-0S,Recreation Center,2,"5,246.18",115600-CSM-Kinesiology & Public Hlth,520 - Athletic or Physical Education - Indoor,,09 Other,8 Indoor Recreation,,https://www.appsheet.com/image/getimageurl?appName=CalPolySpaceManagement2025-1009913&tableName=Facilities&fileName=Facilities_Images%2F043-0%2F043-0%200223-0S.Room%20Photo1.165158.jpg&appVersion=1.000082&signature=a3d0a38c07cac252b4d4a417cc8fa66f57f3e06648ad7c21d3fe14100600691b,https://www.appsheet.com/image/getimageurl?appName=CalPolySpaceManagement2025-1009913&tableName=Facilities&fileName=Facilities_Images%2F043-0%2F043-0%200223-0S.Room%20Photo2.165158.jpg&appVersion=1.000082&signature=d9b46e96fe07d79dec642f56416fd00e0c912daefa4733c5f34bf5df2f70fe4b,,,,
043-0 0221-0S,Recreation Center,2,"4,699.92",115600-CSM-Kinesiology & Public Hlth,520 - Athletic or Physical Education - Indoor,0,09 Other,8 Indoor Recreation,,https://www.appsheet.com/image/getimageurl?appName=CalPolySpaceManagement2025-1009913&tableName=Facilities&fileName=Facilities_Images%2F043-0%2F043-0%200221-0S.Room%20Photo1.165408.jpg&appVersion=1.000082&signature=a88099ac64c5283a36a8db4bfe0fbee5100ff54dd930f599f7d71b5bb56996b4,,,,,
043-0 0215-0S,Recreation Center,2,949.07,115600-CSM-Kinesiology & Public Hlth,520 - Athletic or Physical Education - Indoor,24,09 Other,8 Indoor Recreation,,https://www.appsheet.com/image/getimageurl?appName=CalPolySpaceManagement2025-1009913&tableName=Facilities&fileName=Facilities_Images%2F043-0%2F043-0%200215-0S.Room%20Photo1.165545.jpg&appVersion=1.000082&signature=30d9791f18bcb2f05398449862beb94e341c998df9b71136f8dd05af78ff99d8,,,,,
043-0 0213-0S,Recreation Center,2,982.94,115600-CSM-Kinesiology & Public Hlth,520 - Athletic or Physical Education - Indoor,24,09 Other,8 Indoor Recreation,,https://www.appsheet.com/image/getimageurl?appName=CalPolySpaceManagement2025-1009913&tableName=Facilities&fileName=Facilities_Images%2F043-0%2F043-0%200213-0S.Room%20Photo1.165648.jpg&appVersion=1.000082&signature=17b4b98b4f4b53fdd386ec09039feb3b931bb42dc9fe3022fb3b5e7c3cefa3fb,,,,,
043-0 0200-BS,Recreation Center,2,3211.08,115600-CSM-Kinesiology & Public Hlth,520 - Athletic or Physical Education - Indoor,34,09 Other,8 Indoor Recreation,,https://www.appsheet.com/image/getimageurl?appName=CalPolySpaceManagement2025-1009913&tableName=Facilities&fileName=Facilities_Images%2F043-0%2F043-0%200200-BS.Room%20Photo1.170125.jpg&appVersion=1.000082&signature=016cf1a52c2d6219a6446dd00b597bc50f011800901af38d85030e8f3949e788,,,,,
043-0 0200-AS,Recreation Center,2,"3,182.31",115600-CSM-Kinesiology & Public Hlth,520 - Athletic or Physical Education - Indoor,30,09 Other,8 Indoor Recreation,,https://www.appsheet.com/image/getimageurl?appName=CalPolySpaceManagement2025-1009913&tableName=Facilities&fileName=Facilities_Images%2F043-0%2F043-0%200200-AS.Room%20Photo1.170231.jpg&appVersion=1.000082&signature=666483c1ace815ce9ebd3d084feaf124a9b5631f649f8c3331189a979045bf77,,,,,
043-0 0192-AS,Recreation Center,1,63,115600-CSM-Kinesiology & Public Hlth,780 - General Storage,0,00 Unapplicable,8 Indoor Recreation,,,,,,,
043-0 0192-0S,Recreation Center,1,"2,187.90",115600-CSM-Kinesiology & Public Hlth,520 - Athletic or Physical Education - Indoor,30,00 Unapplicable,8 Indoor Recreation,,https://www.appsheet.com/image/getimageurl?appName=CalPolySpaceManagement2025-1009913&tableName=Facilities&fileName=Facilities_Images%2F043-0%2F043-0%200192-0S.Room%20Photo1.170717.jpg&appVersion=1.000082&signature=9dfe6cf16baaa2daee051273b875ea9b906df83acf8125614753f613aecc778e,,,,,
043-0 0162-0S,Recreation Center,1,419.96,115600-CSM-Kinesiology & Public Hlth,520 - Athletic or Physical Education - Indoor,2,09 Other,8 Indoor Recreation,,https://www.appsheet.com/image/getimageurl?appName=CalPolySpaceManagement2025-1009913&tableName=Facilities&fileName=Facilities_Images%2F043-0%2F043-0%200162-0S.Room%20Photo1.171448.jpg&appVersion=1.000082&signature=177aa38c97b68eeeec710c11a868828224dec7548291dff51a7efbfd6b80a475,,,,,
043-0 0211-0S,Recreation Center,2,845.98,115600-CSM-Kinesiology & Public Hlth,520 - Athletic or Physical Education - Indoor,24,09 Other,8 Indoor Recreation,,https://www.appsheet.com/image/getimageurl?appName=CalPolySpaceManagement2025-1009913&tableName=Facilities&fileName=Facilities_Images%2F043-0%2F043-0%200211-0S.Room%20Photo1.165816.jpg&appVersion=1.000082&signature=95849d53e397eca9862526ed19122d66af3f39f80b950ec4163786063067fc43,,,,,
043-0 0160-0S,Recreation Center,1,400.01,115600-CSM-Kinesiology & Public Hlth,520 - Athletic or Physical Education - Indoor,2,09 Other,8 Indoor Recreation,,https://www.appsheet.com/image/getimageurl?appName=CalPolySpaceManagement2025-1009913&tableName=Facilities&fileName=Facilities_Images%2F043-0%2F043-0%200160-0S.Room%20Photo1.171402.jpg&appVersion=1.000082&signature=6f3bb564539ca9702c05828d030add3b3a7c0af95683f09ad04fb08996b1a0c7,,,,,
043-0 0159-0S,Recreation Center,1,400.01,115600-CSM-Kinesiology & Public Hlth,520 - Athletic or Physical Education - Indoor,2,09 Other,8 Indoor Recreation,,https://www.appsheet.com/image/getimageurl?appName=CalPolySpaceManagement2025-1009913&tableName=Facilities&fileName=Facilities_Images%2F043-0%2F043-0%200159-0S.Room%20Photo1.171339.jpg&appVersion=1.000082&signature=1dd51380100326d2831430196369c781e55e89ae7a61bd6877b838e81d6ceabf,,,,,
043-0 0158-0S,Recreation Center,1,400.01,115600-CSM-Kinesiology & Public Hlth,520 - Athletic or Physical Education - Indoor,2,09 Other,8 Indoor Recreation,,https://www.appsheet.com/image/getimageurl?appName=CalPolySpaceManagement2025-1009913&tableName=Facilities&fileName=Facilities_Images%2F043-0%2F043-0%200158-0S.Room%20Photo1.171313.jpg&appVersion=1.000082&signature=1e4528e36ecf9605ef280ad0a991677bff8b7171fde5532d5e70899cdc80a8f3,,,,,
043-0 0157-0S,Recreation Center,1,400.01,115600-CSM-Kinesiology & Public Hlth,520 - Athletic or Physical Education - Indoor,2,09 Other,8 Indoor Recreation,,https://www.appsheet.com/image/getimageurl?appName=CalPolySpaceManagement2025-1009913&tableName=Facilities&fileName=Facilities_Images%2F043-0%2F043-0%200157-0S.Room%20Photo1.171248.jpg&appVersion=1.000082&signature=fae6295d01b8a5854f793c6cbffa714abd1e12dfe9ff309f9b6b81a56bd34e87,,,,,
043-0 0156-0S,Recreation Center,1,4709.76,115600-CSM-Kinesiology & Public Hlth,520 - Athletic or Physical Education - Indoor,0,09 Other,8 Indoor Recreation,,,,,,,
043-0 0118-0S,Recreation Center,1,1106.65,115600-CSM-Kinesiology & Public Hlth,520 - Athletic or Physical Education - Indoor,0,00 Unapplicable,8 Indoor Recreation,Women’s locker room,,,,,,
043-0 0117-0S,Recreation Center,1,1650.81,115600-CSM-Kinesiology & Public Hlth,520 - Athletic or Physical Education - Indoor,0,00 Unapplicable,8 Indoor Recreation,Men’s Locker room,,,,,,
043-0 0109-0S,Recreation Center,1,430.85,115600-CSM-Kinesiology & Public Hlth,520 - Athletic or Physical Education - Indoor,12,01 Tbl/Ch,8 Indoor Recreation,,https://www.appsheet.com/image/getimageurl?appName=CalPolySpaceManagement2025-1009913&tableName=Facilities&fileName=Facilities_Images%2F043-0%2F043-0%200109-0S.Room%20Photo1.172649.jpg&appVersion=1.000082&signature=c9f6ccec2296cba5d98e2fd529599a49171a144deffe87b80c04dab0d3ad9656,https://www.appsheet.com/image/getimageurl?appName=CalPolySpaceManagement2025-1009913&tableName=Facilities&fileName=Facilities_Images%2F043-0%2F043-0%200109-0S.Room%20Photo2.172649.jpg&appVersion=1.000082&signature=6a0eb52e8592cb17ecf615bba888fc931bad99dad212bca843f9f93615f0d558,,,,
043-0 0100-0S,Recreation Center,1,6545.82,115600-CSM-Kinesiology & Public Hlth,520 - Athletic or Physical Education - Indoor,60,09 Other,8 Indoor Recreation,,https://www.appsheet.com/image/getimageurl?appName=CalPolySpaceManagement2025-1009913&tableName=Facilities&fileName=Facilities_Images%2F043-0%2F043-0%200100-0S.Room%20Photo1.172802.jpg&appVersion=1.000082&signature=f4af6c31ca5778d512eb647f58fe0bc4ee75407e4a78b3e1ca4a427273af6615,https://www.appsheet.com/image/getimageurl?appName=CalPolySpaceManagement2025-1009913&tableName=Facilities&fileName=Facilities_Images%2F043-0%2F043-0%200100-0S.Room%20Photo2.172802.jpg&appVersion=1.000082&signature=09e3ec9fc58a84ea3e6c21f7b5e5a1ad0bfb003481f7dabe5f18d12d4564945f,https://www.appsheet.com/image/getimageurl?appName=CalPolySpaceManagement2025-1009913&tableName=Facilities&fileName=Facilities_Images%2F043-0%2F043-0%200100-0S.Room%20Photo3.172802.jpg&appVersion=1.000082&signature=505a14cb606acabc4374e1472496a5a8c1fccfdaa5de202e38f973421979ce39,,,
043-0 0161-0S,Recreation Center,1,400.01,115600-CSM-Kinesiology & Public Hlth,520 - Athletic or Physical Education - Indoor,2,09 Other,8 Indoor Recreation,,https://www.appsheet.com/image/getimageurl?appName=CalPolySpaceManagement2025-1009913&tableName=Facilities&fileName=Facilities_Images%2F043-0%2F043-0%200161-0S.Room%20Photo1.171422.jpg&appVersion=1.000082&signature=53a0d484b41b3d39d3085db01b875df8796dbb701a81ae932c64b4b41d47fc74,,,,,
052-0 0E15-00,Science,1,168.97,117500-CSM-College of Science & Math,310 - Faculty Office,2,04 Dsk/Ch,5 Academic Unit Offices,,https://www.appsheet.com/image/getimageurl?appName=CalPolySpaceManagement2025-1009913&tableName=Facilities&fileName=Facilities_Images%2F052-0%2F052-0%200E15-00.Room%20Photo1.180434.jpg&appVersion=1.000082&signature=0431c0c97e4182e87a9cfa4812ec71fe91858ff9e0173ace40f30d4d71d06f84,,,,"Pilgram, Jessica (CSM-PHYS);Abril Valenzuela, Roberto (CSM-PHYS)",
052-0 0E16-00,Science,1,168.52,117500-CSM-College of Science & Math,310 - Faculty Office,2,04 Dsk/Ch,5 Academic Unit Offices,"Office for Brazier, and Chaffin",https://www.appsheet.com/image/getimageurl?appName=CalPolySpaceManagement2025-1009913&tableName=Facilities&fileName=Facilities_Images%2F052-0%2F052-0%200E16-00.Room%20Photo1.180359.jpg&appVersion=1.000082&signature=b36fa1ae3ded1e5afde86d0793c0daa85eff0e97378f317f9554736978955fa0,,,,,
052-0 0E17-00,Science,1,167.2,117500-CSM-College of Science & Math,310 - Faculty Office,2,04 Dsk/Ch,5 Academic Unit Offices,Shared office with Moni Prakash,https://www.appsheet.com/image/getimageurl?appName=CalPolySpaceManagement2025-1009913&tableName=Facilities&fileName=Facilities_Images%2F052-0%2F052-0%200E17-00.Room%20Photo1.180325.jpg&appVersion=1.000082&signature=88823950041401acd98614d1e46f48ea3a5218a31ad3785ad5d792c4e2ac6be3,,,,"Echols, Robert (CSM-PHYS)",
052-0 0E18-00,Science,1,169.19,117500-CSM-College of Science & Math,310 - Faculty Office,2,04 Dsk/Ch,5 Academic Unit Offices,,https://www.appsheet.com/image/getimageurl?appName=CalPolySpaceManagement2025-1009913&tableName=Facilities&fileName=Facilities_Images%2F052-0%2F052-0%200E18-00.Room%20Photo1.180251.jpg&appVersion=1.000082&signature=a0a2004c11303ff2d5c20ca941bc6ba03f3a0bc4c7100473298087cf5e50b6fa,,,,,
052-0 0E19-00,Science,1,176.31,117500-CSM-College of Science & Math,310 - Faculty Office,2,04 Dsk/Ch,5 Academic Unit Offices,,https://www.appsheet.com/image/getimageurl?appName=CalPolySpaceManagement2025-1009913&tableName=Facilities&fileName=Facilities_Images%2F052-0%2F052-0%200E19-00.Room%20Photo1.180204.jpg&appVersion=1.000082&signature=e09b7d344bc4f1c753113356e09bf4297b781bd04f01bcc738e00f8fc110f49b,,,,"Wang, Xiaofeng (CSM-PHYS);Echols, Sean (CSM-PHYS)",
052-0 0E37-00,Science,1,165.79,115200-CSM-Chemistry & Biochemistry,310 - Faculty Office,0,04 Dsk/Ch,0 Unclassified & Nonassignable,Biochemistry,https://www.appsheet.com/image/getimageurl?appName=CalPolySpaceManagement2025-1009913&tableName=Facilities&fileName=Facilities_Images%2F052-0%2F052-0%200E37-00.Room%20Photo1.175046.jpg&appVersion=1.000082&signature=8fde7c64353689fe22b9df3cee63b60d74a866eda7a19ea53eb011f753a5b052,,,,"Long, David (CSM-CHEM);Lapoot, Lloyd (CSM-CHEM)",
052-0 0E42-00,Science,1,165.79,115200-CSM-Chemistry & Biochemistry,310 - Faculty Office,2,00 Unapplicable,5 Academic Unit Offices,,https://www.appsheet.com/image/getimageurl?appName=CalPolySpaceManagement2025-1009913&tableName=Facilities&fileName=Facilities_Images%2F052-0%2F052-0%200E42-00.Room%20Photo1.174156.jpg&appVersion=1.000082&signature=fe68eb02c02dd9f5a59f22b3cd25dbfb4714b7a7f8ad418d65823d0059487bf9,,,,"Treece, Tanner (CSM-CHEM);Mahdavian, Elahe (CSM-CHEM)",
052-0 0E39-00,Science,1,165.79,115200-CSM-Chemistry & Biochemistry,310 - Faculty Office,2,00 Unapplicable,5 Academic Unit Offices,,https://www.appsheet.com/image/getimageurl?appName=CalPolySpaceManagement2025-1009913&tableName=Facilities&fileName=Facilities_Images%2F052-0%2F052-0%200E39-00.Room%20Photo1.174024.jpg&appVersion=1.000082&signature=cc4b97dacf605c6ba79146ab44882ff0fb70d9248e6f04237599ee692b65f58c,,,,"Wang, Ruoxi (CSM-CHEM)",
052-0 0E40-00,Science,1,168.19,115200-CSM-Chemistry & Biochemistry,310 - Faculty Office,2,00 Unapplicable,5 Academic Unit Offices,,https://www.appsheet.com/image/getimageurl?appName=CalPolySpaceManagement2025-1009913&tableName=Facilities&fileName=Facilities_Images%2F052-0%2F052-0%200E40-00.Room%20Photo1.173920.jpg&appVersion=1.000082&signature=e2ab93aafa92c11d4c11abb7443f5774970aac6aaa1ffbd79e6629ff97075332,,,,"Shafqat, Mariam (CSM-CHEM);Erker, Jay (CSM-CHEM)",
052-0 0E41-00,Science,1,168.19,115200-CSM-Chemistry & Biochemistry,310 - Faculty Office,2,00 Unapplicable,5 Academic Unit Offices,,https://www.appsheet.com/image/getimageurl?appName=CalPolySpaceManagement2025-1009913&tableName=Facilities&fileName=Facilities_Images%2F052-0%2F052-0%200E41-00.Room%20Photo1.173819.jpg&appVersion=1.000082&signature=601ddee4205fd0e298500d42c32c0f1ddfff44a63d534219cb6f8f818c671858,,,,"Aleksandrov, Tsvetan (CSM-CHEM)",
052-0 0E43-00,Science,1,164.59,115200-CSM-Chemistry & Biochemistry,310 - Faculty Office,2,00 Unapplicable,5 Academic Unit Offices,,https://www.appsheet.com/image/getimageurl?appName=CalPolySpaceManagement2025-1009913&tableName=Facilities&fileName=Facilities_Images%2F052-0%2F052-0%200E43-00.Room%20Photo1.174823.jpg&appVersion=1.000082&signature=157ab8e0cae48b5bd9a443dfbe5db19b94cef19e11a28f9e6bd0e18c7529d4ae,,,,"Stair, Nick (CSM-PHYS)",
052-0 0E14-00,Science,1,172.09,117500-CSM-College of Science & Math,310 - Faculty Office,2,04 Dsk/Ch,5 Academic Unit Offices,,https://www.appsheet.com/image/getimageurl?appName=CalPolySpaceManagement2025-1009913&tableName=Facilities&fileName=Facilities_Images%2F052-0%2F052-0%200E14-00.Room%20Photo1.180538.jpg&appVersion=1.000082&signature=ddbf5f6ae85a9e8a7627cdc4810c61c4486e3910385c6d13d41dc64bbe9f849f,,,,"Miller, Chad (CSM-PHYS);Monadi, Reza (CSM-PHYS)",
052-0 0E38-00,Science,1,165.79,115200-CSM-Chemistry & Biochemistry,310 - Faculty Office,2,00 Unapplicable,5 Academic Unit Offices,,https://www.appsheet.com/image/getimageurl?appName=CalPolySpaceManagement2025-1009913&tableName=Facilities&fileName=Facilities_Images%2F052-0%2F052-0%200E38-00.Room%20Photo1.174924.jpg&appVersion=1.000082&signature=4ef9d05852ec3360ae6a80f2c1f164c26fc410f02ddf98c2a103968bff7e4fe6,,,,"Hancock, Justin (CSM-CHEM);Hasselbrink, Carson (CSM-CHEM)",
052-0 0E05-00,Science,1,255.85,115500-CSM-Physics,211 - Special Instruction,5,04 Dsk/Ch,13 Other Academic Space,,,,,,,
052-0 0D23-B0,Science,1,224,115500-CSM-Physics,211 - Special Instruction,0,00 Unapplicable,13 Other Academic Space,,https://www.appsheet.com/image/getimageurl?appName=CalPolySpaceManagement2025-1009913&tableName=Facilities&fileName=Facilities_Images%2F052-0%2F052-0%200D23-B0.Room%20Photo1.173647.jpg&appVersion=1.000082&signature=b83fd4754bcc6f1bc07c20b6824aac621dbe2b7d7774e914c38c3fa1afc6a5e6,https://www.appsheet.com/image/getimageurl?appName=CalPolySpaceManagement2025-1009913&tableName=Facilities&fileName=Facilities_Images%2F052-0%2F052-0%200D23-B0.Room%20Photo2.173647.jpg&appVersion=1.000082&signature=b16eb2fdc5589a99f3c1dcd60007aec6c52fff8e98c0d09406279df41200203c,,,,
052-0 0D24-00,Science,1,137.25,115600-CSM-Kinesiology & Public Hlth,250 - Research Lab,2,00 Unapplicable,4 Research Laboratories,,https://www.appsheet.com/image/getimageurl?appName=CalPolySpaceManagement2025-1009913&tableName=Facilities&fileName=Facilities_Images%2F052-0%2F052-0%200D24-00.Room%20Photo1.182432.jpg&appVersion=1.000082&signature=1f1b1a097d73bc572468d96d136d81cdae9c967275609b987413c95131d539f8,,,,,
052-0 0E02-00,Science,1,619.92,115500-CSM-Physics,213 - Department Lab,8,00 Unapplicable,4 Research Laboratories,,https://www.appsheet.com/image/getimageurl?appName=CalPolySpaceManagement2025-1009913&tableName=Facilities&fileName=Facilities_Images%2F052-0%2F052-0%200E02-00.Room%20Photo1.175909.jpg&appVersion=1.000082&signature=e234856c657b2e37d2a45b257322f402bd8e1170d1ac6c66254ba098c417b0c1,https://www.appsheet.com/image/getimageurl?appName=CalPolySpaceManagement2025-1009913&tableName=Facilities&fileName=Facilities_Images%2F052-0%2F052-0%200E02-00.Room%20Photo2.175909.jpg&appVersion=1.000082&signature=ed11bbd8cc98d33d766803300512c47eac5b56a20766193232eda23436f7df59,https://www.appsheet.com/image/getimageurl?appName=CalPolySpaceManagement2025-1009913&tableName=Facilities&fileName=Facilities_Images%2F052-0%2F052-0%200E02-00.Room%20Photo3.175909.jpg&appVersion=1.000082&signature=a001a65a6e8e313295727d4b9b18830efc03eb1570baacd446bf51ce62b21093,,,
052-0 0D08-00,Science,1,215.71,115600-CSM-Kinesiology & Public Hlth,250 - Research Lab,6,00 Unapplicable,4 Research Laboratories,,https://www.appsheet.com/image/getimageurl?appName=CalPolySpaceManagement2025-1009913&tableName=Facilities&fileName=Facilities_Images%2F052-0%2F052-0%200D08-00.Room%20Photo1.180910.jpg&appVersion=1.000082&signature=9e68d802fbf4bb77c740b4909bc0c0b622e46340d5e88efa6cfedc33ef6bac5e,,,,"Hackman, Christine (CSM-KINE)",
052-0 0D10-00,Science,1,334.39,115600-CSM-Kinesiology & Public Hlth,250 - Research Lab,10,00 Unapplicable,4 Research Laboratories,,https://www.appsheet.com/image/getimageurl?appName=CalPolySpaceManagement2025-1009913&tableName=Facilities&fileName=Facilities_Images%2F052-0%2F052-0%200D10-00.Room%20Photo1.181145.jpg&appVersion=1.000082&signature=7acd8fae75d55cc97e5bde7685d6fd24553a1bd56cf110c844df282e478f4c46,,,,"Hackman, Christine (CSM-KINE);Roberts, Joni (Campus Health & Wellbeing);Roberts, Joni (CSM-KINE)",
052-0 0D13-00,Science,1,1192.26,117500-CSM-College of Science & Math,250 - Research Lab,20,00 Unapplicable,4 Research Laboratories,Nuestra ciencia,https://www.appsheet.com/image/getimageurl?appName=CalPolySpaceManagement2025-1009913&tableName=Facilities&fileName=Facilities_Images%2F052-0%2F052-0%200D13-00.Room%20Photo1.181434.jpg&appVersion=1.000082&signature=22a812027e5a05f5f43b2f27bc72f2abfb8995447f2018fa5335e2739629e956,https://www.appsheet.com/image/getimageurl?appName=CalPolySpaceManagement2025-1009913&tableName=Facilities&fileName=Facilities_Images%2F052-0%2F052-0%200D13-00.Room%20Photo2.181434.jpg&appVersion=1.000082&signature=49d0de672d45e77b128bd36690599bf62f948667ab1fd05bf897c2fc27184ab8,https://www.appsheet.com/image/getimageurl?appName=CalPolySpaceManagement2025-1009913&tableName=Facilities&fileName=Facilities_Images%2F052-0%2F052-0%200D13-00.Room%20Photo3.181434.jpg&appVersion=1.000082&signature=1b93badd90446bf44ec74b85e37c1e09e22d75957a382bb8200d6c2ea2868e40,,"Yep, Alejandra (CSM-BIO);Nation, Jasmine (CSM-LS)",
052-0 0D14-00,Science,1,168.49,117500-CSM-College of Science & Math,255 - Research Lab Service,0,00 Unapplicable,4 Research Laboratories,Chemistry waste room,https://www.appsheet.com/image/getimageurl?appName=CalPolySpaceManagement2025-1009913&tableName=Facilities&fileName=Facilities_Images%2F052-0%2F052-0%200D14-00.Room%20Photo1.181712.jpg&appVersion=1.000082&signature=fcf78d97df5c7a06b4321498d43f7944d2444ca14465d1a95f7f519e1063399d,,,,,
052-0 0D14-A0,Science,1,83.22,117500-CSM-College of Science & Math,255 - Research Lab Service,2,01 Tbl/Ch,4 Research Laboratories,,https://www.appsheet.com/image/getimageurl?appName=CalPolySpaceManagement2025-1009913&tableName=Facilities&fileName=Facilities_Images%2F052-0%2F052-0%200D14-A0.Room%20Photo1.181546.jpg&appVersion=1.000082&signature=1e7abc85c34d33b346ddb1c280cc4cfc7ff56f00ae3f5745dc33d2156629cc0f,,,,"Nation, Jasmine (CSM-LS)",
052-0 0D09-00,Science,1,211.18,115600-CSM-Kinesiology & Public Hlth,250 - Research Lab,6,00 Unapplicable,4 Research Laboratories,,https://www.appsheet.com/image/getimageurl?appName=CalPolySpaceManagement2025-1009913&tableName=Facilities&fileName=Facilities_Images%2F052-0%2F052-0%200D09-00.Room%20Photo1.181018.jpg&appVersion=1.000082&signature=e83cfaea35d13e1bc6b28b60925d530bfcdb99397eec04a030a9850ba8311aca,,,,"Roberts, Joni (Campus Health & Wellbeing);Roberts, Joni (CSM-KINE)",
052-0 0D16-00,Science,1,215.47,117500-CSM-College of Science & Math,250 - Research Lab,0,00 Unapplicable,4 Research Laboratories,,https://www.appsheet.com/image/getimageurl?appName=CalPolySpaceManagement2025-1009913&tableName=Facilities&fileName=Facilities_Images%2F052-0%2F052-0%200D16-00.Room%20Photo1.182033.jpg&appVersion=1.000082&signature=494c408e653a379421bc39d2a83307dc9113b44b45a7749ddeabc7ac4a0c92cf,,,,,
052-0 0D20-00,Science,1,1206.62,117500-CSM-College of Science & Math,250 - Research Lab,20,00 Unapplicable,4 Research Laboratories,,https://www.appsheet.com/image/getimageurl?appName=CalPolySpaceManagement2025-1009913&tableName=Facilities&fileName=Facilities_Images%2F052-0%2F052-0%200D20-00.Room%20Photo1.182216.jpg&appVersion=1.000082&signature=039ab5eac9e82fe0524e3d08f051fe304adc297f2adb63b522cbe8a15e92ecf6,https://www.appsheet.com/image/getimageurl?appName=CalPolySpaceManagement2025-1009913&tableName=Facilities&fileName=Facilities_Images%2F052-0%2F052-0%200D20-00.Room%20Photo2.182216.jpg&appVersion=1.000082&signature=a0bb1ff3aa6cdf042b244970770cc8000574407f8c247a0017c88878d4f26b94,https://www.appsheet.com/image/getimageurl?appName=CalPolySpaceManagement2025-1009913&tableName=Facilities&fileName=Facilities_Images%2F052-0%2F052-0%200D20-00.Room%20Photo3.182216.jpg&appVersion=1.000082&signature=ddc20f6dbb5c91847c95a50c3470d09c70875e6cea445fd62e43b9cbaa9da4f1,,,
052-0 0D21-00,Science,1,996.77,115600-CSM-Kinesiology & Public Hlth,250 - Research Lab,0,00 Unapplicable,4 Research Laboratories,,https://www.appsheet.com/image/getimageurl?appName=CalPolySpaceManagement2025-1009913&tableName=Facilities&fileName=Facilities_Images%2F052-0%2F052-0%200D21-00.Room%20Photo1.182346.jpg&appVersion=1.000082&signature=255ae8069ad72c96bc4356374806113a5689162359728e2df29a3d754a751f2e,https://www.appsheet.com/image/getimageurl?appName=CalPolySpaceManagement2025-1009913&tableName=Facilities&fileName=Facilities_Images%2F052-0%2F052-0%200D21-00.Room%20Photo2.182346.jpg&appVersion=1.000082&signature=00116f7bb7b5a1c748e0db99322aad58fa3654c032d222d90463ca5096046962,,,,
052-0 0D22-00,Science,1,247.21,115100-CSM-Biological Sciences,250 - Research Lab,0,00 Unapplicable,4 Research Laboratories,,https://www.appsheet.com/image/getimageurl?appName=CalPolySpaceManagement2025-1009913&tableName=Facilities&fileName=Facilities_Images%2F052-0%2F052-0%200D22-00.Room%20Photo1.182546.jpg&appVersion=1.000082&signature=94722612f396ab249f6953ad1ac084bf7158e552b8b61702503d54a82f9dda41,,,,,
052-0 0D23-00,Science,1,108.19,115100-CSM-Biological Sciences,250 - Research Lab,0,00 Unapplicable,4 Research Laboratories,,https://www.appsheet.com/image/getimageurl?appName=CalPolySpaceManagement2025-1009913&tableName=Facilities&fileName=Facilities_Images%2F052-0%2F052-0%200D23-00.Room%20Photo1.182613.jpg&appVersion=1.000082&signature=c56ee3a9a7c1b0f721942c6d3c3e0db1c9f19ef1d367908b49dced930fa1af8a,,,,,
052-0 0D23-A0,Science,1,568.8,115100-CSM-Biological Sciences,250 - Research Lab,0,00 Unapplicable,4 Research Laboratories,,https://www.appsheet.com/image/getimageurl?appName=CalPolySpaceManagement2025-1009913&tableName=Facilities&fileName=Facilities_Images%2F052-0%2F052-0%200D23-A0.Room%20Photo1.182744.jpg&appVersion=1.000082&signature=5dde0340fa9131b3ffb3ad4e1091f4ef9fb4f726c3a6e12d6e1d844f61d1736c,https://www.appsheet.com/image/getimageurl?appName=CalPolySpaceManagement2025-1009913&tableName=Facilities&fileName=Facilities_Images%2F052-0%2F052-0%200D23-A0.Room%20Photo2.182744.jpg&appVersion=1.000082&signature=c3ab4b489737d5f346b0775e01a92ec491cd31a5bbd5052df7d07a8cf55ef734,https://www.appsheet.com/image/getimageurl?appName=CalPolySpaceManagement2025-1009913&tableName=Facilities&fileName=Facilities_Images%2F052-0%2F052-0%200D23-A0.Room%20Photo3.182744.jpg&appVersion=1.000082&signature=316c248235c1f85b5d6cecc4a32b46ea581cfbe376eaaa21a038059a47e7251c,https://www.appsheet.com/image/getimageurl?appName=CalPolySpaceManagement2025-1009913&tableName=Facilities&fileName=Facilities_Images%2F052-0%2F052-0%200D23-A0.Room%20Photo4.182745.jpg&appVersion=1.000082&signature=72563df8b709e9db1ef8255404fd59cb89f8525645c2956380bc2afdbdf5c3ca,,
052-0 0D15-00,Science,1,1208.89,117500-CSM-College of Science & Math,250 - Research Lab,20,00 Unapplicable,4 Research Laboratories,,https://www.appsheet.com/image/getimageurl?appName=CalPolySpaceManagement2025-1009913&tableName=Facilities&fileName=Facilities_Images%2F052-0%2F052-0%200D15-00.Room%20Photo1.181942.jpg&appVersion=1.000082&signature=5b70d0bc3ccc2de23078c8c858f624370e26c3ae2ba7e53c256404e66eb91b7e,https://www.appsheet.com/image/getimageurl?appName=CalPolySpaceManagement2025-1009913&tableName=Facilities&fileName=Facilities_Images%2F052-0%2F052-0%200D15-00.Room%20Photo2.181942.jpg&appVersion=1.000082&signature=5aafe412846263282a5f0645f27bc49a8236b9979e0cc1db1bb2abbe37f86484,https://www.appsheet.com/image/getimageurl?appName=CalPolySpaceManagement2025-1009913&tableName=Facilities&fileName=Facilities_Images%2F052-0%2F052-0%200D15-00.Room%20Photo3.181942.jpg&appVersion=1.000082&signature=5c5a6780f5003b4800d7f8452785ad8e17022f6c7ae0cef255212c8a5236c902,https://www.appsheet.com/image/getimageurl?appName=CalPolySpaceManagement2025-1009913&tableName=Facilities&fileName=Facilities_Images%2F052-0%2F052-0%200D15-00.Room%20Photo4.181943.jpg&appVersion=1.000082&signature=b1811209765681171d303723eabc4462974048006dad6d02cd24a8c2e676aec0,"Holland, Kurt (CSM-EDUC);Holland, Kurt (CSM-LS);Sapper, Erik (CSM-CHEM)",
053-0 0310-00,Science North,3,589.76,115100-CSM-Biological Sciences,311 - Staff Office,2,00 Unapplicable,5 Academic Unit Offices,,https://www.appsheet.com/image/getimageurl?appName=CalPolySpaceManagement2025-1009913&tableName=Facilities&fileName=Facilities_Images%2F053-0%2F053-0%200310-00.Room%20Photo1.165837.jpg&appVersion=1.000082&signature=a2ef7da37016f1f76f3751def5da6a646d6623936f0980d15a34da6517e0d256,https://www.appsheet.com/image/getimageurl?appName=CalPolySpaceManagement2025-1009913&tableName=Facilities&fileName=Facilities_Images%2F053-0%2F053-0%200310-00.Room%20Photo2.165837.jpg&appVersion=1.000082&signature=5181ccb08886a4cdc8c436e61a784d6c85789e6d8c477e4eea484fdfd759a1bf,,,"Paolilli, Dena (CSM-BIO);Merriam, John (CSM-BIO)",
053-0 0309-00,Science North,3,429.43,115100-CSM-Biological Sciences,215 - Teaching Lab Service,2,00 Unapplicable,2 Class Laboratories,,https://www.appsheet.com/image/getimageurl?appName=CalPolySpaceManagement2025-1009913&tableName=Facilities&fileName=Facilities_Images%2F053-0%2F053-0%200309-00.Room%20Photo1.170040.jpg&appVersion=1.000082&signature=52e9254639aeea9c0a4e989b6244f9f96074da10c7216908d323ff59cdc3f79c,,,,,
053-0 0308-00,Science North,3,"1,034.26",115100-CSM-Biological Sciences,210 - Teaching Lab,24,03 Blt-In,2 Class Laboratories,,https://www.appsheet.com/image/getimageurl?appName=CalPolySpaceManagement2025-1009913&tableName=Facilities&fileName=Facilities_Images%2F053-0%2F053-0%200308-00.Room%20Photo1.170154.jpg&appVersion=1.000082&signature=57f986a0f753ee769ac2e63b50d20950f044bcf16616ad4a38983b1197f3dff4,https://www.appsheet.com/image/getimageurl?appName=CalPolySpaceManagement2025-1009913&tableName=Facilities&fileName=Facilities_Images%2F053-0%2F053-0%200308-00.Room%20Photo2.170154.jpg&appVersion=1.000082&signature=c9188029716a452f1041a8ba604eb4202d5208ac7e0d89faa787c0d4f967ddbb,,,,
053-0 0307-00,Science North,3,"1,022.18",115100-CSM-Biological Sciences,210 - Teaching Lab,24,03 Blt-In,2 Class Laboratories,,https://www.appsheet.com/image/getimageurl?appName=CalPolySpaceManagement2025-1009913&tableName=Facilities&fileName=Facilities_Images%2F053-0%2F053-0%200307-00.Room%20Photo1.171214.jpg&appVersion=1.000082&signature=70d56672d3941ec06f441af300e3de87b6605c28a6e6591ad76f33509b5fc14d,https://www.appsheet.com/image/getimageurl?appName=CalPolySpaceManagement2025-1009913&tableName=Facilities&fileName=Facilities_Images%2F053-0%2F053-0%200307-00.Room%20Photo2.171214.jpg&appVersion=1.000082&signature=1f6aa88ce7cf5682f0b17ddcbe155d5a43610f8508c3090f8632d9924b01e121,https://www.appsheet.com/image/getimageurl?appName=CalPolySpaceManagement2025-1009913&tableName=Facilities&fileName=Facilities_Images%2F053-0%2F053-0%200307-00.Room%20Photo3.171214.jpg&appVersion=1.000082&signature=0c1dbc133fbba13017b4cfd723144f5bbf4effe35181efdde22e1baa316712e0,,,
053-0 0304-00,Science North,3,"1,052.46",115100-CSM-Biological Sciences,210 - Teaching Lab,24,03 Blt-In,2 Class Laboratories,,https://www.appsheet.com/image/getimageurl?appName=CalPolySpaceManagement2025-1009913&tableName=Facilities&fileName=Facilities_Images%2F053-0%2F053-0%200304-00.Room%20Photo1.171824.jpg&appVersion=1.000082&signature=2afd42ae6669b26379ff19222eff01041bcccc789cdf46d86cb9b3bb8a24c827,https://www.appsheet.com/image/getimageurl?appName=CalPolySpaceManagement2025-1009913&tableName=Facilities&fileName=Facilities_Images%2F053-0%2F053-0%200304-00.Room%20Photo2.171824.jpg&appVersion=1.000082&signature=a7aa790ff1f9f0700fb84c827a27a8ddc8083a7eadc760829ee802984aa0b0b8,,,,
053-0 0305-00,Science North,3,423.5,115100-CSM-Biological Sciences,250 - Research Lab,3,00 Unapplicable,4 Research Laboratories,,https://www.appsheet.com/image/getimageurl?appName=CalPolySpaceManagement2025-1009913&tableName=Facilities&fileName=Facilities_Images%2F053-0%2F053-0%200305-00.Room%20Photo1.171707.jpg&appVersion=1.000082&signature=eb6bf60d05307acc1b4be65026beb98a4cad3d8520cd9253a482680f5c85c453,https://www.appsheet.com/image/getimageurl?appName=CalPolySpaceManagement2025-1009913&tableName=Facilities&fileName=Facilities_Images%2F053-0%2F053-0%200305-00.Room%20Photo2.171707.jpg&appVersion=1.000082&signature=35732fcbec7179776ae2dc66dc4f1d9c93856223060fb180717412322c6c971f,https://www.appsheet.com/image/getimageurl?appName=CalPolySpaceManagement2025-1009913&tableName=Facilities&fileName=Facilities_Images%2F053-0%2F053-0%200305-00.Room%20Photo3.171707.jpg&appVersion=1.000082&signature=00287faaf67072ccf2233f32eee115b9975ae164ec6f779db99f8f74dba0f0c5,,"Keeling, Elena (CSM-BIO)",
053-0 0220-00,Science North,2,162.38,115100-CSM-Biological Sciences,310 - Faculty Office,2,04 Dsk/Ch,5 Academic Unit Offices,,https://www.appsheet.com/image/getimageurl?appName=CalPolySpaceManagement2025-1009913&tableName=Facilities&fileName=Facilities_Images%2F053-0%2F053-0%200220-00.Room%20Photo1.164133.jpg&appVersion=1.000082&signature=a1d8bdcc7ba0537c580577e7ebca637a9d0a41254dcfb3da34b82b0c3dbaabbe,,,,,
053-0 0311-00,Science North,3,"1,250.75",115100-CSM-Biological Sciences,210 - Teaching Lab,24,03 Blt-In,2 Class Laboratories,,https://www.appsheet.com/image/getimageurl?appName=CalPolySpaceManagement2025-1009913&tableName=Facilities&fileName=Facilities_Images%2F053-0%2F053-0%200311-00.Room%20Photo1.165943.jpg&appVersion=1.000082&signature=c19f598629a94d52203750d2f109a0bc569ead0f00d9ebe0b411c1727a0ed425,,,,,
053-0 0306-00,Science North,3,435.48,115100-CSM-Biological Sciences,255 - Research Lab Service,0,00 Unapplicable,4 Research Laboratories,,https://www.appsheet.com/image/getimageurl?appName=CalPolySpaceManagement2025-1009913&tableName=Facilities&fileName=Facilities_Images%2F053-0%2F053-0%200306-00.Room%20Photo1.171514.jpg&appVersion=1.000082&signature=edb04b7b2d0dc629a0f0fec18c9a8f390d61f53545c8900f7ae0fde6a6c164c6,https://www.appsheet.com/image/getimageurl?appName=CalPolySpaceManagement2025-1009913&tableName=Facilities&fileName=Facilities_Images%2F053-0%2F053-0%200306-00.Room%20Photo2.171514.jpg&appVersion=1.000082&signature=a9c8fdc181cdb10c75fe0103b951adca693ff1c62244ff28a942bae0454fd923,,,,
053-0 0312-00,Science North,3,736.12,115100-CSM-Biological Sciences,215 - Teaching Lab Service,0,00 Unapplicable,2 Class Laboratories,,https://www.appsheet.com/image/getimageurl?appName=CalPolySpaceManagement2025-1009913&tableName=Facilities&fileName=Facilities_Images%2F053-0%2F053-0%200312-00.Room%20Photo1.170401.jpg&appVersion=1.000082&signature=29f22910cdf3c186c98a01d4779f8d2a8373ebfa7942c49bdf19cc7084c3a8ad,https://www.appsheet.com/image/getimageurl?appName=CalPolySpaceManagement2025-1009913&tableName=Facilities&fileName=Facilities_Images%2F053-0%2F053-0%200312-00.Room%20Photo2.170401.jpg&appVersion=1.000082&signature=61f0ee1ec025ac90571504971649caa1be582bb14389e5e021f0957b1dbf1bc4,https://www.appsheet.com/image/getimageurl?appName=CalPolySpaceManagement2025-1009913&tableName=Facilities&fileName=Facilities_Images%2F053-0%2F053-0%200312-00.Room%20Photo3.170401.jpg&appVersion=1.000082&signature=f107f056b72dab1c2a4ffaa6d217d563cc4aed0aafe350ba065f16ee20f1ff9a,,,
053-0 0316-00,Science North,3,648.88,115100-CSM-Biological Sciences,250 - Research Lab,8,00 Unapplicable,4 Research Laboratories,,https://www.appsheet.com/image/getimageurl?appName=CalPolySpaceManagement2025-1009913&tableName=Facilities&fileName=Facilities_Images%2F053-0%2F053-0%200316-00.Room%20Photo1.172007.jpg&appVersion=1.000082&signature=8ba17dd5be56554be56c10d41a628825ed7707dc21cdbcb97b90f6aa9a1111e9,https://www.appsheet.com/image/getimageurl?appName=CalPolySpaceManagement2025-1009913&tableName=Facilities&fileName=Facilities_Images%2F053-0%2F053-0%200316-00.Room%20Photo2.172007.jpg&appVersion=1.000082&signature=ad0a2c642c48e0c2dc3b10293886693ff9b21dcf1c86a0f8f4c8150f50eaa6fc,,,"Adams, Nikki (CSM-BIO)",
053-0 0312-B0,Science North,3,14,115100-CSM-Biological Sciences,215 - Teaching Lab Service,0,00 Unapplicable,2 Class Laboratories,,https://www.appsheet.com/image/getimageurl?appName=CalPolySpaceManagement2025-1009913&tableName=Facilities&fileName=Facilities_Images%2F053-0%2F053-0%200312-B0.Room%20Photo1.170744.jpg&appVersion=1.000082&signature=b0e2f0914984200e1cbc18b801b72ffe8f8912e80731715bcddfe0418e26369c,,,,,
053-0 0312-C0,Science North,3,124.51,115100-CSM-Biological Sciences,215 - Teaching Lab Service,0,00 Unapplicable,2 Class Laboratories,,https://www.appsheet.com/image/getimageurl?appName=CalPolySpaceManagement2025-1009913&tableName=Facilities&fileName=Facilities_Images%2F053-0%2F053-0%200312-C0.Room%20Photo1.170639.jpg&appVersion=1.000082&signature=d49f57b4d41c61415f15240e87d9fb16c1e2b0924604b7a347c3a6a8a89918bc,,,,,
053-0 0312-D0,Science North,3,75.96,115100-CSM-Biological Sciences,215 - Teaching Lab Service,0,00 Unapplicable,2 Class Laboratories,,https://www.appsheet.com/image/getimageurl?appName=CalPolySpaceManagement2025-1009913&tableName=Facilities&fileName=Facilities_Images%2F053-0%2F053-0%200312-D0.Room%20Photo1.170706.jpg&appVersion=1.000082&signature=4ab8d11f52dc4037762b84544693a189e0d4f15945ce400b8d2d58c7d36d5636,,,,,
053-0 0312-E0,Science North,3,161.29,115100-CSM-Biological Sciences,211 - Special Instruction,0,00 Unapplicable,3 Open Laboratories,,https://www.appsheet.com/image/getimageurl?appName=CalPolySpaceManagement2025-1009913&tableName=Facilities&fileName=Facilities_Images%2F053-0%2F053-0%200312-E0.Room%20Photo1.170529.jpg&appVersion=1.000082&signature=108601f5dac994e3af65ff01416265462199c971bc9bf755d54b738a5f9bf4a1,https://www.appsheet.com/image/getimageurl?appName=CalPolySpaceManagement2025-1009913&tableName=Facilities&fileName=Facilities_Images%2F053-0%2F053-0%200312-E0.Room%20Photo2.170529.jpg&appVersion=1.000082&signature=058252d6c82a2ed1734c504d4ce529a13f5999e177460a9545feb4652a06c631,,,,
053-0 0314-00,Science North,3,69.88,115100-CSM-Biological Sciences,780 - General Storage,0,00 Unapplicable,13 Other Academic Space,,https://www.appsheet.com/image/getimageurl?appName=CalPolySpaceManagement2025-1009913&tableName=Facilities&fileName=Facilities_Images%2F053-0%2F053-0%200314-00.Room%20Photo1.171405.jpg&appVersion=1.000082&signature=d809e634d6a82877aa65e080cdb3bf36b2df93d929fdbfc5e6d99e1c9e0be122,https://www.appsheet.com/image/getimageurl?appName=CalPolySpaceManagement2025-1009913&tableName=Facilities&fileName=Facilities_Images%2F053-0%2F053-0%200314-00.Room%20Photo2.171405.jpg&appVersion=1.000082&signature=b977e8047fbd9e5aabf85108f1d45a1707394bfc65e6840f7f8aca51af7ef8ad,,,,
053-0 0219-00,Science North,2,160.97,115100-CSM-Biological Sciences,310 - Faculty Office,2,04 Dsk/Ch,5 Academic Unit Offices,,https://www.appsheet.com/image/getimageurl?appName=CalPolySpaceManagement2025-1009913&tableName=Facilities&fileName=Facilities_Images%2F053-0%2F053-0%200219-00.Room%20Photo1.164059.jpg&appVersion=1.000082&signature=bd3e8dcc8025589cc930164ba624364fee9c5adb242fa4208cf04e4144986395,,,,"Johnson, Kevin (CSM-BIO)",
053-0 0316-A0,Science North,3,65,115100-CSM-Biological Sciences,255 - Research Lab Service,0,00 Unapplicable,4 Research Laboratories,,https://www.appsheet.com/image/getimageurl?appName=CalPolySpaceManagement2025-1009913&tableName=Facilities&fileName=Facilities_Images%2F053-0%2F053-0%200316-A0.Room%20Photo1.172055.jpg&appVersion=1.000082&signature=470bd223d8f9624c536a6237957bff0d9220ab17a9614bbcd9576bb2af12686f,,,,"Adams, Nikki (CSM-BIO)",
053-0 0317-00,Science North,3,337.23,115100-CSM-Biological Sciences,320 - Student Office,7,00 Unapplicable,5 Academic Unit Offices,,https://www.appsheet.com/image/getimageurl?appName=CalPolySpaceManagement2025-1009913&tableName=Facilities&fileName=Facilities_Images%2F053-0%2F053-0%200317-00.Room%20Photo1.172232.jpg&appVersion=1.000082&signature=77333348231d258c57b4373966056fa47f6d99dd2dd05ad69e382c095a871a91,https://www.appsheet.com/image/getimageurl?appName=CalPolySpaceManagement2025-1009913&tableName=Facilities&fileName=Facilities_Images%2F053-0%2F053-0%200317-00.Room%20Photo2.172232.jpg&appVersion=1.000082&signature=9eb3a30286bec061c2fe8c77bbe6ede1259d99a48f8b67e50e96438059e36577,,,"Adams, Nikki (CSM-BIO)",
053-0 0318-00,Science North,3,283.62,115100-CSM-Biological Sciences,250 - Research Lab,6,00 Unapplicable,4 Research Laboratories,Sean Ryan office,https://www.appsheet.com/image/getimageurl?appName=CalPolySpaceManagement2025-1009913&tableName=Facilities&fileName=Facilities_Images%2F053-0%2F053-0%200318-00.Room%20Photo1.172522.jpg&appVersion=1.000082&signature=296df070d6fc67bad569bbc90e2c02e21ce2ee0fae3300cb8bf0e8600d0ef84c,,,,"Yost, Jenn (CSM-BIO);Ritter, Matt (CSM-BIO)",
053-0 0312-A0,Science North,3,83.34,115100-CSM-Biological Sciences,215 - Teaching Lab Service,1,00 Unapplicable,2 Class Laboratories,,https://www.appsheet.com/image/getimageurl?appName=CalPolySpaceManagement2025-1009913&tableName=Facilities&fileName=Facilities_Images%2F053-0%2F053-0%200312-A0.Room%20Photo1.170843.jpg&appVersion=1.000082&signature=4fd33441f759b34eaa9fc4f613756a5f791992710186baca540d95399cad07e4,,,,,
053-0 0218-00,Science North,2,168.63,115100-CSM-Biological Sciences,311 - Staff Office,2,04 Dsk/Ch,5 Academic Unit Offices,,https://www.appsheet.com/image/getimageurl?appName=CalPolySpaceManagement2025-1009913&tableName=Facilities&fileName=Facilities_Images%2F053-0%2F053-0%200218-00.Room%20Photo1.163925.jpg&appVersion=1.000082&signature=99239c3efea013069a10410ae5b4d3cb9b1a7df1c293ae46dc12579dd96af8dd,,,,,
053-0 0313-00,Science North,3,"1,393.95",115100-CSM-Biological Sciences,210 - Teaching Lab,24,03 Blt-In,2 Class Laboratories,,https://www.appsheet.com/image/getimageurl?appName=CalPolySpaceManagement2025-1009913&tableName=Facilities&fileName=Facilities_Images%2F053-0%2F053-0%200313-00.Room%20Photo1.171054.jpg&appVersion=1.000082&signature=3c478a6b0d8149ccbf31cdb2bd1fa4639284a26404b45f91869edc10c02a9490,https://www.appsheet.com/image/getimageurl?appName=CalPolySpaceManagement2025-1009913&tableName=Facilities&fileName=Facilities_Images%2F053-0%2F053-0%200313-00.Room%20Photo2.171054.jpg&appVersion=1.000082&signature=e19ab12c243e3482b16b3290f40c3400128487bf89ed39c0163ad6bba7514f31,,,,
053-0 0216-00,Science North,2,46.37,117501-CSM-Advising Center,315 - Office Service,0,00 Unapplicable,5 Academic Unit Offices,,https://www.appsheet.com/image/getimageurl?appName=CalPolySpaceManagement2025-1009913&tableName=Facilities&fileName=Facilities_Images%2F053-0%2F053-0%200216-00.Room%20Photo1.165509.jpg&appVersion=1.000082&signature=0165c795f2829369003d697a6cefb7f0eb7d9994f50b4fefcdc14af9932b25ba,,,,,
053-0 0107-00,Science North,1,310.29,115100-CSM-Biological Sciences,250 - Research Lab,4,00 Unapplicable,4 Research Laboratories,,https://www.appsheet.com/image/getimageurl?appName=CalPolySpaceManagement2025-1009913&tableName=Facilities&fileName=Facilities_Images%2F053-0%2F053-0%200107-00.Room%20Photo1.161506.jpg&appVersion=1.000082&signature=dfb955231c1547e5c10b5fb4a7ea4a88e09791df8421c90a69598d7b9cfe51dd,,,,"Tomanek, Lars (CSM-BIO);Adams, Nikki (CSM-BIO)",
053-0 0108-00,Science North,1,"1,075.54",115100-CSM-Biological Sciences,210 - Teaching Lab,24,03 Blt-In,2 Class Laboratories,,https://www.appsheet.com/image/getimageurl?appName=CalPolySpaceManagement2025-1009913&tableName=Facilities&fileName=Facilities_Images%2F053-0%2F053-0%200108-00.Room%20Photo1.161620.jpg&appVersion=1.000082&signature=68e5a37bda24299689215f2b47a63b4413fc67be8a18084b9090adee76b9a762,https://www.appsheet.com/image/getimageurl?appName=CalPolySpaceManagement2025-1009913&tableName=Facilities&fileName=Facilities_Images%2F053-0%2F053-0%200108-00.Room%20Photo2.161620.jpg&appVersion=1.000082&signature=1ebacc0921c76d2a1cf05241bb928af9e0b2a914c267bd87a89d97c84f54b7f5,,,,
053-0 0109-00,Science North,1,282.6,115100-CSM-Biological Sciences,311 - Staff Office,3,00 Unapplicable,5 Academic Unit Offices,,https://www.appsheet.com/image/getimageurl?appName=CalPolySpaceManagement2025-1009913&tableName=Facilities&fileName=Facilities_Images%2F053-0%2F053-0%200109-00.Room%20Photo1.162409.jpg&appVersion=1.000082&signature=b35a05bd68a3e939918e7a028e46a5db50bbc84dac5454bb1e0bf22d43efba51,,,,"Bersin, Theresa (CSM-BIO)",
053-0 0110-00,Science North,1,"1,064.49",115100-CSM-Biological Sciences,210 - Teaching Lab,24,03 Blt-In,2 Class Laboratories,Add 110A hall,https://www.appsheet.com/image/getimageurl?appName=CalPolySpaceManagement2025-1009913&tableName=Facilities&fileName=Facilities_Images%2F053-0%2F053-0%200110-00.Room%20Photo1.162512.jpg&appVersion=1.000082&signature=52a03b22ca198dc35b5f62bd14a285226ba9de874698259bc39cdf561b008251,https://www.appsheet.com/image/getimageurl?appName=CalPolySpaceManagement2025-1009913&tableName=Facilities&fileName=Facilities_Images%2F053-0%2F053-0%200110-00.Room%20Photo2.162512.jpg&appVersion=1.000082&signature=1980013c3c181e973d3b62ffeecd84bb367a6a4376769135e872c9315a42693a,https://www.appsheet.com/image/getimageurl?appName=CalPolySpaceManagement2025-1009913&tableName=Facilities&fileName=Facilities_Images%2F053-0%2F053-0%200110-00.Room%20Photo3.162647.jpg&appVersion=1.000082&signature=e51471cd0267a60665361fe0718d1555a37770330e090d73ae9e6da944f6c5b0,,,
053-0 0217-00,Science North,2,30.99,115100-CSM-Biological Sciences,780 - General Storage,0,00 Unapplicable,13 Other Academic Space,,https://www.appsheet.com/image/getimageurl?appName=CalPolySpaceManagement2025-1009913&tableName=Facilities&fileName=Facilities_Images%2F053-0%2F053-0%200217-00.Room%20Photo1.163831.jpg&appVersion=1.000082&signature=f62e9d53532f56d37631a12172cf2adb450b24c5d248e39d1dc06dd9d2c8a45a,,,,,
053-0 0113-00,Science North,1,"1,092.32",115100-CSM-Biological Sciences,210 - Teaching Lab,24,03 Blt-In,2 Class Laboratories,,https://www.appsheet.com/image/getimageurl?appName=CalPolySpaceManagement2025-1009913&tableName=Facilities&fileName=Facilities_Images%2F053-0%2F053-0%200113-00.Room%20Photo1.162224.jpg&appVersion=1.000082&signature=143ed0cd19bafea8bd580ac674b34246febd0db012e2cdd145d35695e1b2ab6d,https://www.appsheet.com/image/getimageurl?appName=CalPolySpaceManagement2025-1009913&tableName=Facilities&fileName=Facilities_Images%2F053-0%2F053-0%200113-00.Room%20Photo2.162224.jpg&appVersion=1.000082&signature=07bb2ae99364542481d592a4eaf67f186c59f272b8764c52b50359d3529410e7,,,,
053-0 0114-00,Science North,1,824.34,115100-CSM-Biological Sciences,250 - Research Lab,8,00 Unapplicable,4 Research Laboratories,,https://www.appsheet.com/image/getimageurl?appName=CalPolySpaceManagement2025-1009913&tableName=Facilities&fileName=Facilities_Images%2F053-0%2F053-0%200114-00.Room%20Photo1.162002.jpg&appVersion=1.000082&signature=a1de84ffac4a27730d521f208b7740a4c8939cbdb83833327a6548b6cb0ba07d,https://www.appsheet.com/image/getimageurl?appName=CalPolySpaceManagement2025-1009913&tableName=Facilities&fileName=Facilities_Images%2F053-0%2F053-0%200114-00.Room%20Photo2.162002.jpg&appVersion=1.000082&signature=392b1c871b6feb25ee530f5406cfd0924516bf24f2d91a934237f5945c8a0ab8,,,"Wendt, Dean (CSM-DEAN);Ruttenberg, Ben (CSM-BIO)",
053-0 0115-00,Science North,1,"1,090.86",115100-CSM-Biological Sciences,210 - Teaching Lab,24,03 Blt-In,2 Class Laboratories,,https://www.appsheet.com/image/getimageurl?appName=CalPolySpaceManagement2025-1009913&tableName=Facilities&fileName=Facilities_Images%2F053-0%2F053-0%200115-00.Room%20Photo1.161726.jpg&appVersion=1.000082&signature=8f6e89eadfb0ca370079f81739645458610172c3f43b9407c7a83aed41fae940,https://www.appsheet.com/image/getimageurl?appName=CalPolySpaceManagement2025-1009913&tableName=Facilities&fileName=Facilities_Images%2F053-0%2F053-0%200115-00.Room%20Photo2.161726.jpg&appVersion=1.000082&signature=5485ee80bb04126f2cca9ef7e1311b9e876ef1d4d7b9e265907975192e40a607,,,,
053-0 0203-00,Science North,2,742.89,115500-CSM-Physics,115 - Lecture Service,0,00 Unapplicable,1 Classrooms,,https://www.appsheet.com/image/getimageurl?appName=CalPolySpaceManagement2025-1009913&tableName=Facilities&fileName=Facilities_Images%2F053-0%2F053-0%200203-00.Room%20Photo1.164606.jpg&appVersion=1.000082&signature=c2fde100bb22de302808033d6a28e2b0213578c54a8609feb2d1f469e6568fcd,https://www.appsheet.com/image/getimageurl?appName=CalPolySpaceManagement2025-1009913&tableName=Facilities&fileName=Facilities_Images%2F053-0%2F053-0%200203-00.Room%20Photo2.164606.jpg&appVersion=1.000082&signature=5aafc47d56009bddd060105e57278d8a5eb9d36c9b31edf871092dadbffc17ac,https://www.appsheet.com/image/getimageurl?appName=CalPolySpaceManagement2025-1009913&tableName=Facilities&fileName=Facilities_Images%2F053-0%2F053-0%200203-00.Room%20Photo3.164606.jpg&appVersion=1.000082&signature=b7e95df977c4236585d6b3fbb5e4f88664834618eede2da7d61c1b9c0b580822,,,
053-0 0205-00,Science North,2,125.67,117501-CSM-Advising Center,216 - Other Special Support,2,04 Dsk/Ch,5 Academic Unit Offices,,https://www.appsheet.com/image/getimageurl?appName=CalPolySpaceManagement2025-1009913&tableName=Facilities&fileName=Facilities_Images%2F053-0%2F053-0%200205-00.Room%20Photo1.183042.jpg&appVersion=1.000082&signature=f4db048750740a3aa84e76af4e257a814833ef57df0b168b29cbe3f552e27f26,https://www.appsheet.com/image/getimageurl?appName=CalPolySpaceManagement2025-1009913&tableName=Facilities&fileName=Facilities_Images%2F053-0%2F053-0%200205-00.Room%20Photo2.183042.jpg&appVersion=1.000082&signature=d753a6c19516e5013a701a4c9367a31172b4a18ef7d72d174b982fb076974d5f,,,,
053-0 0210-A0,Science North,2,115.31,117501-CSM-Advising Center,311 - Staff Office,1,04 Dsk/Ch,5 Academic Unit Offices,,https://www.appsheet.com/image/getimageurl?appName=CalPolySpaceManagement2025-1009913&tableName=Facilities&fileName=Facilities_Images%2F053-0%2F053-0%200210-A0.Room%20Photo1.165337.jpg&appVersion=1.000082&signature=8e1455355ac6b483ee2cb631656fbdae6db1b8031284c6cef5295e308c604398,,,,"Engvall, Annastatius (CSM-Advising)",
053-0 0210-B0,Science North,2,115.31,117501-CSM-Advising Center,311 - Staff Office,1,04 Dsk/Ch,5 Academic Unit Offices,,https://www.appsheet.com/image/getimageurl?appName=CalPolySpaceManagement2025-1009913&tableName=Facilities&fileName=Facilities_Images%2F053-0%2F053-0%200210-B0.Room%20Photo1.183842.jpg&appVersion=1.000082&signature=870a29bf98b353dc4b2b923787f03519486a576f37d217c02ac5d5db1c02b2b9,,,,"Davis, Shonna (CSM-Advising)",
053-0 0210-C0,Science North,2,115.31,117501-CSM-Advising Center,311 - Staff Office,2,04 Dsk/Ch,5 Academic Unit Offices,,https://www.appsheet.com/image/getimageurl?appName=CalPolySpaceManagement2025-1009913&tableName=Facilities&fileName=Facilities_Images%2F053-0%2F053-0%200210-C0.Room%20Photo1.184106.jpg&appVersion=1.000082&signature=c59b7556d0995cff56584e88b8e540ee3ef50d229bd2cd665150ac20875dab6c,,,,"Gibson, Andria (CSM-Advising)",
053-0 0210-D0,Science North,2,23.33,117501-CSM-Advising Center,315 - Office Service,0,00 Unapplicable,5 Academic Unit Offices,,https://www.appsheet.com/image/getimageurl?appName=CalPolySpaceManagement2025-1009913&tableName=Facilities&fileName=Facilities_Images%2F053-0%2F053-0%200210-D0.Room%20Photo1.184039.jpg&appVersion=1.000082&signature=c3cb452380320d2c7f849e247bd76a504ac32843edc84a25ecaff347bc438fe9,,,,,
053-0 0210-E0,Science North,2,154.9,117501-CSM-Advising Center,311 - Staff Office,1,04 Dsk/Ch,5 Academic Unit Offices,,https://www.appsheet.com/image/getimageurl?appName=CalPolySpaceManagement2025-1009913&tableName=Facilities&fileName=Facilities_Images%2F053-0%2F053-0%200210-E0.Room%20Photo1.184237.jpg&appVersion=1.000082&signature=ed0f33b2a03b1027130164190e9944ba185eabbf3e4f63e2bec2f4bdea714119,,,,"Wilson, Laura (CSM-Advising)",
053-0 0210-F0,Science North,2,154.9,117501-CSM-Advising Center,311 - Staff Office,1,04 Dsk/Ch,5 Academic Unit Offices,,https://www.appsheet.com/image/getimageurl?appName=CalPolySpaceManagement2025-1009913&tableName=Facilities&fileName=Facilities_Images%2F053-0%2F053-0%200210-F0.Room%20Photo1.183949.jpg&appVersion=1.000082&signature=c64d751ff7bf5a979c3376a8c7ae1f124f3fb9cb37afac9b2f4f47fa5bfec5af,,,,"Bergman, Anya (CSM-Advising)",
053-0 0210-G0,Science North,2,145.49,117501-CSM-Advising Center,311 - Staff Office,1,04 Dsk/Ch,5 Academic Unit Offices,,https://www.appsheet.com/image/getimageurl?appName=CalPolySpaceManagement2025-1009913&tableName=Facilities&fileName=Facilities_Images%2F053-0%2F053-0%200210-G0.Room%20Photo1.165109.jpg&appVersion=1.000082&signature=a31aee26ad56ae3cb544cf0226a4f8d19f9800d1fa69d25ad9d118d5153f35e6,,,,"Weddige, Kristi (CSM-Advising)",
053-0 0211-00,Science North,2,311.06,117501-CSM-Advising Center,311 - Staff Office,3,04 Dsk/Ch,5 Academic Unit Offices,,https://www.appsheet.com/image/getimageurl?appName=CalPolySpaceManagement2025-1009913&tableName=Facilities&fileName=Facilities_Images%2F053-0%2F053-0%200211-00.Room%20Photo1.164825.jpg&appVersion=1.000082&signature=82d7a84a886f439f32ed9305096d064ef214a6513572faacbb3387f6957d4cce,,,,,
053-0 0211-A0,Science North,2,106.5,117501-CSM-Advising Center,311 - Staff Office,1,04 Dsk/Ch,5 Academic Unit Offices,,https://www.appsheet.com/image/getimageurl?appName=CalPolySpaceManagement2025-1009913&tableName=Facilities&fileName=Facilities_Images%2F053-0%2F053-0%200211-A0.Room%20Photo1.165026.jpg&appVersion=1.000082&signature=7eab9aefe402f4a789a02293eded838c6e2dc84a1232ab06b197c26382f02c44,,,,"Johnstone, Jana (CSM-Advising)",
053-0 0211-B0,Science North,2,141.99,117501-CSM-Advising Center,311 - Staff Office,1,04 Dsk/Ch,5 Academic Unit Offices,,https://www.appsheet.com/image/getimageurl?appName=CalPolySpaceManagement2025-1009913&tableName=Facilities&fileName=Facilities_Images%2F053-0%2F053-0%200211-B0.Room%20Photo1.164936.jpg&appVersion=1.000082&signature=5e93a1d8fb3f85b7e13f738457cc73c7b0bf746448def0632e243acc0ec868b8,,,,"Lau, Ryan (CSM-Advising)",
053-0 0212-00,Science North,2,257.97,115100-CSM-Biological Sciences,250 - Research Lab,3,04 Dsk/Ch,4 Research Laboratories,,https://www.appsheet.com/image/getimageurl?appName=CalPolySpaceManagement2025-1009913&tableName=Facilities&fileName=Facilities_Images%2F053-0%2F053-0%200212-00.Room%20Photo1.164343.jpg&appVersion=1.000082&signature=5faddb42be08db3fd8f61e2d651782c3778a2fba8b3fae58ff73ded77f61c0d6,,,,"Francis, Clinton (CSM-BIO)",
053-0 0106-00,Science North,1,460.73,115100-CSM-Biological Sciences,250 - Research Lab,6,00 Unapplicable,4 Research Laboratories,,https://www.appsheet.com/image/getimageurl?appName=CalPolySpaceManagement2025-1009913&tableName=Facilities&fileName=Facilities_Images%2F053-0%2F053-0%200106-00.Room%20Photo1.161237.jpg&appVersion=1.000082&signature=3041e2d8ee9218f3388e08723046d775be6e33432ad1d5a3a293e125e010ad91,https://www.appsheet.com/image/getimageurl?appName=CalPolySpaceManagement2025-1009913&tableName=Facilities&fileName=Facilities_Images%2F053-0%2F053-0%200106-00.Room%20Photo2.161237.jpg&appVersion=1.000082&signature=0b39f30f6d0d071c352e5a586cd66e8aa81f0ebbbc17179551bcea5eae63db79,,,"White, Crow (CSM-BIO)",
053-0 0105-00,Science North,1,282.08,115100-CSM-Biological Sciences,250 - Research Lab,4,00 Unapplicable,4 Research Laboratories,,https://www.appsheet.com/image/getimageurl?appName=CalPolySpaceManagement2025-1009913&tableName=Facilities&fileName=Facilities_Images%2F053-0%2F053-0%200105-00.Room%20Photo1.161018.jpg&appVersion=1.000082&signature=da2d809290246ee7a47862ab4d4503c5956ca9af96f90c495fcddf16fbc6afd0,,,,"Kolluru, Gita (CSM-BIO)",
052-B 0910-00,Science Observatory,1,124.95,115500-CSM-Physics,211 - Special Instruction,0,00 Unapplicable,13 Other Academic Space,,https://www.appsheet.com/image/getimageurl?appName=CalPolySpaceManagement2025-1009913&tableName=Facilities&fileName=Facilities_Images%2F052-B%2F052-B%200910-00.Room%20Photo1.175956.jpg&appVersion=1.000082&signature=32922b87458e1c9638bd28399127a92328eafe83ffc9a062ba6bfcdff80201ac,https://www.appsheet.com/image/getimageurl?appName=CalPolySpaceManagement2025-1009913&tableName=Facilities&fileName=Facilities_Images%2F052-B%2F052-B%200910-00.Room%20Photo2.175956.jpg&appVersion=1.000082&signature=8b4d7fca113e6f173743f102905acc10961a17fdf5a28092f65d259468728752,https://www.appsheet.com/image/getimageurl?appName=CalPolySpaceManagement2025-1009913&tableName=Facilities&fileName=Facilities_Images%2F052-B%2F052-B%200910-00.Room%20Photo3.175956.jpg&appVersion=1.000082&signature=3b60156c5e24e68504d03ee6857ad7e57d172f63003ad4ac5c42f028e63016cb,,,
180-0 0521-00,Warren J. Baker Center for Science and Mathematics,5,105.41,115500-CSM-Physics,310 - Faculty Office,1,04 Dsk/Ch,5 Academic Unit Offices,,https://www.appsheet.com/image/getimageurl?appName=CalPolySpaceManagement2025-1009913&tableName=Facilities&fileName=Facilities_Images%2F180-0%2F180-0%200521-00.Room%20Photo1.173629.jpg&appVersion=1.000082&signature=eaac79b0a58ab68a23487108bfb3297f1f68ccbfd64b7e038889278296a9ba59,,,,"Johnston, Scott (CSM-PHYS)",
180-0 0465-00,Warren J. Baker Center for Science and Mathematics,4,"1,182.64",115200-CSM-Chemistry & Biochemistry,250 - Research Lab,16,01 Tbl/Ch,4 Research Laboratories,,https://www.appsheet.com/image/getimageurl?appName=CalPolySpaceManagement2025-1009913&tableName=Facilities&fileName=Facilities_Images%2F180-0%2F180-0%200465-00.Room%20Photo1.171709.jpg&appVersion=1.000082&signature=af37b7c57eb34b6c3012f145fb9604d0500e3ce51f29ae062d7500e489c69fcb,https://www.appsheet.com/image/getimageurl?appName=CalPolySpaceManagement2025-1009913&tableName=Facilities&fileName=Facilities_Images%2F180-0%2F180-0%200465-00.Room%20Photo2.171709.jpg&appVersion=1.000082&signature=dd6f0e2d96e8d140490a915102e3753a781f339e05fb9c6186d281385b8bca11,,,"Jones, Eric (CSM-CHEM);Wilkinson, Steven (CSM-CHEM);Hasselbrink, Carson (CSM-CHEM)",
180-0 0466-00,Warren J. Baker Center for Science and Mathematics,4,582.94,115200-CSM-Chemistry & Biochemistry,215 - Teaching Lab Service,0,00 Unapplicable,2 Class Laboratories,,https://www.appsheet.com/image/getimageurl?appName=CalPolySpaceManagement2025-1009913&tableName=Facilities&fileName=Facilities_Images%2F180-0%2F180-0%200466-00.Room%20Photo1.172103.jpg&appVersion=1.000082&signature=899e74584e494165cb2fe45ece3488331ef7b038e5626dccf1d6c2ec102bac12,https://www.appsheet.com/image/getimageurl?appName=CalPolySpaceManagement2025-1009913&tableName=Facilities&fileName=Facilities_Images%2F180-0%2F180-0%200466-00.Room%20Photo2.172103.jpg&appVersion=1.000082&signature=3ded823903a935b9c1e1472520ce550ed60b46142beb2c88f46e50e9bf11588a,,,,
180-0 0466-A0,Warren J. Baker Center for Science and Mathematics,4,100.54,115200-CSM-Chemistry & Biochemistry,215 - Teaching Lab Service,0,00 Unapplicable,2 Class Laboratories,,https://www.appsheet.com/image/getimageurl?appName=CalPolySpaceManagement2025-1009913&tableName=Facilities&fileName=Facilities_Images%2F180-0%2F180-0%200466-A0.Room%20Photo1.172319.jpg&appVersion=1.000082&signature=f08e6e5d2c682feb33071a1697f2f46ac315bc442e26d17eb2dd9197374ca1b5,https://www.appsheet.com/image/getimageurl?appName=CalPolySpaceManagement2025-1009913&tableName=Facilities&fileName=Facilities_Images%2F180-0%2F180-0%200466-A0.Room%20Photo2.172320.jpg&appVersion=1.000082&signature=0fc94b286eda9cfbce5db5089454459d7ca3f6329312bc9ed61429e831f08bca,,,,
180-0 0466-B0,Warren J. Baker Center for Science and Mathematics,4,97.9,115200-CSM-Chemistry & Biochemistry,215 - Teaching Lab Service,0,00 Unapplicable,2 Class Laboratories,,https://www.appsheet.com/image/getimageurl?appName=CalPolySpaceManagement2025-1009913&tableName=Facilities&fileName=Facilities_Images%2F180-0%2F180-0%200466-B0.Room%20Photo1.172621.jpg&appVersion=1.000082&signature=bc98f038da726ee252bf12c91aedd8c0e28f6651a01cadd13c357c0971387fa5,,,,,
180-0 0466-C0,Warren J. Baker Center for Science and Mathematics,4,98.42,115200-CSM-Chemistry & Biochemistry,311 - Staff Office,1,04 Dsk/Ch,5 Academic Unit Offices,,https://www.appsheet.com/image/getimageurl?appName=CalPolySpaceManagement2025-1009913&tableName=Facilities&fileName=Facilities_Images%2F180-0%2F180-0%200466-C0.Room%20Photo1.172706.jpg&appVersion=1.000082&signature=8c47adf5bad7f274551c9e987e71d4ca0b6803673288f27b8860ce64130a1471,,,,"Laubscher, Andrea (CSM-CHEM)",
180-0 0468-00,Warren J. Baker Center for Science and Mathematics,4,"1,177.86",115200-CSM-Chemistry & Biochemistry,210 - Teaching Lab,24,03 Blt-In,2 Class Laboratories,,https://www.appsheet.com/image/getimageurl?appName=CalPolySpaceManagement2025-1009913&tableName=Facilities&fileName=Facilities_Images%2F180-0%2F180-0%200468-00.Room%20Photo1.172844.jpg&appVersion=1.000082&signature=97c2cd636546153ffcc2e9f24bb0871470d53476ee4001556b031ed679b7a7be,https://www.appsheet.com/image/getimageurl?appName=CalPolySpaceManagement2025-1009913&tableName=Facilities&fileName=Facilities_Images%2F180-0%2F180-0%200468-00.Room%20Photo2.172844.jpg&appVersion=1.000082&signature=1d940a818223744d241ccd6215c6357908fd74c2c4e6de56fa6e02cfcdf4f870,https://www.appsheet.com/image/getimageurl?appName=CalPolySpaceManagement2025-1009913&tableName=Facilities&fileName=Facilities_Images%2F180-0%2F180-0%200468-00.Room%20Photo3.172844.jpg&appVersion=1.000082&signature=69d098fafd786a3515b82d0bdbcdf9ad72e9850e0b5a9befe06c1b4ccfe8d13b,,,
180-0 0469-00,Warren J. Baker Center for Science and Mathematics,4,"1,198.46",115200-CSM-Chemistry & Biochemistry,250 - Research Lab,16,01 Tbl/Ch,4 Research Laboratories,,https://www.appsheet.com/image/getimageurl?appName=CalPolySpaceManagement2025-1009913&tableName=Facilities&fileName=Facilities_Images%2F180-0%2F180-0%200469-00.Room%20Photo1.173352.jpg&appVersion=1.000082&signature=f5518706af1136d58e11a4e7f8470fca516c8e511f4aa8988faeff3c7f3ff14b,https://www.appsheet.com/image/getimageurl?appName=CalPolySpaceManagement2025-1009913&tableName=Facilities&fileName=Facilities_Images%2F180-0%2F180-0%200469-00.Room%20Photo2.173352.jpg&appVersion=1.000082&signature=1dfd8c6fa32bc6afe2178322f178a6a83f149a34d714eaacd121f1f7cb00ff8c,https://www.appsheet.com/image/getimageurl?appName=CalPolySpaceManagement2025-1009913&tableName=Facilities&fileName=Facilities_Images%2F180-0%2F180-0%200469-00.Room%20Photo3.173352.jpg&appVersion=1.000082&signature=d2162c02ad5bfdcd127a8a20a40656a785a3265b343a4d2167639a7119242def,,"Jones, Eric (CSM-CHEM);Fogle, Emily (CSM-CHEM);Wilkinson, Steven (CSM-CHEM);Hasselbrink, Carson (CSM-CHEM)",
180-0 0471-00,Warren J. Baker Center for Science and Mathematics,4,296.79,115200-CSM-Chemistry & Biochemistry,591 - Student Use,8,01 Tbl/Ch,11 Student-Centered Space,,https://www.appsheet.com/image/getimageurl?appName=CalPolySpaceManagement2025-1009913&tableName=Facilities&fileName=Facilities_Images%2F180-0%2F180-0%200471-00.Room%20Photo1.173533.jpg&appVersion=1.000082&signature=a99eeb7a2e72aaf3a4b73499dd8c36b05e43d72a6d498e6bcbb45845d859c584,https://www.appsheet.com/image/getimageurl?appName=CalPolySpaceManagement2025-1009913&tableName=Facilities&fileName=Facilities_Images%2F180-0%2F180-0%200471-00.Room%20Photo2.173533.jpg&appVersion=1.000082&signature=a3806d4f649f5e5faccd3048073e70a1d38446efa0d82dd9df36fbc2f1a41e3d,,,,
180-0 0500-A0,Warren J. Baker Center for Science and Mathematics,5,"1,164.32",115500-CSM-Physics,651 - Collaborative Learning/Study,30,01 Tbl/Ch,7 Library + Study Space,,https://www.appsheet.com/image/getimageurl?appName=CalPolySpaceManagement2025-1009913&tableName=Facilities&fileName=Facilities_Images%2F180-0%2F180-0%200500-A0.Room%20Photo1.173255.jpg&appVersion=1.000082&signature=de556798a7e441f3e67817941e160e16eb71276cc3c4f5a99198634327afd818,https://www.appsheet.com/image/getimageurl?appName=CalPolySpaceManagement2025-1009913&tableName=Facilities&fileName=Facilities_Images%2F180-0%2F180-0%200500-A0.Room%20Photo2.173255.jpg&appVersion=1.000082&signature=90ba7822f991e01a1390e8fd45e647b958068938f76a5dc25bfc77548b6bf7e2,,,,
180-0 0522-00,Warren J. Baker Center for Science and Mathematics,5,102.54,115500-CSM-Physics,310 - Faculty Office,1,04 Dsk/Ch,5 Academic Unit Offices,,https://www.appsheet.com/image/getimageurl?appName=CalPolySpaceManagement2025-1009913&tableName=Facilities&fileName=Facilities_Images%2F180-0%2F180-0%200522-00.Room%20Photo1.173534.jpg&appVersion=1.000082&signature=2c2f96a57fe6156bff40fb95f7cf6b00645fe0d19c5d7175a259f9880b9abf4a,,,,"Fernsler, Jonathan (CSM-PHYS)",
180-0 0530-00,Warren J. Baker Center for Science and Mathematics,5,"1,198.94",115500-CSM-Physics,250 - Research Lab,16,00 Unapplicable,4 Research Laboratories,Sungar also uses space,https://www.appsheet.com/image/getimageurl?appName=CalPolySpaceManagement2025-1009913&tableName=Facilities&fileName=Facilities_Images%2F180-0%2F180-0%200530-00.Room%20Photo1.174750.jpg&appVersion=1.000082&signature=a9f08b2674569671082a6056a6e7a2231813c63524c9db2e2c9655d0a161550c,https://www.appsheet.com/image/getimageurl?appName=CalPolySpaceManagement2025-1009913&tableName=Facilities&fileName=Facilities_Images%2F180-0%2F180-0%200530-00.Room%20Photo2.174750.jpg&appVersion=1.000082&signature=15c90e98a63822aafacdfa2c11944996c70e49621007b9ae3f944a1042239960,https://www.appsheet.com/image/getimageurl?appName=CalPolySpaceManagement2025-1009913&tableName=Facilities&fileName=Facilities_Images%2F180-0%2F180-0%200530-00.Room%20Photo3.174750.jpg&appVersion=1.000082&signature=30e23bef8390f3ed9b3e6829944f8f3271edb27fd7015abfe477abe7b4e0fb27,https://www.appsheet.com/image/getimageurl?appName=CalPolySpaceManagement2025-1009913&tableName=Facilities&fileName=Facilities_Images%2F180-0%2F180-0%200530-00.Room%20Photo4.174751.jpg&appVersion=1.000082&signature=719efe507c90e07fb083b88543526e149b4d1c4bb4fcb57bba7f26365ec93240,"Garcia, Antonio (CSM-PHYS);Fernsler, Jonathan (CSM-PHYS);Schwartz, Peter (CSM-PHYS);Tabatabai, Pasha (CSM-PHYS)",
180-0 0508-00,Warren J. Baker Center for Science and Mathematics,5,105.43,115500-CSM-Physics,310 - Faculty Office,1,04 Dsk/Ch,5 Academic Unit Offices,,https://www.appsheet.com/image/getimageurl?appName=CalPolySpaceManagement2025-1009913&tableName=Facilities&fileName=Facilities_Images%2F180-0%2F180-0%200508-00.Room%20Photo1.174317.jpg&appVersion=1.000082&signature=db502c0984107e1f292b428aad54b6899b65d2244e9fafa2eb222b038a1eec34,,,,"Pechkis, Hyewon (CSM-PHYS)",
180-0 0509-00,Warren J. Baker Center for Science and Mathematics,5,105.39,115500-CSM-Physics,310 - Faculty Office,1,04 Dsk/Ch,5 Academic Unit Offices,,https://www.appsheet.com/image/getimageurl?appName=CalPolySpaceManagement2025-1009913&tableName=Facilities&fileName=Facilities_Images%2F180-0%2F180-0%200509-00.Room%20Photo1.174401.jpg&appVersion=1.000082&signature=8f1b489d8ae886c20ffcb49c0345c92c2641202f52d34216b2609c93e3cbaf18,,,,"Pechkis, Joseph (CSM-PHYS)",
180-0 0510-00,Warren J. Baker Center for Science and Mathematics,5,108.7,115500-CSM-Physics,310 - Faculty Office,1,04 Dsk/Ch,5 Academic Unit Offices,,https://www.appsheet.com/image/getimageurl?appName=CalPolySpaceManagement2025-1009913&tableName=Facilities&fileName=Facilities_Images%2F180-0%2F180-0%200510-00.Room%20Photo1.174455.jpg&appVersion=1.000082&signature=f71d225039b681efdeba2612b2288838ff32a325989ee0f255b8910d4910742a,,,,"Vokos, Stamatis (CSM-PHYS)",
180-0 0511-00,Warren J. Baker Center for Science and Mathematics,5,105.41,115500-CSM-Physics,310 - Faculty Office,1,04 Dsk/Ch,5 Academic Unit Offices,,https://www.appsheet.com/image/getimageurl?appName=CalPolySpaceManagement2025-1009913&tableName=Facilities&fileName=Facilities_Images%2F180-0%2F180-0%200511-00.Room%20Photo1.174546.jpg&appVersion=1.000082&signature=40800b0847ae60a1248249a16ec0f92c4aca9e011ec1b7a0163eac88ba057843,,,,"Shlaer, Benjamin (CSM-PHYS)",
180-0 0512-00,Warren J. Baker Center for Science and Mathematics,5,102.54,115500-CSM-Physics,310 - Faculty Office,1,04 Dsk/Ch,5 Academic Unit Offices,,https://www.appsheet.com/image/getimageurl?appName=CalPolySpaceManagement2025-1009913&tableName=Facilities&fileName=Facilities_Images%2F180-0%2F180-0%200512-00.Room%20Photo1.174639.jpg&appVersion=1.000082&signature=aff4bec586e84afe420adbbf67a0070af6d4b78971280e43c3f17f6c279bab9e,,,,"Holtzapple, Robert (CSM-PHYS)",
180-0 0513-00,Warren J. Baker Center for Science and Mathematics,5,105.08,117500-CSM-College of Science & Math,720 - Equip Maintenance/Repair Shop,0,00 Unapplicable,13 Other Academic Space,,https://www.appsheet.com/image/getimageurl?appName=CalPolySpaceManagement2025-1009913&tableName=Facilities&fileName=Facilities_Images%2F180-0%2F180-0%200513-00.Room%20Photo1.174049.jpg&appVersion=1.000082&signature=22936400db6d10a91f6d6297c7391b86a526ad3bd88814fdb0f85e2943fd318c,,,,,
180-0 0519-00,Warren J. Baker Center for Science and Mathematics,5,105.39,115500-CSM-Physics,310 - Faculty Office,1,04 Dsk/Ch,5 Academic Unit Offices,,https://www.appsheet.com/image/getimageurl?appName=CalPolySpaceManagement2025-1009913&tableName=Facilities&fileName=Facilities_Images%2F180-0%2F180-0%200519-00.Room%20Photo1.173832.jpg&appVersion=1.000082&signature=4d9ee14efd9818d358c00868d6179014a5b4eda52c09c9f4ac1cca6eea951605,,,,"Kuriabova, Tatiana (CSM-PHYS)",
180-0 0464-00,Warren J. Baker Center for Science and Mathematics,4,878.19,115200-CSM-Chemistry & Biochemistry,211 - Special Instruction,8,00 Unapplicable,3 Open Laboratories,,https://www.appsheet.com/image/getimageurl?appName=CalPolySpaceManagement2025-1009913&tableName=Facilities&fileName=Facilities_Images%2F180-0%2F180-0%200464-00.Room%20Photo1.171940.jpg&appVersion=1.000082&signature=733f8d45d1a95b2f7e3a6af9bbccc5cf0a41947c75e7cdc4d70e1dd2289cbeaf,https://www.appsheet.com/image/getimageurl?appName=CalPolySpaceManagement2025-1009913&tableName=Facilities&fileName=Facilities_Images%2F180-0%2F180-0%200464-00.Room%20Photo2.171940.jpg&appVersion=1.000082&signature=37929bc1a1161441ba6596c30e6e55014e5571d81dacbe44c232baa8624ed1a2,,,,
180-0 0520-00,Warren J. Baker Center for Science and Mathematics,5,108.7,115500-CSM-Physics,310 - Faculty Office,1,04 Dsk/Ch,5 Academic Unit Offices,,https://www.appsheet.com/image/getimageurl?appName=CalPolySpaceManagement2025-1009913&tableName=Facilities&fileName=Facilities_Images%2F180-0%2F180-0%200520-00.Room%20Photo1.173736.jpg&appVersion=1.000082&signature=de97b551dc5529f855056971b151bdd9c977ce491ea6d56cdfdfac2197989890,,,,"Jasbinsek, John (CSM-PHYS)",
180-0 0500-B0,Warren J. Baker Center for Science and Mathematics,5,902.39,115500-CSM-Physics,651 - Collaborative Learning/Study,30,00 Unapplicable,7 Library + Study Space,,https://www.appsheet.com/image/getimageurl?appName=CalPolySpaceManagement2025-1009913&tableName=Facilities&fileName=Facilities_Images%2F180-0%2F180-0%200500-B0.Room%20Photo1.174148.jpg&appVersion=1.000082&signature=3f1c494aade7fe81321baa76ee48cc5ab56ec4e60042dc643ba6a6ede1a4027c,https://www.appsheet.com/image/getimageurl?appName=CalPolySpaceManagement2025-1009913&tableName=Facilities&fileName=Facilities_Images%2F180-0%2F180-0%200500-B0.Room%20Photo2.174148.jpg&appVersion=1.000082&signature=a53ac4b35da490229829f43c2a953bd5ebc079cc0c6bbf138ef82cccf36cf623,,,,
180-0 0463-A0,Warren J. Baker Center for Science and Mathematics,4,116.42,115200-CSM-Chemistry & Biochemistry,211 - Special Instruction,0,00 Unapplicable,3 Open Laboratories,,https://www.appsheet.com/image/getimageurl?appName=CalPolySpaceManagement2025-1009913&tableName=Facilities&fileName=Facilities_Images%2F180-0%2F180-0%200463-A0.Room%20Photo1.171443.jpg&appVersion=1.000082&signature=0825890ef467b8ccd65ba1436cb947e9bb3023f258099d3200839d339f0f1dc9,,,,,
180-0 0431-00,Warren J. Baker Center for Science and Mathematics,4,"1,480.71",115200-CSM-Chemistry & Biochemistry,210 - Teaching Lab,16,03 Blt-In,2 Class Laboratories,,https://www.appsheet.com/image/getimageurl?appName=CalPolySpaceManagement2025-1009913&tableName=Facilities&fileName=Facilities_Images%2F180-0%2F180-0%200431-00.Room%20Photo1.164658.jpg&appVersion=1.000082&signature=8962b59585d50de9159c090f0038d3bc94ff10d0d2cb79e915214f135f50467d,https://www.appsheet.com/image/getimageurl?appName=CalPolySpaceManagement2025-1009913&tableName=Facilities&fileName=Facilities_Images%2F180-0%2F180-0%200431-00.Room%20Photo2.164658.jpg&appVersion=1.000082&signature=b104a75583e5f6ea2edeeca5d122db1fafb5a9743827708971a79ccfa1f99c1e,,,,
180-0 0462-00,Warren J. Baker Center for Science and Mathematics,4,"1,042.79",115200-CSM-Chemistry & Biochemistry,250 - Research Lab,12,01 Tbl/Ch,4 Research Laboratories,,https://www.appsheet.com/image/getimageurl?appName=CalPolySpaceManagement2025-1009913&tableName=Facilities&fileName=Facilities_Images%2F180-0%2F180-0%200462-00.Room%20Photo1.171148.jpg&appVersion=1.000082&signature=60f928078edc9fe5357d0c09f405d9b87b9b1af7a4626e285acf450f18a90043,https://www.appsheet.com/image/getimageurl?appName=CalPolySpaceManagement2025-1009913&tableName=Facilities&fileName=Facilities_Images%2F180-0%2F180-0%200462-00.Room%20Photo2.171148.jpg&appVersion=1.000082&signature=d72ded6eefba51b0776ca2c5c8f5f30ed25a2e193154dd648fcbe05129813102,https://www.appsheet.com/image/getimageurl?appName=CalPolySpaceManagement2025-1009913&tableName=Facilities&fileName=Facilities_Images%2F180-0%2F180-0%200462-00.Room%20Photo3.171148.jpg&appVersion=1.000082&signature=b4168572a9d937441539d02579c4270fb0357864101ed92d14f60f83182ac97c,,"Kingsbury, Kevin (CSM-CHEM);Campbell, Tammy (CSM-CHEM);Carroll, Jennifer (CSM-CHEM);Palandoken, HH (CSM-CHEM)",
180-0 0531-00,Warren J. Baker Center for Science and Mathematics,5,191.82,115100-CSM-Biological Sciences,255 - Research Lab Service,3,00 Unapplicable,4 Research Laboratories,,https://www.appsheet.com/image/getimageurl?appName=CalPolySpaceManagement2025-1009913&tableName=Facilities&fileName=Facilities_Images%2F180-0%2F180-0%200531-00.Room%20Photo1.174924.jpg&appVersion=1.000082&signature=b5ba72bcad88e8dc46405550a53b84d918a95c94d106c0e6d1cf42cb1da3e072,,,,,
180-0 0411-00,Warren J. Baker Center for Science and Mathematics,4,105.41,115200-CSM-Chemistry & Biochemistry,310 - Faculty Office,1,04 Dsk/Ch,5 Academic Unit Offices,,https://www.appsheet.com/image/getimageurl?appName=CalPolySpaceManagement2025-1009913&tableName=Facilities&fileName=Facilities_Images%2F180-0%2F180-0%200411-00.Room%20Photo1.203445.jpg&appVersion=1.000082&signature=70ab9add2472dcf715350a5829a9c8fa8ab6da3afba75515d5441f18e2aaf961,,,,"Frantz, Derik (CSM-CHEM)",
180-0 0412-00,Warren J. Baker Center for Science and Mathematics,4,102.54,115200-CSM-Chemistry & Biochemistry,310 - Faculty Office,1,04 Dsk/Ch,5 Academic Unit Offices,,https://www.appsheet.com/image/getimageurl?appName=CalPolySpaceManagement2025-1009913&tableName=Facilities&fileName=Facilities_Images%2F180-0%2F180-0%200412-00.Room%20Photo1.203546.jpg&appVersion=1.000082&signature=0de20a8cd689336b07fe3aad4c393ca97e54db83c86b87d472883cfd3dfcc43f,,,,"Carroll, Jennifer (CSM-CHEM)",
180-0 0413-00,Warren J. Baker Center for Science and Mathematics,4,94.93,117500-CSM-College of Science & Math,720 - Equip Maintenance/Repair Shop,0,00 Unapplicable,13 Other Academic Space,,https://www.appsheet.com/image/getimageurl?appName=CalPolySpaceManagement2025-1009913&tableName=Facilities&fileName=Facilities_Images%2F180-0%2F180-0%200413-00.Room%20Photo1.203658.jpg&appVersion=1.000082&signature=86f593fff74c91b1c72c38b21a2a8868944e2b0d252fa9008dac4325969bfaa7,,,,,
180-0 0416-00,Warren J. Baker Center for Science and Mathematics,4,102.54,115200-CSM-Chemistry & Biochemistry,310 - Faculty Office,1,04 Dsk/Ch,5 Academic Unit Offices,,https://www.appsheet.com/image/getimageurl?appName=CalPolySpaceManagement2025-1009913&tableName=Facilities&fileName=Facilities_Images%2F180-0%2F180-0%200416-00.Room%20Photo1.204515.jpg&appVersion=1.000082&signature=2f6d40f7ecf9632864747400af5b144c07191f00e0c58c5c8931b2f8435cd3a0,,,,"Fogle, Emily (CSM-CHEM)",
180-0 0417-00,Warren J. Baker Center for Science and Mathematics,4,105.41,115200-CSM-Chemistry & Biochemistry,310 - Faculty Office,1,04 Dsk/Ch,5 Academic Unit Offices,New faculty Lauren Manck,,,,,,
180-0 0418-00,Warren J. Baker Center for Science and Mathematics,4,105.41,115200-CSM-Chemistry & Biochemistry,310 - Faculty Office,1,04 Dsk/Ch,5 Academic Unit Offices,New faculty Bonnie Hall,,,,,,
180-0 0419-00,Warren J. Baker Center for Science and Mathematics,4,105.41,115200-CSM-Chemistry & Biochemistry,310 - Faculty Office,1,04 Dsk/Ch,5 Academic Unit Offices,,https://www.appsheet.com/image/getimageurl?appName=CalPolySpaceManagement2025-1009913&tableName=Facilities&fileName=Facilities_Images%2F180-0%2F180-0%200419-00.Room%20Photo1.204708.jpg&appVersion=1.000082&signature=281b92b152d356b9f664e7f66be5c3ba769fd555ef5c8b4c2ccb7b48746018f2,,,,"Goodman, Anya (CSM-CHEM)",
180-0 0420-00,Warren J. Baker Center for Science and Mathematics,4,108.7,115200-CSM-Chemistry & Biochemistry,310 - Faculty Office,1,04 Dsk/Ch,5 Academic Unit Offices,,https://www.appsheet.com/image/getimageurl?appName=CalPolySpaceManagement2025-1009913&tableName=Facilities&fileName=Facilities_Images%2F180-0%2F180-0%200420-00.Room%20Photo1.204800.jpg&appVersion=1.000082&signature=9d5881157c639cc1e881d080b1fcbbcc59b93cf1524b9b9f711e703691711f74,,,,"Zhang, Shanju (CSM-CHEM)",
180-0 0421-00,Warren J. Baker Center for Science and Mathematics,4,105.41,115200-CSM-Chemistry & Biochemistry,310 - Faculty Office,1,04 Dsk/Ch,5 Academic Unit Offices,,https://www.appsheet.com/image/getimageurl?appName=CalPolySpaceManagement2025-1009913&tableName=Facilities&fileName=Facilities_Images%2F180-0%2F180-0%200421-00.Room%20Photo1.204856.jpg&appVersion=1.000082&signature=d8646071d7495e97531f0ffabe7fe0e31dbdca109c582c9db09c69c6137cfcd4,,,,"Campbell, Tammy (CSM-CHEM)",
180-0 0463-00,Warren J. Baker Center for Science and Mathematics,4,468.66,115200-CSM-Chemistry & Biochemistry,211 - Special Instruction,4,00 Unapplicable,3 Open Laboratories,,https://www.appsheet.com/image/getimageurl?appName=CalPolySpaceManagement2025-1009913&tableName=Facilities&fileName=Facilities_Images%2F180-0%2F180-0%200463-00.Room%20Photo1.171342.jpg&appVersion=1.000082&signature=685e98f286410d0c3c874dc6245ad2a146265db217c217dfa870474d3433c1b4,https://www.appsheet.com/image/getimageurl?appName=CalPolySpaceManagement2025-1009913&tableName=Facilities&fileName=Facilities_Images%2F180-0%2F180-0%200463-00.Room%20Photo2.171342.jpg&appVersion=1.000082&signature=f604c405bac48d0f323a3c50ff74b5da20300d6e3e55d4cded0b5862130a81c8,,,,
180-0 0422-00,Warren J. Baker Center for Science and Mathematics,4,102.54,115200-CSM-Chemistry & Biochemistry,310 - Faculty Office,1,04 Dsk/Ch,5 Academic Unit Offices,,https://www.appsheet.com/image/getimageurl?appName=CalPolySpaceManagement2025-1009913&tableName=Facilities&fileName=Facilities_Images%2F180-0%2F180-0%200422-00.Room%20Photo1.204943.jpg&appVersion=1.000082&signature=218f028503eb7c19cbe15cd599a0bb9cfa2948e555c4b699450ee7f5233405a4,,,,"Wilkinson, Steven (CSM-CHEM)",
180-0 0432-00,Warren J. Baker Center for Science and Mathematics,4,597.19,115200-CSM-Chemistry & Biochemistry,215 - Teaching Lab Service,0,00 Unapplicable,2 Class Laboratories,,https://www.appsheet.com/image/getimageurl?appName=CalPolySpaceManagement2025-1009913&tableName=Facilities&fileName=Facilities_Images%2F180-0%2F180-0%200432-00.Room%20Photo1.164156.jpg&appVersion=1.000082&signature=7b43569d329020d8d84e2ea34068caa01f830fdf1681201ceb0af4981034f55d,https://www.appsheet.com/image/getimageurl?appName=CalPolySpaceManagement2025-1009913&tableName=Facilities&fileName=Facilities_Images%2F180-0%2F180-0%200432-00.Room%20Photo2.164156.jpg&appVersion=1.000082&signature=1e1c6207d87d3e2bb3dc01ebdd5c7ee3e15f3f4247d69b412dbebf210ab3220b,,,"DiBernardo, Celine (CSM-CHEM)",
180-0 0432-A0,Warren J. Baker Center for Science and Mathematics,4,180.54,115200-CSM-Chemistry & Biochemistry,215 - Teaching Lab Service,0,00 Unapplicable,2 Class Laboratories,,https://www.appsheet.com/image/getimageurl?appName=CalPolySpaceManagement2025-1009913&tableName=Facilities&fileName=Facilities_Images%2F180-0%2F180-0%200432-A0.Room%20Photo1.164315.jpg&appVersion=1.000082&signature=fa9ce720ae83425099d384c756abd9a61e0ac5b4f0ecae38a6b5dc7e48b048c5,https://www.appsheet.com/image/getimageurl?appName=CalPolySpaceManagement2025-1009913&tableName=Facilities&fileName=Facilities_Images%2F180-0%2F180-0%200432-A0.Room%20Photo2.164315.jpg&appVersion=1.000082&signature=c4d5e55f3f93740b46b1a36242e72e3bedf8eaf9eea560e205d708123b532db4,,,,
180-0 0433-00,Warren J. Baker Center for Science and Mathematics,4,893.73,115200-CSM-Chemistry & Biochemistry,211 - Special Instruction,0,00 Unapplicable,3 Open Laboratories,,https://www.appsheet.com/image/getimageurl?appName=CalPolySpaceManagement2025-1009913&tableName=Facilities&fileName=Facilities_Images%2F180-0%2F180-0%200433-00.Room%20Photo1.165029.jpg&appVersion=1.000082&signature=af0eba7b8271fe672140298c40aa73b83e1e0f0dcde6adf99619060031ec4ef0,https://www.appsheet.com/image/getimageurl?appName=CalPolySpaceManagement2025-1009913&tableName=Facilities&fileName=Facilities_Images%2F180-0%2F180-0%200433-00.Room%20Photo2.165029.jpg&appVersion=1.000082&signature=2800eaf0d1ca82f7ad965e3fe32463bec84e9b1396730f60f022a21da9a20eae,,,,
180-0 0434-00,Warren J. Baker Center for Science and Mathematics,4,310.78,115200-CSM-Chemistry & Biochemistry,760 - Hazardous Materials Storage,0,00 Unapplicable,13 Other Academic Space,,https://www.appsheet.com/image/getimageurl?appName=CalPolySpaceManagement2025-1009913&tableName=Facilities&fileName=Facilities_Images%2F180-0%2F180-0%200434-00.Room%20Photo1.164455.jpg&appVersion=1.000082&signature=865252aa170fa554e2833cfae7b02ec459da8116f1bf5ab58851f636eaa681ef,https://www.appsheet.com/image/getimageurl?appName=CalPolySpaceManagement2025-1009913&tableName=Facilities&fileName=Facilities_Images%2F180-0%2F180-0%200434-00.Room%20Photo2.164455.jpg&appVersion=1.000082&signature=2a8958248794ce0da002cef2f2dce885079eb2d1d5534f71d3af5db48d83e692,,,,
180-0 0435-00,Warren J. Baker Center for Science and Mathematics,4,"1,481.85",115200-CSM-Chemistry & Biochemistry,210 - Teaching Lab,16,03 Blt-In,2 Class Laboratories,,https://www.appsheet.com/image/getimageurl?appName=CalPolySpaceManagement2025-1009913&tableName=Facilities&fileName=Facilities_Images%2F180-0%2F180-0%200435-00.Room%20Photo1.165149.jpg&appVersion=1.000082&signature=250436fe2416d08dbb98db4e1bbc53813025bfdc6d32852b5233b771f256f359,https://www.appsheet.com/image/getimageurl?appName=CalPolySpaceManagement2025-1009913&tableName=Facilities&fileName=Facilities_Images%2F180-0%2F180-0%200435-00.Room%20Photo2.165149.jpg&appVersion=1.000082&signature=7da24c4263a22f220699dda7353c7a428bba1c01653ae371c2c6fb35f6ba42fa,,,,
180-0 0438-00,Warren J. Baker Center for Science and Mathematics,4,"1,487.90",115200-CSM-Chemistry & Biochemistry,210 - Teaching Lab,16,03 Blt-In,2 Class Laboratories,,https://www.appsheet.com/image/getimageurl?appName=CalPolySpaceManagement2025-1009913&tableName=Facilities&fileName=Facilities_Images%2F180-0%2F180-0%200438-00.Room%20Photo1.164849.jpg&appVersion=1.000082&signature=801d158ac3b45b04be82ae421b2439eb7b2af4e1d8e1e4b436c08b753020ff9a,https://www.appsheet.com/image/getimageurl?appName=CalPolySpaceManagement2025-1009913&tableName=Facilities&fileName=Facilities_Images%2F180-0%2F180-0%200438-00.Room%20Photo2.164849.jpg&appVersion=1.000082&signature=50485c801af464f3943eecf42dd1dce90e26827ee173a9a158d7db70b7bc16db,,,,
180-0 0440-00,Warren J. Baker Center for Science and Mathematics,4,557.56,115200-CSM-Chemistry & Biochemistry,215 - Teaching Lab Service,12,00 Unapplicable,2 Class Laboratories,,https://www.appsheet.com/image/getimageurl?appName=CalPolySpaceManagement2025-1009913&tableName=Facilities&fileName=Facilities_Images%2F180-0%2F180-0%200440-00.Room%20Photo1.165540.jpg&appVersion=1.000082&signature=b557257641c5eabc94738034a07d7b205d2f0571dbe758799217c55f4610dd55,https://www.appsheet.com/image/getimageurl?appName=CalPolySpaceManagement2025-1009913&tableName=Facilities&fileName=Facilities_Images%2F180-0%2F180-0%200440-00.Room%20Photo2.165540.jpg&appVersion=1.000082&signature=8c72ea9e3df9e44a4a5d9a832ca9a8c5fe2f81ce712f0c4f052758e6d6f90c05,,,,
180-0 0442-00,Warren J. Baker Center for Science and Mathematics,4,"1,457.50",115200-CSM-Chemistry & Biochemistry,250 - Research Lab,18,01 Tbl/Ch,4 Research Laboratories,,https://www.appsheet.com/image/getimageurl?appName=CalPolySpaceManagement2025-1009913&tableName=Facilities&fileName=Facilities_Images%2F180-0%2F180-0%200442-00.Room%20Photo1.165917.jpg&appVersion=1.000082&signature=c47cd1911cc9cbe575032baff711308eb2916e55f64a943758cde552942e3d09,https://www.appsheet.com/image/getimageurl?appName=CalPolySpaceManagement2025-1009913&tableName=Facilities&fileName=Facilities_Images%2F180-0%2F180-0%200442-00.Room%20Photo2.165917.jpg&appVersion=1.000082&signature=e716f5b243ca2a8253c25176e9d77745b3754123e01daf026848a80059690dba,https://www.appsheet.com/image/getimageurl?appName=CalPolySpaceManagement2025-1009913&tableName=Facilities&fileName=Facilities_Images%2F180-0%2F180-0%200442-00.Room%20Photo3.165917.jpg&appVersion=1.000082&signature=2a3af5cc6fa5675176aeda661fac508e5ee4b0941213bdd926773f976faa8599,,"Eagon, Scott (CSM-CHEM);Frantz, Derik (CSM-CHEM);Kantorowski, Eric (CSM-CHEM)",
180-0 0460-00,Warren J. Baker Center for Science and Mathematics,4,101.25,115200-CSM-Chemistry & Biochemistry,311 - Staff Office,1,04 Dsk/Ch,5 Academic Unit Offices,,https://www.appsheet.com/image/getimageurl?appName=CalPolySpaceManagement2025-1009913&tableName=Facilities&fileName=Facilities_Images%2F180-0%2F180-0%200460-00.Room%20Photo1.170411.jpg&appVersion=1.000082&signature=4a2e9a3a08786752a38e7f1fb3d1383aad509b5600254c00866181172f7581df,,,,"Shires, Paul (CSM-CHEM)",
180-0 0461-00,Warren J. Baker Center for Science and Mathematics,4,"1,187.01",115200-CSM-Chemistry & Biochemistry,210 - Teaching Lab,16,03 Blt-In,2 Class Laboratories,,https://www.appsheet.com/image/getimageurl?appName=CalPolySpaceManagement2025-1009913&tableName=Facilities&fileName=Facilities_Images%2F180-0%2F180-0%200461-00.Room%20Photo1.170742.jpg&appVersion=1.000082&signature=4636d1f1d3bb45b85703599f698925e14d49a4f92e6ac4aac0a03a27df50fd01,https://www.appsheet.com/image/getimageurl?appName=CalPolySpaceManagement2025-1009913&tableName=Facilities&fileName=Facilities_Images%2F180-0%2F180-0%200461-00.Room%20Photo2.170742.jpg&appVersion=1.000082&signature=c501de9135d94415ef5f4599977eb277215df4400428ff0c57cdf09e0fad9745,,,,
180-0 0430-00,Warren J. Baker Center for Science and Mathematics,4,113.07,115200-CSM-Chemistry & Biochemistry,311 - Staff Office,1,04 Dsk/Ch,5 Academic Unit Offices,,https://www.appsheet.com/image/getimageurl?appName=CalPolySpaceManagement2025-1009913&tableName=Facilities&fileName=Facilities_Images%2F180-0%2F180-0%200430-00.Room%20Photo1.164000.jpg&appVersion=1.000082&signature=c307ede0e5d3c6fe4e76b2d71e77498bf8a69d8c6dacec9a9ffc914e8951015f,,,,"DiBernardo, Celine (CSM-CHEM)",
180-0 0531-A0,Warren J. Baker Center for Science and Mathematics,5,77.12,115100-CSM-Biological Sciences,255 - Research Lab Service,0,00 Unapplicable,4 Research Laboratories,,https://www.appsheet.com/image/getimageurl?appName=CalPolySpaceManagement2025-1009913&tableName=Facilities&fileName=Facilities_Images%2F180-0%2F180-0%200531-A0.Room%20Photo1.175010.jpg&appVersion=1.000082&signature=ecd7c6acc3c6491ee1002a749c552eab4502aa2530abe87e4a2025592301760c,,,,,
180-0 0620-00,Warren J. Baker Center for Science and Mathematics,6,108.7,115500-CSM-Physics,310 - Faculty Office,1,04 Dsk/Ch,5 Academic Unit Offices,,https://www.appsheet.com/image/getimageurl?appName=CalPolySpaceManagement2025-1009913&tableName=Facilities&fileName=Facilities_Images%2F180-0%2F180-0%200620-00.Room%20Photo1.175120.jpg&appVersion=1.000082&signature=dd5c06f3eacd97744fa2650dc5ac805454866dd7eb6b08b735ec308b1933899a,,,,"Tabatabai, Pasha (CSM-PHYS)",
180-0 0533-A0,Warren J. Baker Center for Science and Mathematics,5,115.41,115200-CSM-Chemistry & Biochemistry,"312 - Admin Office - Dept Head, Lib, Dir, Assoc. Dean",1,04 Dsk/Ch,5 Academic Unit Offices,,https://www.appsheet.com/image/getimageurl?appName=CalPolySpaceManagement2025-1009913&tableName=Facilities&fileName=Facilities_Images%2F180-0%2F180-0%200533-A0.Room%20Photo1.180013.jpg&appVersion=1.000082&signature=92a58596eafc9fabbd85627196bf4e3cb3517df8b468170e446f41e9471af8e5,,,,"Fernando, Ray (CSM-CHEM)",
180-0 0618-00,Warren J. Baker Center for Science and Mathematics,6,105.43,115500-CSM-Physics,310 - Faculty Office,1,04 Dsk/Ch,5 Academic Unit Offices,,https://www.appsheet.com/image/getimageurl?appName=CalPolySpaceManagement2025-1009913&tableName=Facilities&fileName=Facilities_Images%2F180-0%2F180-0%200618-00.Room%20Photo1.175303.jpg&appVersion=1.000082&signature=b579e390c5019183071ecad5ec563391312e8c39e81e6e928818aa51ad1d0961,,,,"Toker, Isinsu (CSM-PHYS)",
180-0 0619-00,Warren J. Baker Center for Science and Mathematics,6,105.39,115500-CSM-Physics,310 - Faculty Office,1,04 Dsk/Ch,5 Academic Unit Offices,,https://www.appsheet.com/image/getimageurl?appName=CalPolySpaceManagement2025-1009913&tableName=Facilities&fileName=Facilities_Images%2F180-0%2F180-0%200619-00.Room%20Photo1.175215.jpg&appVersion=1.000082&signature=864416a87cde5e45eb439b8fe90aa2f2fe1ea4d04ef4a584eaccae1e40937549,,,,"Moelter, Matt (CSM-PHYS)",
180-0 0410-00,Warren J. Baker Center for Science and Mathematics,4,108.7,115200-CSM-Chemistry & Biochemistry,310 - Faculty Office,1,04 Dsk/Ch,5 Academic Unit Offices,,https://www.appsheet.com/image/getimageurl?appName=CalPolySpaceManagement2025-1009913&tableName=Facilities&fileName=Facilities_Images%2F180-0%2F180-0%200410-00.Room%20Photo1.203359.jpg&appVersion=1.000082&signature=75ad804271587cb158e56951abeadedc377040ec729df1646e2219b08acf4619,,,,"Oza, Javin (CSM-CHEM)",
180-0 0621-00,Warren J. Baker Center for Science and Mathematics,6,105.41,115500-CSM-Physics,310 - Faculty Office,1,04 Dsk/Ch,5 Academic Unit Offices,,https://www.appsheet.com/image/getimageurl?appName=CalPolySpaceManagement2025-1009913&tableName=Facilities&fileName=Facilities_Images%2F180-0%2F180-0%200621-00.Room%20Photo1.175029.jpg&appVersion=1.000082&signature=af44b104756e5292f390593c6e34b7ad402d8033d926797a3912bc822c6a0a0b,,,,"Sharpe, John (CSM-PHYS)",
180-0 0622-00,Warren J. Baker Center for Science and Mathematics,6,102.54,115500-CSM-Physics,310 - Faculty Office,1,04 Dsk/Ch,5 Academic Unit Offices,,https://www.appsheet.com/image/getimageurl?appName=CalPolySpaceManagement2025-1009913&tableName=Facilities&fileName=Facilities_Images%2F180-0%2F180-0%200622-00.Room%20Photo1.174943.jpg&appVersion=1.000082&signature=1094b436437de2e59a3fab5c90ebd3a27f3dbce163e6d90511ae81d70665ad6b,,,,"Bennert, Vardha N. (CSM-PHYS)",
180-0 0630-00,Warren J. Baker Center for Science and Mathematics,6,"1,201.77",115500-CSM-Physics,250 - Research Lab,16,00 Unapplicable,4 Research Laboratories,,https://www.appsheet.com/image/getimageurl?appName=CalPolySpaceManagement2025-1009913&tableName=Facilities&fileName=Facilities_Images%2F180-0%2F180-0%200630-00.Room%20Photo1.182225.jpg&appVersion=1.000082&signature=5c4a106fac170e0268424ee46c7e75e7ba8e98aabf090badf49d137614718017,https://www.appsheet.com/image/getimageurl?appName=CalPolySpaceManagement2025-1009913&tableName=Facilities&fileName=Facilities_Images%2F180-0%2F180-0%200630-00.Room%20Photo2.182225.jpg&appVersion=1.000082&signature=d72920751362fdfc620993de39597a0287c3541b4b97a020a5be972eb6ace407,https://www.appsheet.com/image/getimageurl?appName=CalPolySpaceManagement2025-1009913&tableName=Facilities&fileName=Facilities_Images%2F180-0%2F180-0%200630-00.Room%20Photo3.182225.jpg&appVersion=1.000082&signature=1a4390dcc7fabf1d2b88f4a2242aac84159ba9541d57729465ad43ecba5cc7ce,,"Bensky, Thomas (CSM-PHYS);Holtzapple, Robert (CSM-PHYS);Moelter, Matt (CSM-PHYS);Sharpe, John (CSM-PHYS)",
180-0 0631-00,Warren J. Baker Center for Science and Mathematics,6,274.33,115500-CSM-Physics,211 - Special Instruction,0,00 Unapplicable,3 Open Laboratories,,https://www.appsheet.com/image/getimageurl?appName=CalPolySpaceManagement2025-1009913&tableName=Facilities&fileName=Facilities_Images%2F180-0%2F180-0%200631-00.Room%20Photo1.182327.jpg&appVersion=1.000082&signature=7dafe776b569339ed610007ed803b1eb7c0b84098e74f815fb5f158aff70675a,,,,,
180-0 0633-00,Warren J. Baker Center for Science and Mathematics,6,900.85,115500-CSM-Physics,210 - Teaching Lab,12,03 Blt-In,2 Class Laboratories,,https://www.appsheet.com/image/getimageurl?appName=CalPolySpaceManagement2025-1009913&tableName=Facilities&fileName=Facilities_Images%2F180-0%2F180-0%200633-00.Room%20Photo1.182440.jpg&appVersion=1.000082&signature=109b22bcd0e3113aa9629cbb400a7a3ddfe983d5d390d44706d7f04175896292,https://www.appsheet.com/image/getimageurl?appName=CalPolySpaceManagement2025-1009913&tableName=Facilities&fileName=Facilities_Images%2F180-0%2F180-0%200633-00.Room%20Photo2.182440.jpg&appVersion=1.000082&signature=8dca4d70fd773b09d19a60f92c448e832292a109a2729146b2d783383ca6d237,,,,
180-0 0633-A0,Warren J. Baker Center for Science and Mathematics,6,149.05,115500-CSM-Physics,211 - Special Instruction,0,00 Unapplicable,3 Open Laboratories,,https://www.appsheet.com/image/getimageurl?appName=CalPolySpaceManagement2025-1009913&tableName=Facilities&fileName=Facilities_Images%2F180-0%2F180-0%200633-A0.Room%20Photo1.182544.jpg&appVersion=1.000082&signature=ad208b3ee4e61e9fd96d826b99509bebe6aec881377f93837c91e0aa5c3cbbff,,,,,
180-0 0633-B0,Warren J. Baker Center for Science and Mathematics,6,151.25,115500-CSM-Physics,211 - Special Instruction,0,00 Unapplicable,3 Open Laboratories,,https://www.appsheet.com/image/getimageurl?appName=CalPolySpaceManagement2025-1009913&tableName=Facilities&fileName=Facilities_Images%2F180-0%2F180-0%200633-B0.Room%20Photo1.182644.jpg&appVersion=1.000082&signature=0b125e9ab371a7193282c60a95ff6afcd6469a1f19ba816a7f456b7109ec1b33,https://www.appsheet.com/image/getimageurl?appName=CalPolySpaceManagement2025-1009913&tableName=Facilities&fileName=Facilities_Images%2F180-0%2F180-0%200633-B0.Room%20Photo2.182644.jpg&appVersion=1.000082&signature=d25fffa8adcd339faa2369f4a1d444623d8cc03ec97933aeffc27574674a43b9,,,,
180-0 0617-00,Warren J. Baker Center for Science and Mathematics,6,105.39,115500-CSM-Physics,310 - Faculty Office,1,04 Dsk/Ch,5 Academic Unit Offices,,https://www.appsheet.com/image/getimageurl?appName=CalPolySpaceManagement2025-1009913&tableName=Facilities&fileName=Facilities_Images%2F180-0%2F180-0%200617-00.Room%20Photo1.175412.jpg&appVersion=1.000082&signature=59a76533c2da4252f315bf4722081d838d02be679c65997259c4b83dfaaf361b,,,,"Christiansen, Jodi (CSM-PHYS)",
180-0 0634-00,Warren J. Baker Center for Science and Mathematics,6,"1,195.39",115500-CSM-Physics,210 - Teaching Lab,16,01 Tbl/Ch,2 Class Laboratories,,https://www.appsheet.com/image/getimageurl?appName=CalPolySpaceManagement2025-1009913&tableName=Facilities&fileName=Facilities_Images%2F180-0%2F180-0%200634-00.Room%20Photo1.182828.jpg&appVersion=1.000082&signature=8fae2a902dcd640f5420d8f04ca67fd99cf076f1447bb93a4ae21965474fb002,https://www.appsheet.com/image/getimageurl?appName=CalPolySpaceManagement2025-1009913&tableName=Facilities&fileName=Facilities_Images%2F180-0%2F180-0%200634-00.Room%20Photo2.182828.jpg&appVersion=1.000082&signature=5ae46cae3729c1a948f402e73b8916867204e924f4fee40ed1f3303b395b6a94,,,,
180-0 0635-A0,Warren J. Baker Center for Science and Mathematics,6,161.46,115500-CSM-Physics,250 - Research Lab,4,00 Unapplicable,4 Research Laboratories,,https://www.appsheet.com/image/getimageurl?appName=CalPolySpaceManagement2025-1009913&tableName=Facilities&fileName=Facilities_Images%2F180-0%2F180-0%200635-A0.Room%20Photo1.183256.jpg&appVersion=1.000082&signature=c6d2d11f87ab2b23a9e671f70340d792abf6a706351500e534de47c178641bab,,,,"Gillen, Katharina (CSM-PHYS)",
180-0 0636-00,Warren J. Baker Center for Science and Mathematics,6,423.62,115500-CSM-Physics,215 - Teaching Lab Service,0,00 Unapplicable,2 Class Laboratories,,https://www.appsheet.com/image/getimageurl?appName=CalPolySpaceManagement2025-1009913&tableName=Facilities&fileName=Facilities_Images%2F180-0%2F180-0%200636-00.Room%20Photo1.183647.jpg&appVersion=1.000082&signature=f66195e1d1f3ec6eee234350431e0dcc9822ce83e0aeb7ee735e6151ee39657d,https://www.appsheet.com/image/getimageurl?appName=CalPolySpaceManagement2025-1009913&tableName=Facilities&fileName=Facilities_Images%2F180-0%2F180-0%200636-00.Room%20Photo2.183647.jpg&appVersion=1.000082&signature=b38e88c489224cf401426fdde06f1243444037120ba163b5932e7aae1552d5af,,,,
180-0 0637-00,Warren J. Baker Center for Science and Mathematics,6,294.77,115500-CSM-Physics,591 - Student Use,12,00 Unapplicable,11 Student-Centered Space,,https://www.appsheet.com/image/getimageurl?appName=CalPolySpaceManagement2025-1009913&tableName=Facilities&fileName=Facilities_Images%2F180-0%2F180-0%200637-00.Room%20Photo1.183418.jpg&appVersion=1.000082&signature=db0fbe8128a4a3389e75561dc659dd55a5c2e254e6f4f75c9f34ab405cfb79cf,,,,,
180-0 0638-00,Warren J. Baker Center for Science and Mathematics,6,897.78,115500-CSM-Physics,210 - Teaching Lab,12,03 Blt-In,2 Class Laboratories,,https://www.appsheet.com/image/getimageurl?appName=CalPolySpaceManagement2025-1009913&tableName=Facilities&fileName=Facilities_Images%2F180-0%2F180-0%200638-00.Room%20Photo1.183806.jpg&appVersion=1.000082&signature=026c249fe554c0eadc1e357984a2a2612b78b59ff823f97d26c5d0dc8220732c,https://www.appsheet.com/image/getimageurl?appName=CalPolySpaceManagement2025-1009913&tableName=Facilities&fileName=Facilities_Images%2F180-0%2F180-0%200638-00.Room%20Photo2.183806.jpg&appVersion=1.000082&signature=9cebdf7e948e9d329049034749d5f4c8e087ec66ba7fa683096a6446813412c5,,,,
180-0 0639-00,Warren J. Baker Center for Science and Mathematics,6,368,115500-CSM-Physics,591 - Student Use,12,00 Unapplicable,11 Student-Centered Space,,https://www.appsheet.com/image/getimageurl?appName=CalPolySpaceManagement2025-1009913&tableName=Facilities&fileName=Facilities_Images%2F180-0%2F180-0%200639-00.Room%20Photo1.183537.jpg&appVersion=1.000082&signature=2bd98012f52801194eec92109eb27cc2321c1a82e3d2565d39e43af1f8f79fbe,https://www.appsheet.com/image/getimageurl?appName=CalPolySpaceManagement2025-1009913&tableName=Facilities&fileName=Facilities_Images%2F180-0%2F180-0%200639-00.Room%20Photo2.183537.jpg&appVersion=1.000082&signature=02348bdcd82229dbdd2a65aa18ad9bd131c4478cc35c96a29548e51c89186b9f,,,,
180-0 0640-00,Warren J. Baker Center for Science and Mathematics,6,161.62,115500-CSM-Physics,720 - Equip Maintenance/Repair Shop,0,00 Unapplicable,13 Other Academic Space,,https://www.appsheet.com/image/getimageurl?appName=CalPolySpaceManagement2025-1009913&tableName=Facilities&fileName=Facilities_Images%2F180-0%2F180-0%200640-00.Room%20Photo1.183853.jpg&appVersion=1.000082&signature=473ba1e7f500655dc42712fa0deb06c6471d12a7c65c2d8861a341ca73f9bcd8,,,,"Soderberg, Steve (CSM-PHYS)",
180-0 0640-A0,Warren J. Baker Center for Science and Mathematics,6,111.21,115500-CSM-Physics,311 - Staff Office,1,04 Dsk/Ch,5 Academic Unit Offices,,https://www.appsheet.com/image/getimageurl?appName=CalPolySpaceManagement2025-1009913&tableName=Facilities&fileName=Facilities_Images%2F180-0%2F180-0%200640-A0.Room%20Photo1.183950.jpg&appVersion=1.000082&signature=1dbcf6f76763a46387c4de34907625fd5487410e5dfcf74b6b1e53ff533cfdb3,,,,"Soderberg, Steve (CSM-PHYS)",
180-0 0642-00,Warren J. Baker Center for Science and Mathematics,6,729.81,115500-CSM-Physics,250 - Research Lab,16,00 Unapplicable,4 Research Laboratories,,https://www.appsheet.com/image/getimageurl?appName=CalPolySpaceManagement2025-1009913&tableName=Facilities&fileName=Facilities_Images%2F180-0%2F180-0%200642-00.Room%20Photo1.184353.jpg&appVersion=1.000082&signature=46b87afa6d7406879a5040b52b36daf83e89a7ec29c632e226341423fd24999c,https://www.appsheet.com/image/getimageurl?appName=CalPolySpaceManagement2025-1009913&tableName=Facilities&fileName=Facilities_Images%2F180-0%2F180-0%200642-00.Room%20Photo2.184353.jpg&appVersion=1.000082&signature=3a986c6c79bbe32fb2a351e30eff51c5c99e5bff4ec1170c1964e60d512270f5,https://www.appsheet.com/image/getimageurl?appName=CalPolySpaceManagement2025-1009913&tableName=Facilities&fileName=Facilities_Images%2F180-0%2F180-0%200642-00.Room%20Photo3.184353.jpg&appVersion=1.000082&signature=ee6e4e9d260d997ec7b794716985a419c456c41af5ab9bca9a914fdbf92f1f22,,"Bennert, Vardha N. (CSM-PHYS);Edwards, Louise (CSM-PHYS);Jasbinsek, John (CSM-PHYS);Jeffery, Elizabeth (CSM-PHYS);Villafana, Lizvette (CSM-PHYS)",
180-0 0660-00,Warren J. Baker Center for Science and Mathematics,6,108.64,115500-CSM-Physics,315 - Office Service,0,00 Unapplicable,5 Academic Unit Offices,,https://www.appsheet.com/image/getimageurl?appName=CalPolySpaceManagement2025-1009913&tableName=Facilities&fileName=Facilities_Images%2F180-0%2F180-0%200660-00.Room%20Photo1.181914.jpg&appVersion=1.000082&signature=b366d4341e1644c6e31d59d3e4e15b8cbfcffbfc44a2f3857ad061b9fee3fc92,,,,,
180-0 0661-00,Warren J. Baker Center for Science and Mathematics,6,315.6,115500-CSM-Physics,780 - General Storage,0,00 Unapplicable,13 Other Academic Space,,https://www.appsheet.com/image/getimageurl?appName=CalPolySpaceManagement2025-1009913&tableName=Facilities&fileName=Facilities_Images%2F180-0%2F180-0%200661-00.Room%20Photo1.181834.jpg&appVersion=1.000082&signature=b7dd71c8536cf41ac375f22d2a98ba7ab98d9d6693b6bcefe981aa5939366675,,,,,
180-0 0635-00,Warren J. Baker Center for Science and Mathematics,6,408.61,115500-CSM-Physics,250 - Research Lab,4,00 Unapplicable,4 Research Laboratories,,https://www.appsheet.com/image/getimageurl?appName=CalPolySpaceManagement2025-1009913&tableName=Facilities&fileName=Facilities_Images%2F180-0%2F180-0%200635-00.Room%20Photo1.183120.jpg&appVersion=1.000082&signature=12937c28bd8d7654a948cc349a399c04e4dca07894048d2c7665955eabadd079,https://www.appsheet.com/image/getimageurl?appName=CalPolySpaceManagement2025-1009913&tableName=Facilities&fileName=Facilities_Images%2F180-0%2F180-0%200635-00.Room%20Photo2.183120.jpg&appVersion=1.000082&signature=95835be70d1c705883ac5c630c4a6ddfaef52d99ab0b6db033bc9eef12e9fa02,,,"Pechkis, Hyewon (CSM-PHYS);Pechkis, Joseph (CSM-PHYS)",
180-0 0533-00,Warren J. Baker Center for Science and Mathematics,5,"1,806.89",115200-CSM-Chemistry & Biochemistry,250 - Research Lab,30,00 Unapplicable,4 Research Laboratories,Western Coatings,https://www.appsheet.com/image/getimageurl?appName=CalPolySpaceManagement2025-1009913&tableName=Facilities&fileName=Facilities_Images%2F180-0%2F180-0%200533-00.Room%20Photo1.175511.jpg&appVersion=1.000082&signature=16e69d6f242644ade6bd604d6e249ede267cfe924d93fcce5254bb4ce90e2727,https://www.appsheet.com/image/getimageurl?appName=CalPolySpaceManagement2025-1009913&tableName=Facilities&fileName=Facilities_Images%2F180-0%2F180-0%200533-00.Room%20Photo2.175511.jpg&appVersion=1.000082&signature=c56f68133f8dc2931437fc8f1c2e506ad2629e7b075810e133ad74793742a8fc,https://www.appsheet.com/image/getimageurl?appName=CalPolySpaceManagement2025-1009913&tableName=Facilities&fileName=Facilities_Images%2F180-0%2F180-0%200533-00.Room%20Photo3.175511.jpg&appVersion=1.000082&signature=897f7ae293dc2f962b38ec4e065d1b5e57a6c58309eb7d206b7929d870265d7d,https://www.appsheet.com/image/getimageurl?appName=CalPolySpaceManagement2025-1009913&tableName=Facilities&fileName=Facilities_Images%2F180-0%2F180-0%200533-00.Room%20Photo4.175511.jpg&appVersion=1.000082&signature=0b1515ba174935322637cc57444cdff4ea80e5a71ac70c751e3f002c1753b473,"Fernando, Ray (CSM-CHEM);Zhang, Shanju (CSM-CHEM)",
180-0 0616-00,Warren J. Baker Center for Science and Mathematics,6,102.48,115500-CSM-Physics,310 - Faculty Office,1,04 Dsk/Ch,5 Academic Unit Offices,,https://www.appsheet.com/image/getimageurl?appName=CalPolySpaceManagement2025-1009913&tableName=Facilities&fileName=Facilities_Images%2F180-0%2F180-0%200616-00.Room%20Photo1.175518.jpg&appVersion=1.000082&signature=d0226b3244d782d526498fd2de0af92391f2e72f28f861d8e5084e6da3d0fd01,,,,"Bensky, Thomas (CSM-PHYS)",
180-0 0614-00,Warren J. Baker Center for Science and Mathematics,6,108.69,115500-CSM-Physics,310 - Faculty Office,1,04 Dsk/Ch,5 Academic Unit Offices,,https://www.appsheet.com/image/getimageurl?appName=CalPolySpaceManagement2025-1009913&tableName=Facilities&fileName=Facilities_Images%2F180-0%2F180-0%200614-00.Room%20Photo1.175646.jpg&appVersion=1.000082&signature=8a49bd7f1803bce78b7e063c34403b72a0f27fc0915e2754c14a06ce3049c322,,,,"Mitchell, David (CSM-PHYS)",
180-0 0534-00,Warren J. Baker Center for Science and Mathematics,5,417.28,115100-CSM-Biological Sciences,250 - Research Lab,5,00 Unapplicable,4 Research Laboratories,,https://www.appsheet.com/image/getimageurl?appName=CalPolySpaceManagement2025-1009913&tableName=Facilities&fileName=Facilities_Images%2F180-0%2F180-0%200534-00.Room%20Photo1.175644.jpg&appVersion=1.000082&signature=9ebedd193b94cce8ee783697f9f6f7dc23c8127bbc7f4fd2a0368f4934d1a66c,https://www.appsheet.com/image/getimageurl?appName=CalPolySpaceManagement2025-1009913&tableName=Facilities&fileName=Facilities_Images%2F180-0%2F180-0%200534-00.Room%20Photo2.175644.jpg&appVersion=1.000082&signature=c48f14b807351819332ad7f3b0c8ea47ca9632ec958a53347da4fff64ea6d903,,,,
180-0 0534-A0,Warren J. Baker Center for Science and Mathematics,5,150.24,115100-CSM-Biological Sciences,250 - Research Lab,0,00 Unapplicable,4 Research Laboratories,,https://www.appsheet.com/image/getimageurl?appName=CalPolySpaceManagement2025-1009913&tableName=Facilities&fileName=Facilities_Images%2F180-0%2F180-0%200534-A0.Room%20Photo1.175834.jpg&appVersion=1.000082&signature=c9acb4ca53b4b8c38b5734c211f45f3a193b0cdc418163e48115795f5e4235d6,https://www.appsheet.com/image/getimageurl?appName=CalPolySpaceManagement2025-1009913&tableName=Facilities&fileName=Facilities_Images%2F180-0%2F180-0%200534-A0.Room%20Photo2.175834.jpg&appVersion=1.000082&signature=90956d27048ddd7b8321ba80ac1b91a57676a2f724cbeb509931038a7e1375e5,,,"Tabatabai, Pasha (CSM-PHYS)",
180-0 0535-00,Warren J. Baker Center for Science and Mathematics,5,184.9,115200-CSM-Chemistry & Biochemistry,311 - Staff Office,1,04 Dsk/Ch,5 Academic Unit Offices,,https://www.appsheet.com/image/getimageurl?appName=CalPolySpaceManagement2025-1009913&tableName=Facilities&fileName=Facilities_Images%2F180-0%2F180-0%200535-00.Room%20Photo1.180113.jpg&appVersion=1.000082&signature=71a04cceb1243c2fd031cb9917cd46f17b8b15fe5b322ee8c169e2a2ea24c664,,,,,
180-0 0536-00,Warren J. Baker Center for Science and Mathematics,5,193.49,115100-CSM-Biological Sciences,255 - Research Lab Service,0,00 Unapplicable,4 Research Laboratories,,https://www.appsheet.com/image/getimageurl?appName=CalPolySpaceManagement2025-1009913&tableName=Facilities&fileName=Facilities_Images%2F180-0%2F180-0%200536-00.Room%20Photo1.181310.jpg&appVersion=1.000082&signature=d8ac1bd253f51863ea42340c6f46494bfa357aee819bd5fa9e99f8dcd20f2ab8,,,,,
180-0 0537-00,Warren J. Baker Center for Science and Mathematics,5,574.11,115200-CSM-Chemistry & Biochemistry,350 - Conference Room,18,01 Tbl/Ch,5 Academic Unit Offices,,https://www.appsheet.com/image/getimageurl?appName=CalPolySpaceManagement2025-1009913&tableName=Facilities&fileName=Facilities_Images%2F180-0%2F180-0%200537-00.Room%20Photo1.180333.jpg&appVersion=1.000082&signature=a870663197efe9b902cef7697e922f074b853cf254bc25464ff8dd7884ba0592,https://www.appsheet.com/image/getimageurl?appName=CalPolySpaceManagement2025-1009913&tableName=Facilities&fileName=Facilities_Images%2F180-0%2F180-0%200537-00.Room%20Photo2.180333.jpg&appVersion=1.000082&signature=511e32f878429d085ca09523de5cd842a009ec3a388779d419f40ecccc91e5f3,https://www.appsheet.com/image/getimageurl?appName=CalPolySpaceManagement2025-1009913&tableName=Facilities&fileName=Facilities_Images%2F180-0%2F180-0%200537-00.Room%20Photo3.180333.jpg&appVersion=1.000082&signature=788c67b998e9b86e7d45438b3ab8d47aee7ba0de6b1ae10e2d2b09830599df69,,,
180-0 0538-00,Warren J. Baker Center for Science and Mathematics,5,900.65,115200-CSM-Chemistry & Biochemistry,211 - Special Instruction,16,00 Unapplicable,2 Class Laboratories,Western Coatngs,https://www.appsheet.com/image/getimageurl?appName=CalPolySpaceManagement2025-1009913&tableName=Facilities&fileName=Facilities_Images%2F180-0%2F180-0%200538-00.Room%20Photo1.181016.jpg&appVersion=1.000082&signature=2e1d2ce51748c94cf7e668bf2d9019c6fa440c5b68803e17fb78651303c2878e,https://www.appsheet.com/image/getimageurl?appName=CalPolySpaceManagement2025-1009913&tableName=Facilities&fileName=Facilities_Images%2F180-0%2F180-0%200538-00.Room%20Photo2.181016.jpg&appVersion=1.000082&signature=d6a15c87bfb14a1c851de41cd35f997ee3d897836431d1324830dec53cb7e85d,,,,
180-0 0538-A0,Warren J. Baker Center for Science and Mathematics,5,95.3,115200-CSM-Chemistry & Biochemistry,311 - Staff Office,1,04 Dsk/Ch,5 Academic Unit Offices,,https://www.appsheet.com/image/getimageurl?appName=CalPolySpaceManagement2025-1009913&tableName=Facilities&fileName=Facilities_Images%2F180-0%2F180-0%200538-A0.Room%20Photo1.181149.jpg&appVersion=1.000082&signature=1652f07033cf43b3fd5ccf6caf2ed9d2b60cc1fe1261d5a35ce8b2166481cce2,,,,,
180-0 0540-00,Warren J. Baker Center for Science and Mathematics,5,878.68,115200-CSM-Chemistry & Biochemistry,211 - Special Instruction,0,00 Unapplicable,3 Open Laboratories,Western Coatings,https://www.appsheet.com/image/getimageurl?appName=CalPolySpaceManagement2025-1009913&tableName=Facilities&fileName=Facilities_Images%2F180-0%2F180-0%200540-00.Room%20Photo1.180545.jpg&appVersion=1.000082&signature=17cb8e1a847cdc4bf48aacfe6565687e757e99707863f125564ff2ab7f4b6d40,https://www.appsheet.com/image/getimageurl?appName=CalPolySpaceManagement2025-1009913&tableName=Facilities&fileName=Facilities_Images%2F180-0%2F180-0%200540-00.Room%20Photo2.180545.jpg&appVersion=1.000082&signature=17bcedb04abcd5534f9faa05d0e082b50b7bc67d17898f0fb481e7d02f2d4f2b,,,,
180-0 0542-00,Warren J. Baker Center for Science and Mathematics,5,881.08,115200-CSM-Chemistry & Biochemistry,211 - Special Instruction,0,00 Unapplicable,3 Open Laboratories,Western Coatings,https://www.appsheet.com/image/getimageurl?appName=CalPolySpaceManagement2025-1009913&tableName=Facilities&fileName=Facilities_Images%2F180-0%2F180-0%200542-00.Room%20Photo1.180830.jpg&appVersion=1.000082&signature=66f0b727ffcc4636bb5c2597d4e7380a68ab57dca769ebe54833dd5e55fb7c00,https://www.appsheet.com/image/getimageurl?appName=CalPolySpaceManagement2025-1009913&tableName=Facilities&fileName=Facilities_Images%2F180-0%2F180-0%200542-00.Room%20Photo2.180830.jpg&appVersion=1.000082&signature=01f9df03367266c484827d6535608373524d4e064f3fc150a702d7d1d029a4e8,https://www.appsheet.com/image/getimageurl?appName=CalPolySpaceManagement2025-1009913&tableName=Facilities&fileName=Facilities_Images%2F180-0%2F180-0%200542-00.Room%20Photo3.180830.jpg&appVersion=1.000082&signature=96c9fcccc347d733bfad60bd64226425cf81bd39e5ba9d8e7e5882259b07c2a6,,,
180-0 0561-00,Warren J. Baker Center for Science and Mathematics,5,265.87,115200-CSM-Chemistry & Biochemistry,780 - General Storage,0,00 Unapplicable,13 Other Academic Space,,https://www.appsheet.com/image/getimageurl?appName=CalPolySpaceManagement2025-1009913&tableName=Facilities&fileName=Facilities_Images%2F180-0%2F180-0%200561-00.Room%20Photo1.174131.jpg&appVersion=1.000082&signature=d5503a36431bac730bd9095a098a8cabcf4524a65b1adaeab2910ccd583504f8,,,,,
180-0 0615-00,Warren J. Baker Center for Science and Mathematics,6,108.71,115500-CSM-Physics,310 - Faculty Office,1,04 Dsk/Ch,5 Academic Unit Offices,,https://www.appsheet.com/image/getimageurl?appName=CalPolySpaceManagement2025-1009913&tableName=Facilities&fileName=Facilities_Images%2F180-0%2F180-0%200615-00.Room%20Photo1.175602.jpg&appVersion=1.000082&signature=960b77a4557aab2e592f42eb9b0e377a984cc90bd55d0a9c040679656e948d0c,,,,"Gillen, Katharina (CSM-PHYS)",
180-0 0600-A0,Warren J. Baker Center for Science and Mathematics,6,"1,164.32",115500-CSM-Physics,651 - Collaborative Learning/Study,30,00 Unapplicable,7 Library + Study Space,,https://www.appsheet.com/image/getimageurl?appName=CalPolySpaceManagement2025-1009913&tableName=Facilities&fileName=Facilities_Images%2F180-0%2F180-0%200600-A0.Room%20Photo1.174846.jpg&appVersion=1.000082&signature=4af4f343f8cfcf296d1cd065d25c00d83e1b193b1a729a6f7ff7448d63e54b49,https://www.appsheet.com/image/getimageurl?appName=CalPolySpaceManagement2025-1009913&tableName=Facilities&fileName=Facilities_Images%2F180-0%2F180-0%200600-A0.Room%20Photo2.174846.jpg&appVersion=1.000082&signature=b6ba06ca5d42acd43210182d9a7d09daf56e5a04cff56fb701809187c008270a,,,,
180-0 0604-00,Warren J. Baker Center for Science and Mathematics,6,108.67,115500-CSM-Physics,310 - Faculty Office,1,04 Dsk/Ch,5 Academic Unit Offices,,https://www.appsheet.com/image/getimageurl?appName=CalPolySpaceManagement2025-1009913&tableName=Facilities&fileName=Facilities_Images%2F180-0%2F180-0%200604-00.Room%20Photo1.175915.jpg&appVersion=1.000082&signature=9663383715ae6bf1a7839f1da52fe5ac1fda8d0ae27c401f2121e66cadd72b3c,,,,"Jeffery, Elizabeth (CSM-PHYS)",
180-0 0605-00,Warren J. Baker Center for Science and Mathematics,6,108.72,115500-CSM-Physics,310 - Faculty Office,1,04 Dsk/Ch,5 Academic Unit Offices,,https://www.appsheet.com/image/getimageurl?appName=CalPolySpaceManagement2025-1009913&tableName=Facilities&fileName=Facilities_Images%2F180-0%2F180-0%200605-00.Room%20Photo1.180002.jpg&appVersion=1.000082&signature=335e9f8f68e8d54e6df966d38e3d8442229760decb291895b10b8289d1726818,,,,"Jacks, Hilary (CSM-PHYS)",
180-0 0606-00,Warren J. Baker Center for Science and Mathematics,6,102.48,115500-CSM-Physics,310 - Faculty Office,1,04 Dsk/Ch,5 Academic Unit Offices,,https://www.appsheet.com/image/getimageurl?appName=CalPolySpaceManagement2025-1009913&tableName=Facilities&fileName=Facilities_Images%2F180-0%2F180-0%200606-00.Room%20Photo1.180053.jpg&appVersion=1.000082&signature=4014b96e0d91b611d0c201620b16e124d9a25fcb57a69f8e1042128f498c08eb,,,,"Villafana, Lizvette (CSM-PHYS)",
180-0 0607-00,Warren J. Baker Center for Science and Mathematics,6,105.39,115500-CSM-Physics,310 - Faculty Office,1,04 Dsk/Ch,5 Academic Unit Offices,,https://www.appsheet.com/image/getimageurl?appName=CalPolySpaceManagement2025-1009913&tableName=Facilities&fileName=Facilities_Images%2F180-0%2F180-0%200607-00.Room%20Photo1.180141.jpg&appVersion=1.000082&signature=9a5ffd5a9750e9abe3a699fd4e61c7a4887e6e59f5bc4d8b63be95fe6e24370f,,,,"Garcia, Antonio (CSM-PHYS)",
180-0 0608-00,Warren J. Baker Center for Science and Mathematics,6,105.43,115500-CSM-Physics,310 - Faculty Office,1,04 Dsk/Ch,5 Academic Unit Offices,,https://www.appsheet.com/image/getimageurl?appName=CalPolySpaceManagement2025-1009913&tableName=Facilities&fileName=Facilities_Images%2F180-0%2F180-0%200608-00.Room%20Photo1.180235.jpg&appVersion=1.000082&signature=7fcdc1e3ae9cd80a5d2ae89e69ff70ac73ae4ccedd5053a3db1645c891bc7125,,,,"Schwartz, Peter (CSM-PHYS)",
180-0 0609-00,Warren J. Baker Center for Science and Mathematics,6,105.39,115500-CSM-Physics,310 - Faculty Office,1,04 Dsk/Ch,5 Academic Unit Offices,,https://www.appsheet.com/image/getimageurl?appName=CalPolySpaceManagement2025-1009913&tableName=Facilities&fileName=Facilities_Images%2F180-0%2F180-0%200609-00.Room%20Photo1.180330.jpg&appVersion=1.000082&signature=e7654205c9919948db450407bb77dcd9510ad6a4f77fcdf1bdf741824454c08b,,,,"Mastoridis, Themis (CSM-PHYS)",
180-0 0610-00,Warren J. Baker Center for Science and Mathematics,6,108.7,115500-CSM-Physics,310 - Faculty Office,1,04 Dsk/Ch,5 Academic Unit Offices,,https://www.appsheet.com/image/getimageurl?appName=CalPolySpaceManagement2025-1009913&tableName=Facilities&fileName=Facilities_Images%2F180-0%2F180-0%200610-00.Room%20Photo1.180410.jpg&appVersion=1.000082&signature=f0b7d66b2a78a35f48393544df22e17600336bcb8fe52b3b9dd89e0d9708b519,,,,"Ríos, Laura (CSM-PHYS)",
180-0 0611-00,Warren J. Baker Center for Science and Mathematics,6,105.41,115500-CSM-Physics,310 - Faculty Office,1,04 Dsk/Ch,5 Academic Unit Offices,,https://www.appsheet.com/image/getimageurl?appName=CalPolySpaceManagement2025-1009913&tableName=Facilities&fileName=Facilities_Images%2F180-0%2F180-0%200611-00.Room%20Photo1.180452.jpg&appVersion=1.000082&signature=8c69a4e6ff68f8e54cd29e39ee73efa0da465a578ed7090e17ae42af842ef438,,,,"Gutierrez, Thomas (CSM-PHYS)",
180-0 0612-00,Warren J. Baker Center for Science and Mathematics,6,102.54,115500-CSM-Physics,310 - Faculty Office,1,04 Dsk/Ch,5 Academic Unit Offices,,https://www.appsheet.com/image/getimageurl?appName=CalPolySpaceManagement2025-1009913&tableName=Facilities&fileName=Facilities_Images%2F180-0%2F180-0%200612-00.Room%20Photo1.180544.jpg&appVersion=1.000082&signature=e0c7b4954645287deb553386ef7ce3363f4ca3bcdf0d3c06a5c89e8ad3677ea7,,,,"Gillen, Glen (CSM-PHYS)",
180-0 0613-00,Warren J. Baker Center for Science and Mathematics,6,94.93,117500-CSM-College of Science & Math,720 - Equip Maintenance/Repair Shop,0,00 Unapplicable,13 Other Academic Space,,https://www.appsheet.com/image/getimageurl?appName=CalPolySpaceManagement2025-1009913&tableName=Facilities&fileName=Facilities_Images%2F180-0%2F180-0%200613-00.Room%20Photo1.175735.jpg&appVersion=1.000082&signature=bb207327a0a959be807585df7c3fa73d4748402bb5926c211d9d30fea66cb2ac,,,,,
180-0 0600-B0,Warren J. Baker Center for Science and Mathematics,6,902.39,115500-CSM-Physics,651 - Collaborative Learning/Study,30,01 Tbl/Ch,7 Library + Study Space,,https://www.appsheet.com/image/getimageurl?appName=CalPolySpaceManagement2025-1009913&tableName=Facilities&fileName=Facilities_Images%2F180-0%2F180-0%200600-B0.Room%20Photo1.175812.jpg&appVersion=1.000082&signature=b549681486af3dd09da6d7ac91b904510bd6cb53f1a0c2926fbcbc9c5cb542d2,,,,,
180-0 0409-00,Warren J. Baker Center for Science and Mathematics,4,105.39,115200-CSM-Chemistry & Biochemistry,310 - Faculty Office,1,04 Dsk/Ch,5 Academic Unit Offices,,https://www.appsheet.com/image/getimageurl?appName=CalPolySpaceManagement2025-1009913&tableName=Facilities&fileName=Facilities_Images%2F180-0%2F180-0%200409-00.Room%20Photo1.203309.jpg&appVersion=1.000082&signature=980a1a52523063b0e4424785537ffc096b44c2d47d61f1962e43509f68cdc47b,,,,"Eagon, Scott (CSM-CHEM)",
180-0 0414-00,Warren J. Baker Center for Science and Mathematics,4,107.82,115200-CSM-Chemistry & Biochemistry,310 - Faculty Office,1,04 Dsk/Ch,5 Academic Unit Offices,,,,,,"Chik, Jennifer (CSM-CHEM)",
180-0 0407-00,Warren J. Baker Center for Science and Mathematics,4,105.39,115200-CSM-Chemistry & Biochemistry,310 - Faculty Office,1,04 Dsk/Ch,5 Academic Unit Offices,,https://www.appsheet.com/image/getimageurl?appName=CalPolySpaceManagement2025-1009913&tableName=Facilities&fileName=Facilities_Images%2F180-0%2F180-0%200407-00.Room%20Photo1.203040.jpg&appVersion=1.000082&signature=4846b12fd6ec6a3ff801cda8cc3e1b82aa245490355d840d2f4b342eb6de0917,,,,"Zeitler, Sarah (CSM-CHEM)",
180-0 0262-S1,Warren J. Baker Center for Science and Mathematics,2,1544.79,115500-CSM-Physics,210 - Teaching Lab,36,04 Dsk/Ch,2 Class Laboratories,,https://www.appsheet.com/image/getimageurl?appName=CalPolySpaceManagement2025-1009913&tableName=Facilities&fileName=Facilities_Images%2F180-0%2F180-0%200262-S1.Room%20Photo1.171146.jpg&appVersion=1.000082&signature=622e14e32158d8c607724afddd61de9ae9b29f8e9d978205434140380871b142,,,,,
180-0 0262-S3,Warren J. Baker Center for Science and Mathematics,2,410.97,115500-CSM-Physics,215 - Teaching Lab Service,0,00 Unapplicable,2 Class Laboratories,,https://www.appsheet.com/image/getimageurl?appName=CalPolySpaceManagement2025-1009913&tableName=Facilities&fileName=Facilities_Images%2F180-0%2F180-0%200262-S3.Room%20Photo1.171212.jpg&appVersion=1.000082&signature=342f3e3dc304833327b20d55dc62cc73b5d020549bdc40135d33e43a9b39dc9d,,,,,
180-0 0263-00,Warren J. Baker Center for Science and Mathematics,2,467.31,115500-CSM-Physics,215 - Teaching Lab Service,0,00 Unapplicable,2 Class Laboratories,,https://www.appsheet.com/image/getimageurl?appName=CalPolySpaceManagement2025-1009913&tableName=Facilities&fileName=Facilities_Images%2F180-0%2F180-0%200263-00.Room%20Photo1.171341.jpg&appVersion=1.000082&signature=fd3c5e21bc402faf9351fad6c3d0f58a27c6dd1adc42a24bdeeb19f73b0e6b34,https://www.appsheet.com/image/getimageurl?appName=CalPolySpaceManagement2025-1009913&tableName=Facilities&fileName=Facilities_Images%2F180-0%2F180-0%200263-00.Room%20Photo2.171341.jpg&appVersion=1.000082&signature=814380a684cbdd03d7084ad006d90a2699a093559624afcf39fa10149300f686,,,,
180-0 0263-A0,Warren J. Baker Center for Science and Mathematics,2,121.5,115500-CSM-Physics,215 - Teaching Lab Service,0,00 Unapplicable,2 Class Laboratories,,https://www.appsheet.com/image/getimageurl?appName=CalPolySpaceManagement2025-1009913&tableName=Facilities&fileName=Facilities_Images%2F180-0%2F180-0%200263-A0.Room%20Photo1.171432.jpg&appVersion=1.000082&signature=1daf944c7ae91fdd3db2cd088d8814a25b37f00e507dd499883bbdc4be450385,https://www.appsheet.com/image/getimageurl?appName=CalPolySpaceManagement2025-1009913&tableName=Facilities&fileName=Facilities_Images%2F180-0%2F180-0%200263-A0.Room%20Photo2.171432.jpg&appVersion=1.000082&signature=6e741b996e88eaf1549cf5dda337ae9165a811b085102e548b2d8d74529f496f,,,,
180-0 0264-00,Warren J. Baker Center for Science and Mathematics,2,294.75,115500-CSM-Physics,215 - Teaching Lab Service,0,00 Unapplicable,2 Class Laboratories,,https://www.appsheet.com/image/getimageurl?appName=CalPolySpaceManagement2025-1009913&tableName=Facilities&fileName=Facilities_Images%2F180-0%2F180-0%200264-00.Room%20Photo1.171523.jpg&appVersion=1.000082&signature=86c56406a7d1ec93ad81e2f95d2a32041d8292576a4a6ea6325a85a7984a3a79,,,,,
180-0 0265-S0,Warren J. Baker Center for Science and Mathematics,2,218.45,115500-CSM-Physics,110 - Lecture,36,01 Tbl/Ch,1 Classrooms,,https://www.appsheet.com/image/getimageurl?appName=CalPolySpaceManagement2025-1009913&tableName=Facilities&fileName=Facilities_Images%2F180-0%2F180-0%200265-S0.Room%20Photo1.171635.jpg&appVersion=1.000082&signature=610515e75f574e6de0c7ef26c27d0dd0b3b86f30bd0ab4c971fd3ed8a1d804b1,https://www.appsheet.com/image/getimageurl?appName=CalPolySpaceManagement2025-1009913&tableName=Facilities&fileName=Facilities_Images%2F180-0%2F180-0%200265-S0.Room%20Photo2.171635.jpg&appVersion=1.000082&signature=52a48323c2689d5608735965abff68029ddf3edba963544e9b61bc822cdba803,,,,
180-0 0265-S1,Warren J. Baker Center for Science and Mathematics,2,"1,449.54",115500-CSM-Physics,210 - Teaching Lab,36,04 Dsk/Ch,2 Class Laboratories,,https://www.appsheet.com/image/getimageurl?appName=CalPolySpaceManagement2025-1009913&tableName=Facilities&fileName=Facilities_Images%2F180-0%2F180-0%200265-S1.Room%20Photo1.171700.jpg&appVersion=1.000082&signature=b86e510abf595da84635e8e854dafbe9ce8146caf0898fc5479f160b8bfe6d28,,,,,
180-0 0265-S3,Warren J. Baker Center for Science and Mathematics,2,220.2,115500-CSM-Physics,215 - Teaching Lab Service,0,00 Unapplicable,2 Class Laboratories,,https://www.appsheet.com/image/getimageurl?appName=CalPolySpaceManagement2025-1009913&tableName=Facilities&fileName=Facilities_Images%2F180-0%2F180-0%200265-S3.Room%20Photo1.171727.jpg&appVersion=1.000082&signature=1e2d347353fd9ffb799417642fc4b94cd78fce3297aa5b34bca8f2d7e8d411db,,,,,
180-0 0266-00,Warren J. Baker Center for Science and Mathematics,2,"1,016.49",115500-CSM-Physics,210 - Teaching Lab,24,01 Tbl/Ch,2 Class Laboratories,,https://www.appsheet.com/image/getimageurl?appName=CalPolySpaceManagement2025-1009913&tableName=Facilities&fileName=Facilities_Images%2F180-0%2F180-0%200266-00.Room%20Photo1.195529.jpg&appVersion=1.000082&signature=7fb5ac5bfa204c12729adf5d1ab9e45838a8e8b6d3d9aa493af55168597da303,https://www.appsheet.com/image/getimageurl?appName=CalPolySpaceManagement2025-1009913&tableName=Facilities&fileName=Facilities_Images%2F180-0%2F180-0%200266-00.Room%20Photo2.195529.jpg&appVersion=1.000082&signature=bb8720cfba54fe800232f651a5e6ddbbf745d0e622d456f854834965e5cba75f,,,,
180-0 0268-00,Warren J. Baker Center for Science and Mathematics,2,419.86,115500-CSM-Physics,215 - Teaching Lab Service,0,00 Unapplicable,2 Class Laboratories,,https://www.appsheet.com/image/getimageurl?appName=CalPolySpaceManagement2025-1009913&tableName=Facilities&fileName=Facilities_Images%2F180-0%2F180-0%200268-00.Room%20Photo1.171909.jpg&appVersion=1.000082&signature=3ee3cde06c1c6e4bfbf04a21b254943b25c1a36a2f35bf834de32b7a94c24011,,,,,
180-0 0262-S0,Warren J. Baker Center for Science and Mathematics,2,323.6,115500-CSM-Physics,110 - Lecture,36,01 Tbl/Ch,1 Classrooms,,https://www.appsheet.com/image/getimageurl?appName=CalPolySpaceManagement2025-1009913&tableName=Facilities&fileName=Facilities_Images%2F180-0%2F180-0%200262-S0.Room%20Photo1.171122.jpg&appVersion=1.000082&signature=8d87453d1338b5d9c3d73365e3c717ff76ad1f064da410d4f1c0438706dbbafe,,,,,
180-0 0269-00,Warren J. Baker Center for Science and Mathematics,2,"1,025.38",115500-CSM-Physics,210 - Teaching Lab,24,01 Tbl/Ch,2 Class Laboratories,,https://www.appsheet.com/image/getimageurl?appName=CalPolySpaceManagement2025-1009913&tableName=Facilities&fileName=Facilities_Images%2F180-0%2F180-0%200269-00.Room%20Photo1.172247.jpg&appVersion=1.000082&signature=e93e3f58451e6d53fc5c28225a51ca149dc9ebc1b1aef984ff35e6c5f1de4a32,https://www.appsheet.com/image/getimageurl?appName=CalPolySpaceManagement2025-1009913&tableName=Facilities&fileName=Facilities_Images%2F180-0%2F180-0%200269-00.Room%20Photo2.172247.jpg&appVersion=1.000082&signature=88855293e889c3e6eeff78dc53a6bc1c371d635b042f1a84401627acadbf639a,,,,
180-0 0271-00,Warren J. Baker Center for Science and Mathematics,2,470.71,115500-CSM-Physics,215 - Teaching Lab Service,0,00 Unapplicable,2 Class Laboratories,,https://www.appsheet.com/image/getimageurl?appName=CalPolySpaceManagement2025-1009913&tableName=Facilities&fileName=Facilities_Images%2F180-0%2F180-0%200271-00.Room%20Photo1.172638.jpg&appVersion=1.000082&signature=b3dd2cc046d939cbcdb41c5bcbf735b65eea71f1e0c79e70d4e977899b23f4b4,https://www.appsheet.com/image/getimageurl?appName=CalPolySpaceManagement2025-1009913&tableName=Facilities&fileName=Facilities_Images%2F180-0%2F180-0%200271-00.Room%20Photo2.172638.jpg&appVersion=1.000082&signature=14206fc490f1f23078c2790174b89e991bda2c5b1b57c92646c61200f707a918,,,"Thompson, Kevin (CSM-PHYS)",
180-0 0271-A0,Warren J. Baker Center for Science and Mathematics,2,106.54,115500-CSM-Physics,311 - Staff Office,1,04 Dsk/Ch,5 Academic Unit Offices,,https://www.appsheet.com/image/getimageurl?appName=CalPolySpaceManagement2025-1009913&tableName=Facilities&fileName=Facilities_Images%2F180-0%2F180-0%200271-A0.Room%20Photo1.172739.jpg&appVersion=1.000082&signature=e983e4970b841e2339415b01a4f93ff08a7d32cb9b7a91df26c6da04819483cc,,,,"Thompson, Kevin (CSM-PHYS)",
180-0 0272-00,Warren J. Baker Center for Science and Mathematics,2,"1,091.59",115300-CSM-Statistics,210 - Teaching Lab,36,10 Computer Wrkst,2 Class Laboratories,Shared with physics,https://www.appsheet.com/image/getimageurl?appName=CalPolySpaceManagement2025-1009913&tableName=Facilities&fileName=Facilities_Images%2F180-0%2F180-0%200272-00.Room%20Photo1.172517.jpg&appVersion=1.000082&signature=c2099f735c3a81207d06494ada58fb3eb2730e7c404591e7ffc74f38b7ca9928,https://www.appsheet.com/image/getimageurl?appName=CalPolySpaceManagement2025-1009913&tableName=Facilities&fileName=Facilities_Images%2F180-0%2F180-0%200272-00.Room%20Photo2.172517.jpg&appVersion=1.000082&signature=9fd1fe8642b08d300fa06081a0d1f73cdc8c73daa187924ef70ca0ba2df7d379,,,,
180-0 0273-00,Warren J. Baker Center for Science and Mathematics,2,"1,000.12",115500-CSM-Physics,210 - Teaching Lab,24,01 Tbl/Ch,2 Class Laboratories,,https://www.appsheet.com/image/getimageurl?appName=CalPolySpaceManagement2025-1009913&tableName=Facilities&fileName=Facilities_Images%2F180-0%2F180-0%200273-00.Room%20Photo1.172922.jpg&appVersion=1.000082&signature=f88a51b92c34017f72b4c54b96097b7a0ae316115671d50699cea86879cf2ce2,https://www.appsheet.com/image/getimageurl?appName=CalPolySpaceManagement2025-1009913&tableName=Facilities&fileName=Facilities_Images%2F180-0%2F180-0%200273-00.Room%20Photo2.172922.jpg&appVersion=1.000082&signature=1bf62393e273d45cacdec4f57aad66a41f4c8c7bfde55cb19025c293a15c3614,,,,
180-0 0274-00,Warren J. Baker Center for Science and Mathematics,2,368.67,115500-CSM-Physics,215 - Teaching Lab Service,0,00 Unapplicable,2 Class Laboratories,Missing door signage,https://www.appsheet.com/image/getimageurl?appName=CalPolySpaceManagement2025-1009913&tableName=Facilities&fileName=Facilities_Images%2F180-0%2F180-0%200274-00.Room%20Photo1.173527.jpg&appVersion=1.000082&signature=8cb173e25d6b7c2bf1696047ffbc3b1d5cdd0d9ea1388f866785ae2dfc34674c,https://www.appsheet.com/image/getimageurl?appName=CalPolySpaceManagement2025-1009913&tableName=Facilities&fileName=Facilities_Images%2F180-0%2F180-0%200274-00.Room%20Photo2.173527.jpg&appVersion=1.000082&signature=d42c1675c258b959f608c58bf7713049fcc07c31cafe5171c8267859d2b95ffd,,,"Ríos, Laura (CSM-PHYS)",
180-0 0274-A0,Warren J. Baker Center for Science and Mathematics,2,537.92,115500-CSM-Physics,215 - Teaching Lab Service,0,00 Unapplicable,2 Class Laboratories,,https://www.appsheet.com/image/getimageurl?appName=CalPolySpaceManagement2025-1009913&tableName=Facilities&fileName=Facilities_Images%2F180-0%2F180-0%200274-A0.Room%20Photo1.173639.jpg&appVersion=1.000082&signature=1aa7145de6006914cdbb441c47a44dfc9f71634bffd315fa0b92c39a45bbbc9b,https://www.appsheet.com/image/getimageurl?appName=CalPolySpaceManagement2025-1009913&tableName=Facilities&fileName=Facilities_Images%2F180-0%2F180-0%200274-A0.Room%20Photo2.173639.jpg&appVersion=1.000082&signature=f3b30b4fe7d1138a10380817fcaf4e64ef20cb458ca35b64b4595a99c0a82f50,,,,
180-0 0276-00,Warren J. Baker Center for Science and Mathematics,2,"1,074.38",115500-CSM-Physics,210 - Teaching Lab,24,01 Tbl/Ch,2 Class Laboratories,,https://www.appsheet.com/image/getimageurl?appName=CalPolySpaceManagement2025-1009913&tableName=Facilities&fileName=Facilities_Images%2F180-0%2F180-0%200276-00.Room%20Photo1.173222.jpg&appVersion=1.000082&signature=c8e509bea2ac5a57ce36b654e0f3ebc366b0d1b6ecb88f4d3cd9a2984d5d908b,https://www.appsheet.com/image/getimageurl?appName=CalPolySpaceManagement2025-1009913&tableName=Facilities&fileName=Facilities_Images%2F180-0%2F180-0%200276-00.Room%20Photo2.173222.jpg&appVersion=1.000082&signature=348d24d56f0b6de962439b23946ab56fcb694c1e415fe930074439c7709839a9,,,,
180-0 0304-00,Warren J. Baker Center for Science and Mathematics,3,891.93,115200-CSM-Chemistry & Biochemistry,651 - Collaborative Learning/Study,30,01 Tbl/Ch,7 Library + Study Space,,https://www.appsheet.com/image/getimageurl?appName=CalPolySpaceManagement2025-1009913&tableName=Facilities&fileName=Facilities_Images%2F180-0%2F180-0%200304-00.Room%20Photo1.200721.jpg&appVersion=1.000082&signature=d558c3b07ea2e62a863b9f3e67f892a265460ecacc59cd9c141c1c99fafff21c,https://www.appsheet.com/image/getimageurl?appName=CalPolySpaceManagement2025-1009913&tableName=Facilities&fileName=Facilities_Images%2F180-0%2F180-0%200304-00.Room%20Photo2.200721.jpg&appVersion=1.000082&signature=f3eba343773382d37e62d7166d5ee27cbefb5aee00e317bf9addb24064c352dc,,,,
180-0 0304-A0,Warren J. Baker Center for Science and Mathematics,3,108.59,115200-CSM-Chemistry & Biochemistry,310 - Faculty Office,1,04 Dsk/Ch,5 Academic Unit Offices,,https://www.appsheet.com/image/getimageurl?appName=CalPolySpaceManagement2025-1009913&tableName=Facilities&fileName=Facilities_Images%2F180-0%2F180-0%200304-A0.Room%20Photo1.200836.jpg&appVersion=1.000082&signature=15b0307723cb17c1b9e04d2714ed859e309c1fc098ad6ea80d56f9c0a2abe5dd,,,,"Zoerb, Matthew (CSM-CHEM)",
180-0 0304-B0,Warren J. Baker Center for Science and Mathematics,3,108.59,115200-CSM-Chemistry & Biochemistry,310 - Faculty Office,1,04 Dsk/Ch,5 Academic Unit Offices,Shared with Derek Gragson,https://www.appsheet.com/image/getimageurl?appName=CalPolySpaceManagement2025-1009913&tableName=Facilities&fileName=Facilities_Images%2F180-0%2F180-0%200304-B0.Room%20Photo1.201003.jpg&appVersion=1.000082&signature=d174fcf5c4a19a88ef384fc70af3360f109559430cada26baedb45a364cc5717,,,,"Neff, Grace (CSM-CHEM)",
180-0 0270-00,Warren J. Baker Center for Science and Mathematics,2,"1,008.55",115500-CSM-Physics,210 - Teaching Lab,24,01 Tbl/Ch,2 Class Laboratories,,https://www.appsheet.com/image/getimageurl?appName=CalPolySpaceManagement2025-1009913&tableName=Facilities&fileName=Facilities_Images%2F180-0%2F180-0%200270-00.Room%20Photo1.172028.jpg&appVersion=1.000082&signature=91e5f311c492798c18eac0b137a1508ac4f988f9a8d8f093ca653bc113958e2f,https://www.appsheet.com/image/getimageurl?appName=CalPolySpaceManagement2025-1009913&tableName=Facilities&fileName=Facilities_Images%2F180-0%2F180-0%200270-00.Room%20Photo2.172029.jpg&appVersion=1.000082&signature=16b9a4d91299c7cf5ca99335946f7f06afe5b414f6743a4f89757f8cd53447d1,,,,
180-0 0304-C0,Warren J. Baker Center for Science and Mathematics,3,102.33,115200-CSM-Chemistry & Biochemistry,310 - Faculty Office,1,04 Dsk/Ch,5 Academic Unit Offices,,https://www.appsheet.com/image/getimageurl?appName=CalPolySpaceManagement2025-1009913&tableName=Facilities&fileName=Facilities_Images%2F180-0%2F180-0%200304-C0.Room%20Photo1.201122.jpg&appVersion=1.000082&signature=f605cae738302e54598bf0747835056dfd521546b7a3cdefc501c08f1efb3598,,,,"Immoos, Chad (CSM-CHEM)",
180-0 0261-00,Warren J. Baker Center for Science and Mathematics,2,"1,498.17",115500-CSM-Physics,210 - Teaching Lab,36,01 Tbl/Ch,2 Class Laboratories,,https://www.appsheet.com/image/getimageurl?appName=CalPolySpaceManagement2025-1009913&tableName=Facilities&fileName=Facilities_Images%2F180-0%2F180-0%200261-00.Room%20Photo1.170952.jpg&appVersion=1.000082&signature=df135ac62a103bc0d3f6c0320173b8420699001dd4a9150dab81c52e2cf09e41,https://www.appsheet.com/image/getimageurl?appName=CalPolySpaceManagement2025-1009913&tableName=Facilities&fileName=Facilities_Images%2F180-0%2F180-0%200261-00.Room%20Photo2.170952.jpg&appVersion=1.000082&signature=92c851a363a5bba52dda8cbc3cc37f2bc89e88c2b8d4f1d41a60c7986c3f7f77,,,,
180-0 0244-00,Warren J. Baker Center for Science and Mathematics,2,335.56,115500-CSM-Physics,720 - Equip Maintenance/Repair Shop,0,00 Unapplicable,13 Other Academic Space,,https://www.appsheet.com/image/getimageurl?appName=CalPolySpaceManagement2025-1009913&tableName=Facilities&fileName=Facilities_Images%2F180-0%2F180-0%200244-00.Room%20Photo1.165604.jpg&appVersion=1.000082&signature=5bfe38fd44541ac16e44b9206a6008f65e44458099bc49a2be5a265261a0395a,,,,,
180-0 0111-00,Warren J. Baker Center for Science and Mathematics,1,273.54,115500-CSM-Physics,316 - Faculty Office - Dept,4,04 Dsk/Ch,5 Academic Unit Offices,,https://www.appsheet.com/image/getimageurl?appName=CalPolySpaceManagement2025-1009913&tableName=Facilities&fileName=Facilities_Images%2F180-0%2F180-0%200111-00.Room%20Photo1.161114.jpg&appVersion=1.000082&signature=3d59ae015a1f896dcfd64e28b17a3b099b580cf236b00f5274a31b376c3cb92e,https://www.appsheet.com/image/getimageurl?appName=CalPolySpaceManagement2025-1009913&tableName=Facilities&fileName=Facilities_Images%2F180-0%2F180-0%200111-00.Room%20Photo2.161114.jpg&appVersion=1.000082&signature=668ae83c29d8889ce1815eb3c8dd4e0d9e322d3e2af817cb147b798f59edd59a,https://www.appsheet.com/image/getimageurl?appName=CalPolySpaceManagement2025-1009913&tableName=Facilities&fileName=Facilities_Images%2F180-0%2F180-0%200111-00.Room%20Photo3.161114.jpg&appVersion=1.000082&signature=2c00e2298cd05edcb19f224d93eb7324ea580c82a8ac29409c6697cf1aa10765,,"Parajuli, Bishal (CSM-PHYS);Dawoodbhoy, Taha (CSM-PHYS)",
180-0 0111-A0,Warren J. Baker Center for Science and Mathematics,1,135.32,115500-CSM-Physics,316 - Faculty Office - Dept,2,04 Dsk/Ch,5 Academic Unit Offices,,https://www.appsheet.com/image/getimageurl?appName=CalPolySpaceManagement2025-1009913&tableName=Facilities&fileName=Facilities_Images%2F180-0%2F180-0%200111-A0.Room%20Photo1.161243.jpg&appVersion=1.000082&signature=18efb568e11398f3ed943513b5ffec21ae1d869e078e70a5cef9e95953fdd153,,,,"Stair, Nick (CSM-PHYS);Powell, Ian (CSM-PHYS)",
180-0 0111-B0,Warren J. Baker Center for Science and Mathematics,1,130.75,115500-CSM-Physics,316 - Faculty Office - Dept,2,04 Dsk/Ch,5 Academic Unit Offices,,https://www.appsheet.com/image/getimageurl?appName=CalPolySpaceManagement2025-1009913&tableName=Facilities&fileName=Facilities_Images%2F180-0%2F180-0%200111-B0.Room%20Photo1.161447.jpg&appVersion=1.000082&signature=0c77234ac64245d7c57450c505bd11ad70aca6b547bc7b1a3b8e38f5b55f4d74,https://www.appsheet.com/image/getimageurl?appName=CalPolySpaceManagement2025-1009913&tableName=Facilities&fileName=Facilities_Images%2F180-0%2F180-0%200111-B0.Room%20Photo2.161447.jpg&appVersion=1.000082&signature=a2f2c3a1d648c7bb105de8a817af23bf5c09f8795163796b37004009b52984a6,,,"Montakhab, Afshin (CSM-PHYS);Elbarbary, Ashraf (CSM-PHYS)",
180-0 0204-00,Warren J. Baker Center for Science and Mathematics,2,416.13,115500-CSM-Physics,311 - Staff Office,2,04 Dsk/Ch,5 Academic Unit Offices,,https://www.appsheet.com/image/getimageurl?appName=CalPolySpaceManagement2025-1009913&tableName=Facilities&fileName=Facilities_Images%2F180-0%2F180-0%200204-00.Room%20Photo1.194535.jpg&appVersion=1.000082&signature=6e8bd04f7b0c4d75ad50fad653e311253b6b18428db4fb8244823e3c1db2c3a5,https://www.appsheet.com/image/getimageurl?appName=CalPolySpaceManagement2025-1009913&tableName=Facilities&fileName=Facilities_Images%2F180-0%2F180-0%200204-00.Room%20Photo2.194535.jpg&appVersion=1.000082&signature=0877ab996b62eece59666dd9c076ceec70f5305744ab11fabaecab83c6785b0f,,,"Wardrop, Michelle (CSM-PHYS)",
180-0 0204-A0,Warren J. Baker Center for Science and Mathematics,2,146.71,115500-CSM-Physics,311 - Staff Office,1,04 Dsk/Ch,5 Academic Unit Offices,,https://www.appsheet.com/image/getimageurl?appName=CalPolySpaceManagement2025-1009913&tableName=Facilities&fileName=Facilities_Images%2F180-0%2F180-0%200204-A0.Room%20Photo1.194615.jpg&appVersion=1.000082&signature=f901169b5ef1dbc7cae3c839c224368eb104a0de7f69cc0274f7768f49d097e3,,,,"Bowers, Kelcie (CSM-PHYS)",
180-0 0204-B0,Warren J. Baker Center for Science and Mathematics,2,164.39,115500-CSM-Physics,"312 - Admin Office - Dept Head, Lib, Dir, Assoc. Dean",1,04 Dsk/Ch,5 Academic Unit Offices,,https://www.appsheet.com/image/getimageurl?appName=CalPolySpaceManagement2025-1009913&tableName=Facilities&fileName=Facilities_Images%2F180-0%2F180-0%200204-B0.Room%20Photo1.194754.jpg&appVersion=1.000082&signature=66f8947cd7b219f57cf44795228471fb83f60d5d792ab5b936c15940a90dc62d,,,,"Klay, Jennifer (CSM-PHYS)",
180-0 0205-00,Warren J. Baker Center for Science and Mathematics,2,228.03,115200-CSM-Chemistry & Biochemistry,315 - Office Service,0,00 Unapplicable,5 Academic Unit Offices,,https://www.appsheet.com/image/getimageurl?appName=CalPolySpaceManagement2025-1009913&tableName=Facilities&fileName=Facilities_Images%2F180-0%2F180-0%200205-00.Room%20Photo1.194354.jpg&appVersion=1.000082&signature=49acd254be73cdf148ef131ada07f965ec2c43134dec6a9265c064569e378bb3,,,,,
180-0 0205-A0,Warren J. Baker Center for Science and Mathematics,2,175.44,115200-CSM-Chemistry & Biochemistry,"312 - Admin Office - Dept Head, Lib, Dir, Assoc. Dean",1,04 Dsk/Ch,5 Academic Unit Offices,,https://www.appsheet.com/image/getimageurl?appName=CalPolySpaceManagement2025-1009913&tableName=Facilities&fileName=Facilities_Images%2F180-0%2F180-0%200205-A0.Room%20Photo1.194253.jpg&appVersion=1.000082&signature=b0274243efbe824912c09c3949674958567096db8536c572e6c0016ad19a949a,,,,"Hagen, John (CSM-CHEM)",
180-0 0206-00,Warren J. Baker Center for Science and Mathematics,2,231.41,115200-CSM-Chemistry & Biochemistry,311 - Staff Office,2,00 Unapplicable,5 Academic Unit Offices,,https://www.appsheet.com/image/getimageurl?appName=CalPolySpaceManagement2025-1009913&tableName=Facilities&fileName=Facilities_Images%2F180-0%2F180-0%200206-00.Room%20Photo1.194105.jpg&appVersion=1.000082&signature=c998b3a3dcc4519208822373002b4f93216bc5528579ec45a09a6852d2f900d7,https://www.appsheet.com/image/getimageurl?appName=CalPolySpaceManagement2025-1009913&tableName=Facilities&fileName=Facilities_Images%2F180-0%2F180-0%200206-00.Room%20Photo2.194105.jpg&appVersion=1.000082&signature=d339701ccf775a2db0fa44223009227332795a7802142c581d3984a1f3706027,https://www.appsheet.com/image/getimageurl?appName=CalPolySpaceManagement2025-1009913&tableName=Facilities&fileName=Facilities_Images%2F180-0%2F180-0%200206-00.Room%20Photo3.194105.jpg&appVersion=1.000082&signature=7ca16c27bbcb28c81004749acf1238c64b56d8ce76323139af488b36a3d63bda,,,
180-0 0206-A0,Warren J. Baker Center for Science and Mathematics,2,124.09,115200-CSM-Chemistry & Biochemistry,311 - Staff Office,1,00 Unapplicable,5 Academic Unit Offices,,https://www.appsheet.com/image/getimageurl?appName=CalPolySpaceManagement2025-1009913&tableName=Facilities&fileName=Facilities_Images%2F180-0%2F180-0%200206-A0.Room%20Photo1.194201.jpg&appVersion=1.000082&signature=7fa7a5a137fea685ca53d4e4c9b28a2bc7c440aed483260adf5b0d00ac3a1e3b,,,,"McNabb, Candace (CSM-CHEM)",
180-0 0246-00,Warren J. Baker Center for Science and Mathematics,2,407.12,115500-CSM-Physics,720 - Equip Maintenance/Repair Shop,0,00 Unapplicable,13 Other Academic Space,,https://www.appsheet.com/image/getimageurl?appName=CalPolySpaceManagement2025-1009913&tableName=Facilities&fileName=Facilities_Images%2F180-0%2F180-0%200246-00.Room%20Photo1.165711.jpg&appVersion=1.000082&signature=7b06d04a3df45f395d62e29da6d9caf926c3ae70fa644c9d9da07fde591bba34,,,,,
180-0 0207-00,Warren J. Baker Center for Science and Mathematics,2,304.02,115500-CSM-Physics,350 - Conference Room,12,01 Tbl/Ch,5 Academic Unit Offices,,https://www.appsheet.com/image/getimageurl?appName=CalPolySpaceManagement2025-1009913&tableName=Facilities&fileName=Facilities_Images%2F180-0%2F180-0%200207-00.Room%20Photo1.195049.jpg&appVersion=1.000082&signature=78c9241698916225a42078db63484d0e5cf5f683791fadd6c0713e0b89251334,https://www.appsheet.com/image/getimageurl?appName=CalPolySpaceManagement2025-1009913&tableName=Facilities&fileName=Facilities_Images%2F180-0%2F180-0%200207-00.Room%20Photo2.195049.jpg&appVersion=1.000082&signature=2d0ffb9f81b8de4c42c069cd70852d4c93f45787c4264e72390f57691075d0af,,,,
180-0 0208-A0,Warren J. Baker Center for Science and Mathematics,2,257.49,115200-CSM-Chemistry & Biochemistry,350 - Conference Room,12,01 Tbl/Ch,5 Academic Unit Offices,,https://www.appsheet.com/image/getimageurl?appName=CalPolySpaceManagement2025-1009913&tableName=Facilities&fileName=Facilities_Images%2F180-0%2F180-0%200208-A0.Room%20Photo1.195338.jpg&appVersion=1.000082&signature=60a1dfa8be0d5ee389b69407cd8be042f981c4673b9e488927c36c7252ec6a78,,,,,
180-0 0408-00,Warren J. Baker Center for Science and Mathematics,4,105.43,115200-CSM-Chemistry & Biochemistry,310 - Faculty Office,1,04 Dsk/Ch,5 Academic Unit Offices,,https://www.appsheet.com/image/getimageurl?appName=CalPolySpaceManagement2025-1009913&tableName=Facilities&fileName=Facilities_Images%2F180-0%2F180-0%200408-00.Room%20Photo1.203213.jpg&appVersion=1.000082&signature=8a4da9486dd381725500d0339dda50e3bdb412f60e844b1c53a7061c46af3b7b,,,,"Kingsbury, Kevin (CSM-CHEM)",
180-0 0231-A0,Warren J. Baker Center for Science and Mathematics,2,138.48,115500-CSM-Physics,720 - Equip Maintenance/Repair Shop,0,00 Unapplicable,13 Other Academic Space,,https://www.appsheet.com/image/getimageurl?appName=CalPolySpaceManagement2025-1009913&tableName=Facilities&fileName=Facilities_Images%2F180-0%2F180-0%200231-A0.Room%20Photo1.164836.jpg&appVersion=1.000082&signature=786f4b2aa32ffcb1c554866186278014f497164f9eb5d1f62e379b26c9f505ec,,,,"Coulombe, Kevin (CSM-PHYS)",
180-0 0232-00,Warren J. Baker Center for Science and Mathematics,2,713.93,115200-CSM-Chemistry & Biochemistry,760 - Hazardous Materials Storage,0,00 Unapplicable,13 Other Academic Space,,https://www.appsheet.com/image/getimageurl?appName=CalPolySpaceManagement2025-1009913&tableName=Facilities&fileName=Facilities_Images%2F180-0%2F180-0%200232-00.Room%20Photo1.170008.jpg&appVersion=1.000082&signature=afe7fd02e3fa8da9cc480120d913276b8d1e4961f4958d06e0794306bee347b6,https://www.appsheet.com/image/getimageurl?appName=CalPolySpaceManagement2025-1009913&tableName=Facilities&fileName=Facilities_Images%2F180-0%2F180-0%200232-00.Room%20Photo2.170008.jpg&appVersion=1.000082&signature=8f20cbe8f5eb032b7ad0a4097e6682495b517467602efa8bf638efac6c6a3c25,https://www.appsheet.com/image/getimageurl?appName=CalPolySpaceManagement2025-1009913&tableName=Facilities&fileName=Facilities_Images%2F180-0%2F180-0%200232-00.Room%20Photo3.170008.jpg&appVersion=1.000082&signature=5f7dc400a5b469f66c3312182613faa1e7e3f0563372cbcbe316507d4949023a,https://www.appsheet.com/image/getimageurl?appName=CalPolySpaceManagement2025-1009913&tableName=Facilities&fileName=Facilities_Images%2F180-0%2F180-0%200232-00.Room%20Photo4.170009.jpg&appVersion=1.000082&signature=39808d158955975e720c72e352d391fc0b160ebf983910dc580ba1bbee20fe9b,,
180-0 0233-00,Warren J. Baker Center for Science and Mathematics,2,"1,181.50",115500-CSM-Physics,210 - Teaching Lab,24,03 Blt-In,2 Class Laboratories,Geology classroom,https://www.appsheet.com/image/getimageurl?appName=CalPolySpaceManagement2025-1009913&tableName=Facilities&fileName=Facilities_Images%2F180-0%2F180-0%200233-00.Room%20Photo1.165110.jpg&appVersion=1.000082&signature=be6fb32c708ecd611c1082b0743318fd18ff9446c54e6f812135d50e054b64ce,https://www.appsheet.com/image/getimageurl?appName=CalPolySpaceManagement2025-1009913&tableName=Facilities&fileName=Facilities_Images%2F180-0%2F180-0%200233-00.Room%20Photo2.165110.jpg&appVersion=1.000082&signature=ad7312b3afe3f73d46960198258709e2f2c20b3fa12e0c18fc6b0b7db6390043,https://www.appsheet.com/image/getimageurl?appName=CalPolySpaceManagement2025-1009913&tableName=Facilities&fileName=Facilities_Images%2F180-0%2F180-0%200233-00.Room%20Photo3.165110.jpg&appVersion=1.000082&signature=91b45f9cf561743cb03274fb31a46260e8466414d096b5874b179b4d06a23baa,,,
180-0 0235-00,Warren J. Baker Center for Science and Mathematics,2,299.41,115500-CSM-Physics,250 - Research Lab,4,00 Unapplicable,4 Research Laboratories,,https://www.appsheet.com/image/getimageurl?appName=CalPolySpaceManagement2025-1009913&tableName=Facilities&fileName=Facilities_Images%2F180-0%2F180-0%200235-00.Room%20Photo1.165410.jpg&appVersion=1.000082&signature=437ba720b8aa67f7b926fb8f89825a8d6409a60e3fd68fa449e575844fe824d7,https://www.appsheet.com/image/getimageurl?appName=CalPolySpaceManagement2025-1009913&tableName=Facilities&fileName=Facilities_Images%2F180-0%2F180-0%200235-00.Room%20Photo2.165410.jpg&appVersion=1.000082&signature=e5d4a4a4dc70114c5e73a93c546d440c2eabb106414d16dfa0846dde62ef2df9,,,"Garcia, Antonio (CSM-PHYS);Jasbinsek, John (CSM-PHYS);Johnston, Scott (CSM-PHYS)",
180-0 0236-00,Warren J. Baker Center for Science and Mathematics,2,263.96,115200-CSM-Chemistry & Biochemistry,770 - Hazardous Waste Storage,0,00 Unapplicable,13 Other Academic Space,,https://www.appsheet.com/image/getimageurl?appName=CalPolySpaceManagement2025-1009913&tableName=Facilities&fileName=Facilities_Images%2F180-0%2F180-0%200236-00.Room%20Photo1.170211.jpg&appVersion=1.000082&signature=2e718cb4768c91106ad406187fb7b3e99c40079148c7172a7841b5a878ac9389,https://www.appsheet.com/image/getimageurl?appName=CalPolySpaceManagement2025-1009913&tableName=Facilities&fileName=Facilities_Images%2F180-0%2F180-0%200236-00.Room%20Photo2.170211.jpg&appVersion=1.000082&signature=f7bdd5e721556185a53038b40f420aa21f64ceff2864537321fbf5cdc01eb6d6,,,,
180-0 0238-00,Warren J. Baker Center for Science and Mathematics,2,69.37,115200-CSM-Chemistry & Biochemistry,760 - Hazardous Materials Storage,0,00 Unapplicable,13 Other Academic Space,Gas cylinder storage,https://www.appsheet.com/image/getimageurl?appName=CalPolySpaceManagement2025-1009913&tableName=Facilities&fileName=Facilities_Images%2F180-0%2F180-0%200238-00.Room%20Photo1.170426.jpg&appVersion=1.000082&signature=37bf2d3438719fbf06ffa27b7c945c324b689e060cc5f4c60494fb955b3da706,,,,,
180-0 0240-00,Warren J. Baker Center for Science and Mathematics,2,431.29,115200-CSM-Chemistry & Biochemistry,780 - General Storage,0,00 Unapplicable,13 Other Academic Space,,https://www.appsheet.com/image/getimageurl?appName=CalPolySpaceManagement2025-1009913&tableName=Facilities&fileName=Facilities_Images%2F180-0%2F180-0%200240-00.Room%20Photo1.165818.jpg&appVersion=1.000082&signature=e7052c2bcbb315d5ab447add723103006676f99999c86b2d2ea169ee2267a047,https://www.appsheet.com/image/getimageurl?appName=CalPolySpaceManagement2025-1009913&tableName=Facilities&fileName=Facilities_Images%2F180-0%2F180-0%200240-00.Room%20Photo2.165818.jpg&appVersion=1.000082&signature=9775ec0f93e524377ef30dea3b6c93d5cdcec50498d72374c1d8e5f7a4dbb2de,,,,
180-0 0242-00,Warren J. Baker Center for Science and Mathematics,2,255.18,115500-CSM-Physics,720 - Equip Maintenance/Repair Shop,0,00 Unapplicable,13 Other Academic Space,,https://www.appsheet.com/image/getimageurl?appName=CalPolySpaceManagement2025-1009913&tableName=Facilities&fileName=Facilities_Images%2F180-0%2F180-0%200242-00.Room%20Photo1.165521.jpg&appVersion=1.000082&signature=40c55be4e64d5a46a49ab62f0843d57ebe1823d772bbbe4f5863e160122db5dd,,,,,
180-0 0208-00,Warren J. Baker Center for Science and Mathematics,2,318.43,117500-CSM-College of Science & Math,593 - Faculty Use,4,00 Unapplicable,13 Other Academic Space,,https://www.appsheet.com/image/getimageurl?appName=CalPolySpaceManagement2025-1009913&tableName=Facilities&fileName=Facilities_Images%2F180-0%2F180-0%200208-00.Room%20Photo1.195301.jpg&appVersion=1.000082&signature=98e155878944717d002f60990cdd71694232a10d65dd1bf99437a0d27302567d,https://www.appsheet.com/image/getimageurl?appName=CalPolySpaceManagement2025-1009913&tableName=Facilities&fileName=Facilities_Images%2F180-0%2F180-0%200208-00.Room%20Photo2.195301.jpg&appVersion=1.000082&signature=f6a8f1f29cbc5e3ac5f7e3385337a8e80564426158c9f522b62d8e6b791dedce,,,,
180-0 0304-D0,Warren J. Baker Center for Science and Mathematics,3,105.31,115200-CSM-Chemistry & Biochemistry,310 - Faculty Office,1,04 Dsk/Ch,5 Academic Unit Offices,,https://www.appsheet.com/image/getimageurl?appName=CalPolySpaceManagement2025-1009913&tableName=Facilities&fileName=Facilities_Images%2F180-0%2F180-0%200304-D0.Room%20Photo1.201221.jpg&appVersion=1.000082&signature=45f08cb04ced2bad86f5c4eb2e05b927827886166db4a9e3a4730529c2473b50,,,,"Kiste, Alan (CSM-CHEM)",
180-0 0231-00,Warren J. Baker Center for Science and Mathematics,2,106.13,115500-CSM-Physics,311 - Staff Office,1,04 Dsk/Ch,5 Academic Unit Offices,,https://www.appsheet.com/image/getimageurl?appName=CalPolySpaceManagement2025-1009913&tableName=Facilities&fileName=Facilities_Images%2F180-0%2F180-0%200231-00.Room%20Photo1.164539.jpg&appVersion=1.000082&signature=35034fbae8557028489049912d8745e4f2030ac20ad4c0a584692e69421d6f07,,,,"Coulombe, Kevin (CSM-PHYS)",
180-0 0305-00,Warren J. Baker Center for Science and Mathematics,3,94.93,117500-CSM-College of Science & Math,720 - Equip Maintenance/Repair Shop,0,00 Unapplicable,13 Other Academic Space,,https://www.appsheet.com/image/getimageurl?appName=CalPolySpaceManagement2025-1009913&tableName=Facilities&fileName=Facilities_Images%2F180-0%2F180-0%200305-00.Room%20Photo1.201618.jpg&appVersion=1.000082&signature=42417b5673bc3ca488719f81827907b84d8eea2b489636165ec21208cfb03b2a,,,,,
180-0 0362-S3,Warren J. Baker Center for Science and Mathematics,3,409.77,115200-CSM-Chemistry & Biochemistry,215 - Teaching Lab Service,0,00 Unapplicable,2 Class Laboratories,,https://www.appsheet.com/image/getimageurl?appName=CalPolySpaceManagement2025-1009913&tableName=Facilities&fileName=Facilities_Images%2F180-0%2F180-0%200362-S3.Room%20Photo1.180203.jpg&appVersion=1.000082&signature=f4b7c3c27ff968f46f22f474ea024a4f4e42b6df0a467d5108596a98902d6f15,,,,,
180-0 0363-00,Warren J. Baker Center for Science and Mathematics,3,491.93,115200-CSM-Chemistry & Biochemistry,720 - Equip Maintenance/Repair Shop,1,00 Unapplicable,13 Other Academic Space,,https://www.appsheet.com/image/getimageurl?appName=CalPolySpaceManagement2025-1009913&tableName=Facilities&fileName=Facilities_Images%2F180-0%2F180-0%200363-00.Room%20Photo1.180930.jpg&appVersion=1.000082&signature=07e77f316b0fd96e1abec4c824282a78ab75e9424036e5945b37ed200a5d24dd,https://www.appsheet.com/image/getimageurl?appName=CalPolySpaceManagement2025-1009913&tableName=Facilities&fileName=Facilities_Images%2F180-0%2F180-0%200363-00.Room%20Photo2.180930.jpg&appVersion=1.000082&signature=793314b5bb3eb89e232ffe1135d8151a04ebb31dea2147dc2bacaf84749ecc89,,,"Featherstone, Tom (CSM-CHEM)",
180-0 0363-A0,Warren J. Baker Center for Science and Mathematics,3,91.69,115200-CSM-Chemistry & Biochemistry,720 - Equip Maintenance/Repair Shop,0,00 Unapplicable,13 Other Academic Space,,https://www.appsheet.com/image/getimageurl?appName=CalPolySpaceManagement2025-1009913&tableName=Facilities&fileName=Facilities_Images%2F180-0%2F180-0%200363-A0.Room%20Photo1.181048.jpg&appVersion=1.000082&signature=a088fa10e022cb18c73d28c41b96be8b8cc9da69ad9c1cbad4385eea222bc7c0,,,,"Featherstone, Tom (CSM-CHEM)",
180-0 0364-00,Warren J. Baker Center for Science and Mathematics,3,277.15,115200-CSM-Chemistry & Biochemistry,215 - Teaching Lab Service,2,00 Unapplicable,2 Class Laboratories,,https://www.appsheet.com/image/getimageurl?appName=CalPolySpaceManagement2025-1009913&tableName=Facilities&fileName=Facilities_Images%2F180-0%2F180-0%200364-00.Room%20Photo1.180001.jpg&appVersion=1.000082&signature=2e6ee15e32c07e4601c4e108c1dad853388ac29f7ebfc53a44643dda62963548,,,,,
180-0 0365-00,Warren J. Baker Center for Science and Mathematics,3,"1,194.32",115200-CSM-Chemistry & Biochemistry,250 - Research Lab,16,00 Unapplicable,4 Research Laboratories,,https://www.appsheet.com/image/getimageurl?appName=CalPolySpaceManagement2025-1009913&tableName=Facilities&fileName=Facilities_Images%2F180-0%2F180-0%200365-00.Room%20Photo1.180804.jpg&appVersion=1.000082&signature=f3c5df42c3b4eab3f2a86c30fe45244857a2ad34b8ace370f77621c1949eb442,https://www.appsheet.com/image/getimageurl?appName=CalPolySpaceManagement2025-1009913&tableName=Facilities&fileName=Facilities_Images%2F180-0%2F180-0%200365-00.Room%20Photo2.180804.jpg&appVersion=1.000082&signature=9a573dd66e792f868c4d217087c8b43dd5f8aee1121401ec16ee370501fe6ac9,https://www.appsheet.com/image/getimageurl?appName=CalPolySpaceManagement2025-1009913&tableName=Facilities&fileName=Facilities_Images%2F180-0%2F180-0%200365-00.Room%20Photo3.180804.jpg&appVersion=1.000082&signature=2a731d25c72f74ebfff721634151662dd60d347a1dff4a3c4b176f8cbdf18d5d,,"Immoos, Chad (CSM-CHEM);Lehr, Corinne (CSM-CHEM);Zoerb, Matthew (CSM-CHEM)",
180-0 0366-S0,Warren J. Baker Center for Science and Mathematics,3,378.63,115200-CSM-Chemistry & Biochemistry,110 - Lecture,48,01 Tbl/Ch,1 Classrooms,,https://www.appsheet.com/image/getimageurl?appName=CalPolySpaceManagement2025-1009913&tableName=Facilities&fileName=Facilities_Images%2F180-0%2F180-0%200366-S0.Room%20Photo1.175627.jpg&appVersion=1.000082&signature=162825a9aefa6035fc1588218e4a9b06ef4f6631b7eb2d8987bef0e6f87e2c2c,https://www.appsheet.com/image/getimageurl?appName=CalPolySpaceManagement2025-1009913&tableName=Facilities&fileName=Facilities_Images%2F180-0%2F180-0%200366-S0.Room%20Photo2.175627.jpg&appVersion=1.000082&signature=7fae70783a20d545f50166d42f86b8db137eb9ea67408e76ffd00f6330fbcb57,,,,
180-0 0366-S1,Warren J. Baker Center for Science and Mathematics,3,"2,144.26",115200-CSM-Chemistry & Biochemistry,210 - Teaching Lab,48,04 Dsk/Ch,2 Class Laboratories,,https://www.appsheet.com/image/getimageurl?appName=CalPolySpaceManagement2025-1009913&tableName=Facilities&fileName=Facilities_Images%2F180-0%2F180-0%200366-S1.Room%20Photo1.175716.jpg&appVersion=1.000082&signature=191f81c00d6f1fe5c5b7090f39da9e5df38ed9c4c531eb09c39cf90d80c5605b,,,,,
180-0 0366-S3,Warren J. Baker Center for Science and Mathematics,3,345.53,115200-CSM-Chemistry & Biochemistry,215 - Teaching Lab Service,0,00 Unapplicable,2 Class Laboratories,,https://www.appsheet.com/image/getimageurl?appName=CalPolySpaceManagement2025-1009913&tableName=Facilities&fileName=Facilities_Images%2F180-0%2F180-0%200366-S3.Room%20Photo1.175754.jpg&appVersion=1.000082&signature=903aaa971fc1835b546e270200ba02a72e0fa77e6461172029074b3e4558f48b,,,,,
180-0 0367-00,Warren J. Baker Center for Science and Mathematics,3,114.67,115200-CSM-Chemistry & Biochemistry,775 - Hazardous Waste Service,0,00 Unapplicable,13 Other Academic Space,,https://www.appsheet.com/image/getimageurl?appName=CalPolySpaceManagement2025-1009913&tableName=Facilities&fileName=Facilities_Images%2F180-0%2F180-0%200367-00.Room%20Photo1.181507.jpg&appVersion=1.000082&signature=2e0edf78a5a1ddfb54829879c92589382d5f8eeb30087fbcae412dda0d3fe62a,,,,,
180-0 0370-00,Warren J. Baker Center for Science and Mathematics,3,221.6,115200-CSM-Chemistry & Biochemistry,215 - Teaching Lab Service,0,00 Unapplicable,2 Class Laboratories,,https://www.appsheet.com/image/getimageurl?appName=CalPolySpaceManagement2025-1009913&tableName=Facilities&fileName=Facilities_Images%2F180-0%2F180-0%200370-00.Room%20Photo1.175106.jpg&appVersion=1.000082&signature=2d03be0fb70ae621877fd193301a59ee2d381f7b331e17ef89d2979723f76a9b,,,,"Tran, Cynthia (CSM-CHEM)",
180-0 0362-S1,Warren J. Baker Center for Science and Mathematics,3,"2,127.04",115200-CSM-Chemistry & Biochemistry,210 - Teaching Lab,48,04 Dsk/Ch,2 Class Laboratories,,https://www.appsheet.com/image/getimageurl?appName=CalPolySpaceManagement2025-1009913&tableName=Facilities&fileName=Facilities_Images%2F180-0%2F180-0%200362-S1.Room%20Photo1.180128.jpg&appVersion=1.000082&signature=b12b2a536d100b1d11257a8d154b5045ddd9a4913d7cbf2f9c9f8bb5d189b5e5,,,,,
180-0 0372-00,Warren J. Baker Center for Science and Mathematics,3,103.18,115200-CSM-Chemistry & Biochemistry,311 - Staff Office,1,04 Dsk/Ch,5 Academic Unit Offices,,https://www.appsheet.com/image/getimageurl?appName=CalPolySpaceManagement2025-1009913&tableName=Facilities&fileName=Facilities_Images%2F180-0%2F180-0%200372-00.Room%20Photo1.175012.jpg&appVersion=1.000082&signature=396be0db6e647fb3790a9139d58a4e3d8bb6be5581cd72bff92acf518a9d141e,,,,"Tran, Cynthia (CSM-CHEM)",
180-0 0375-00,Warren J. Baker Center for Science and Mathematics,3,582.94,115200-CSM-Chemistry & Biochemistry,250 - Research Lab,10,00 Unapplicable,4 Research Laboratories,,https://www.appsheet.com/image/getimageurl?appName=CalPolySpaceManagement2025-1009913&tableName=Facilities&fileName=Facilities_Images%2F180-0%2F180-0%200375-00.Room%20Photo1.174839.jpg&appVersion=1.000082&signature=42b653a9146f3fb1354d12bea41778dd1c04ed949983cfe8c202de0e052e15dd,https://www.appsheet.com/image/getimageurl?appName=CalPolySpaceManagement2025-1009913&tableName=Facilities&fileName=Facilities_Images%2F180-0%2F180-0%200375-00.Room%20Photo2.174839.jpg&appVersion=1.000082&signature=8bb75f23ec62b055376bb0b0a5d41c8b55682b2631ed3075a7fd6131ec947cb7,https://www.appsheet.com/image/getimageurl?appName=CalPolySpaceManagement2025-1009913&tableName=Facilities&fileName=Facilities_Images%2F180-0%2F180-0%200375-00.Room%20Photo3.174839.jpg&appVersion=1.000082&signature=a936d6428f410b5c395b625d65fa00929ee7f8211ae943a5e249a87bb75925dd,,"Scott, Gregory (CSM-CHEM)",
180-0 0376-00,Warren J. Baker Center for Science and Mathematics,3,"1,170.06",115200-CSM-Chemistry & Biochemistry,210 - Teaching Lab,16,03 Blt-In,2 Class Laboratories,,https://www.appsheet.com/image/getimageurl?appName=CalPolySpaceManagement2025-1009913&tableName=Facilities&fileName=Facilities_Images%2F180-0%2F180-0%200376-00.Room%20Photo1.174249.jpg&appVersion=1.000082&signature=330860ef5b477143c0d2459825b8a25e9de59b440c9080193f19df9e4f4a5c0e,https://www.appsheet.com/image/getimageurl?appName=CalPolySpaceManagement2025-1009913&tableName=Facilities&fileName=Facilities_Images%2F180-0%2F180-0%200376-00.Room%20Photo2.174250.jpg&appVersion=1.000082&signature=f295637eb07ed07d1d40ad1c9eccea95d6b8f9401092fce3c5dc38c9c6dd9596,,,,
180-0 0377-00,Warren J. Baker Center for Science and Mathematics,3,900.72,115200-CSM-Chemistry & Biochemistry,210 - Teaching Lab,16,03 Blt-In,2 Class Laboratories,,https://www.appsheet.com/image/getimageurl?appName=CalPolySpaceManagement2025-1009913&tableName=Facilities&fileName=Facilities_Images%2F180-0%2F180-0%200377-00.Room%20Photo1.174600.jpg&appVersion=1.000082&signature=c7006f7181b7748b6a98c1bf9d1695e9099efcf10011a2531a891247565b0995,https://www.appsheet.com/image/getimageurl?appName=CalPolySpaceManagement2025-1009913&tableName=Facilities&fileName=Facilities_Images%2F180-0%2F180-0%200377-00.Room%20Photo2.174600.jpg&appVersion=1.000082&signature=a599cb928e77da87c1608701504a2f55606f0c638a2777c1901899eb667eb67a,,,,
180-0 0378-00,Warren J. Baker Center for Science and Mathematics,3,611.92,115200-CSM-Chemistry & Biochemistry,213 - Department Lab,18,10 Computer Wrkst,3 Open Laboratories,,https://www.appsheet.com/image/getimageurl?appName=CalPolySpaceManagement2025-1009913&tableName=Facilities&fileName=Facilities_Images%2F180-0%2F180-0%200378-00.Room%20Photo1.174107.jpg&appVersion=1.000082&signature=e1355fd20f50228b918fb24a9ee2702d0e1af7d8ce1121e9d5b0385a637b5a6e,https://www.appsheet.com/image/getimageurl?appName=CalPolySpaceManagement2025-1009913&tableName=Facilities&fileName=Facilities_Images%2F180-0%2F180-0%200378-00.Room%20Photo2.174107.jpg&appVersion=1.000082&signature=85dd3f26ef7e357ab6044eb5f7007bc9e49c21b3384be0db9a9b2ec37b28370c,,,,
180-0 0400-A0,Warren J. Baker Center for Science and Mathematics,4,"1,164.32",115200-CSM-Chemistry & Biochemistry,651 - Collaborative Learning/Study,30,01 Tbl/Ch,7 Library + Study Space,,https://www.appsheet.com/image/getimageurl?appName=CalPolySpaceManagement2025-1009913&tableName=Facilities&fileName=Facilities_Images%2F180-0%2F180-0%200400-A0.Room%20Photo1.203802.jpg&appVersion=1.000082&signature=00e843751303ddf89db6d41f0d83550cee36e5690f0b11cbc951f4cd803a5ef9,,,,,
180-0 0400-B0,Warren J. Baker Center for Science and Mathematics,4,902.39,115200-CSM-Chemistry & Biochemistry,651 - Collaborative Learning/Study,30,01 Tbl/Ch,7 Library + Study Space,,https://www.appsheet.com/image/getimageurl?appName=CalPolySpaceManagement2025-1009913&tableName=Facilities&fileName=Facilities_Images%2F180-0%2F180-0%200400-B0.Room%20Photo1.202628.jpg&appVersion=1.000082&signature=16e06b5456e80f72ae7a5aee6c493b34aff2a8f49364d7ea6e6e6947f44ef687,https://www.appsheet.com/image/getimageurl?appName=CalPolySpaceManagement2025-1009913&tableName=Facilities&fileName=Facilities_Images%2F180-0%2F180-0%200400-B0.Room%20Photo2.202628.jpg&appVersion=1.000082&signature=ace76da7dfe5e4d19c4e277b90ae54981c71618f82b702c6757bda6383125cc2,,,,
180-0 0404-00,Warren J. Baker Center for Science and Mathematics,4,108.7,115200-CSM-Chemistry & Biochemistry,310 - Faculty Office,1,04 Dsk/Ch,5 Academic Unit Offices,,https://www.appsheet.com/image/getimageurl?appName=CalPolySpaceManagement2025-1009913&tableName=Facilities&fileName=Facilities_Images%2F180-0%2F180-0%200404-00.Room%20Photo1.202729.jpg&appVersion=1.000082&signature=1644dbdc3ab40b52c2718589290f9adffd263848628cd0cbdea1fe621c4cc702,,,,"Hamachi, Leslie (CSM-CHEM)",
180-0 0405-00,Warren J. Baker Center for Science and Mathematics,4,108.7,115200-CSM-Chemistry & Biochemistry,310 - Faculty Office,1,04 Dsk/Ch,5 Academic Unit Offices,,https://www.appsheet.com/image/getimageurl?appName=CalPolySpaceManagement2025-1009913&tableName=Facilities&fileName=Facilities_Images%2F180-0%2F180-0%200405-00.Room%20Photo1.202820.jpg&appVersion=1.000082&signature=1f8eda55b533f84be315f078a85a162d3b4b06ab11860dd8207549a0f4b9bd66,,,,"Kantorowski, Eric (CSM-CHEM)",
180-0 0406-00,Warren J. Baker Center for Science and Mathematics,4,102.48,115200-CSM-Chemistry & Biochemistry,310 - Faculty Office,1,04 Dsk/Ch,5 Academic Unit Offices,,https://www.appsheet.com/image/getimageurl?appName=CalPolySpaceManagement2025-1009913&tableName=Facilities&fileName=Facilities_Images%2F180-0%2F180-0%200406-00.Room%20Photo1.202923.jpg&appVersion=1.000082&signature=d0ffbe67e9f85a2f2ad1067ca5d8ad05016559962e6ca88392bc3f2b97bacb38,,,,"Palandoken, HH (CSM-CHEM)",
180-0 0304-E0,Warren J. Baker Center for Science and Mathematics,3,149.35,115200-CSM-Chemistry & Biochemistry,310 - Faculty Office,1,04 Dsk/Ch,5 Academic Unit Offices,,https://www.appsheet.com/image/getimageurl?appName=CalPolySpaceManagement2025-1009913&tableName=Facilities&fileName=Facilities_Images%2F180-0%2F180-0%200304-E0.Room%20Photo1.201326.jpg&appVersion=1.000082&signature=33a37f82b7ed6bebc5026e8f6ac54bf03a9ac2a4649ee28b1f7b72a5d82d177c,,,,"Sapper, Erik (CSM-CHEM)",
180-0 0374-00,Warren J. Baker Center for Science and Mathematics,3,904.7,115200-CSM-Chemistry & Biochemistry,210 - Teaching Lab,16,03 Blt-In,2 Class Laboratories,,https://www.appsheet.com/image/getimageurl?appName=CalPolySpaceManagement2025-1009913&tableName=Facilities&fileName=Facilities_Images%2F180-0%2F180-0%200374-00.Room%20Photo1.174406.jpg&appVersion=1.000082&signature=429c64122b1fc74e112760b68b24da01dd85132be30152e27082c0e4c590f73a,https://www.appsheet.com/image/getimageurl?appName=CalPolySpaceManagement2025-1009913&tableName=Facilities&fileName=Facilities_Images%2F180-0%2F180-0%200374-00.Room%20Photo2.174406.jpg&appVersion=1.000082&signature=8671876806605cf645ff06687097b6a43a64c00d3d0fa78faa150d131578af8a,https://www.appsheet.com/image/getimageurl?appName=CalPolySpaceManagement2025-1009913&tableName=Facilities&fileName=Facilities_Images%2F180-0%2F180-0%200374-00.Room%20Photo3.174406.jpg&appVersion=1.000082&signature=311ebcb1e29751f8bc4991fa058ea43a5c5ac5d1ac753527408f7ce8cef72ee5,,,
180-0 0362-S0,Warren J. Baker Center for Science and Mathematics,3,376.57,115200-CSM-Chemistry & Biochemistry,110 - Lecture,48,01 Tbl/Ch,1 Classrooms,,https://www.appsheet.com/image/getimageurl?appName=CalPolySpaceManagement2025-1009913&tableName=Facilities&fileName=Facilities_Images%2F180-0%2F180-0%200362-S0.Room%20Photo1.180056.jpg&appVersion=1.000082&signature=33c631a3a55d7d65c27f639a59554a5de0af8dbc6d4b1757bc71034baac044f4,,,,,
180-0 0368-00,Warren J. Baker Center for Science and Mathematics,3,421.57,115400-CSM-Mathematics,651 - Collaborative Learning/Study,16,01 Tbl/Ch,11 Student-Centered Space,Mathematics lounge learning center,https://www.appsheet.com/image/getimageurl?appName=CalPolySpaceManagement2025-1009913&tableName=Facilities&fileName=Facilities_Images%2F180-0%2F180-0%200368-00.Room%20Photo1.175530.jpg&appVersion=1.000082&signature=c45f3c28637b7fcbddfbd4b52776e39d3fb7c998dadee935892095466d93b133,,,,,
180-0 0360-00,Warren J. Baker Center for Science and Mathematics,3,101.73,115200-CSM-Chemistry & Biochemistry,780 - General Storage,0,00 Unapplicable,13 Other Academic Space,,https://www.appsheet.com/image/getimageurl?appName=CalPolySpaceManagement2025-1009913&tableName=Facilities&fileName=Facilities_Images%2F180-0%2F180-0%200360-00.Room%20Photo1.181400.jpg&appVersion=1.000082&signature=a86af61d1baadcc152e8bac8450cb0060b49a701ebcc753fee148f142de43b49,,,,,
180-0 0306-00,Warren J. Baker Center for Science and Mathematics,3,947.45,115200-CSM-Chemistry & Biochemistry,651 - Collaborative Learning/Study,30,01 Tbl/Ch,7 Library + Study Space,,https://www.appsheet.com/image/getimageurl?appName=CalPolySpaceManagement2025-1009913&tableName=Facilities&fileName=Facilities_Images%2F180-0%2F180-0%200306-00.Room%20Photo1.201737.jpg&appVersion=1.000082&signature=66a17df30e38859690685dc2782f08931bd36ea36fc2b93430a08f1a848a4e7d,https://www.appsheet.com/image/getimageurl?appName=CalPolySpaceManagement2025-1009913&tableName=Facilities&fileName=Facilities_Images%2F180-0%2F180-0%200306-00.Room%20Photo2.201737.jpg&appVersion=1.000082&signature=59f9e9eae0b7798eff266a566ce01a068fcf40fb4eba24382c4143d86b64d22f,,,,
180-0 0361-00,Warren J. Baker Center for Science and Mathematics,3,874.14,115200-CSM-Chemistry & Biochemistry,112 - Department Lecture,54,02 Tablet,3 Open Laboratories,Learning catalyst classroom,https://www.appsheet.com/image/getimageurl?appName=CalPolySpaceManagement2025-1009913&tableName=Facilities&fileName=Facilities_Images%2F180-0%2F180-0%200361-00.Room%20Photo1.181251.jpg&appVersion=1.000082&signature=cb6f00fe17ca21e2817f47d1afd7e20433656672a44a5ff02879291c85fffb1f,https://www.appsheet.com/image/getimageurl?appName=CalPolySpaceManagement2025-1009913&tableName=Facilities&fileName=Facilities_Images%2F180-0%2F180-0%200361-00.Room%20Photo2.181251.jpg&appVersion=1.000082&signature=78bce890c55f38c6aa3b0e9ee84315890ff601f71e56cd641f2977bed8d6c7fe,,,,
180-0 0306-A0,Warren J. Baker Center for Science and Mathematics,3,107.71,115200-CSM-Chemistry & Biochemistry,310 - Faculty Office,1,04 Dsk/Ch,5 Academic Unit Offices,,https://www.appsheet.com/image/getimageurl?appName=CalPolySpaceManagement2025-1009913&tableName=Facilities&fileName=Facilities_Images%2F180-0%2F180-0%200306-A0.Room%20Photo1.201833.jpg&appVersion=1.000082&signature=e3893c60dbece420d5f8139e8bb927ad31cdee69cf9fa49e8106d520ff6cfd40,,,,"Retsek, Jennifer (CSM-CHEM)",
180-0 0306-B0,Warren J. Baker Center for Science and Mathematics,3,108.59,115200-CSM-Chemistry & Biochemistry,310 - Faculty Office,1,04 Dsk/Ch,5 Academic Unit Offices,,https://www.appsheet.com/image/getimageurl?appName=CalPolySpaceManagement2025-1009913&tableName=Facilities&fileName=Facilities_Images%2F180-0%2F180-0%200306-B0.Room%20Photo1.201914.jpg&appVersion=1.000082&signature=eb2db8abccbed395a321f652ad9d4c471769bbb78db84bdd568d3afd16e194fb,,,,"Heying, Michael (CSM-CHEM)",
180-0 0306-C0,Warren J. Baker Center for Science and Mathematics,3,102.33,115200-CSM-Chemistry & Biochemistry,310 - Faculty Office,1,04 Dsk/Ch,5 Academic Unit Offices,,https://www.appsheet.com/image/getimageurl?appName=CalPolySpaceManagement2025-1009913&tableName=Facilities&fileName=Facilities_Images%2F180-0%2F180-0%200306-C0.Room%20Photo1.202010.jpg&appVersion=1.000082&signature=1b3c1df3296031c4c6363d36049b3c9cd9e07077484b72f6def6e26dcd99c45b,,,,"Lehr, Corinne (CSM-CHEM)",
180-0 0306-E0,Warren J. Baker Center for Science and Mathematics,3,148.61,115200-CSM-Chemistry & Biochemistry,310 - Faculty Office,1,04 Dsk/Ch,5 Academic Unit Offices,,https://www.appsheet.com/image/getimageurl?appName=CalPolySpaceManagement2025-1009913&tableName=Facilities&fileName=Facilities_Images%2F180-0%2F180-0%200306-E0.Room%20Photo1.202340.jpg&appVersion=1.000082&signature=02949ce4a6b52031036dbba409afce578feb561576e6f8f8f00ca511d702239f,,,,"Scott, Gregory (CSM-CHEM)",
180-0 0330-00,Warren J. Baker Center for Science and Mathematics,3,"1,201.34",115200-CSM-Chemistry & Biochemistry,250 - Research Lab,24,01 Tbl/Ch,4 Research Laboratories,Shared with liberal studies,https://www.appsheet.com/image/getimageurl?appName=CalPolySpaceManagement2025-1009913&tableName=Facilities&fileName=Facilities_Images%2F180-0%2F180-0%200330-00.Room%20Photo1.182025.jpg&appVersion=1.000082&signature=e14b2eec0cb4e02399fe8ac9709924503b922863eb0e5dfd68738fd7793e4b51,https://www.appsheet.com/image/getimageurl?appName=CalPolySpaceManagement2025-1009913&tableName=Facilities&fileName=Facilities_Images%2F180-0%2F180-0%200330-00.Room%20Photo2.182025.jpg&appVersion=1.000082&signature=4118035125c7545480eaeedc6c5dc1f1f69e072bc936a5c3374e6000386eab79,,,"Stauch, Nancy (CSM-LS);Holland, Kurt (CSM-EDUC);Holland, Kurt (CSM-LS);Nation, Jasmine (CSM-LS);Bush, Seth (CSM-LS)",
180-0 0331-00,Warren J. Baker Center for Science and Mathematics,3,507.98,115300-CSM-Statistics,213 - Department Lab,18,01 Tbl/Ch,2 Class Laboratories,Statistics and Mathematics collaboratorium,https://www.appsheet.com/image/getimageurl?appName=CalPolySpaceManagement2025-1009913&tableName=Facilities&fileName=Facilities_Images%2F180-0%2F180-0%200331-00.Room%20Photo1.195952.jpg&appVersion=1.000082&signature=3f24b0ee97a0697f7daf874b25df73b187c4225875945288ee1bfcdad2387152,https://www.appsheet.com/image/getimageurl?appName=CalPolySpaceManagement2025-1009913&tableName=Facilities&fileName=Facilities_Images%2F180-0%2F180-0%200331-00.Room%20Photo2.195952.jpg&appVersion=1.000082&signature=e9b5e610f08b93f9ac348ac7239b2f17fb0adbba4844eaa21917b67d42e56651,https://www.appsheet.com/image/getimageurl?appName=CalPolySpaceManagement2025-1009913&tableName=Facilities&fileName=Facilities_Images%2F180-0%2F180-0%200331-00.Room%20Photo3.195952.jpg&appVersion=1.000082&signature=90f66543bbb59a2421e65576ffedda06500daac41acb383a7a63d554aa8555d8,,,
180-0 0331-A0,Warren J. Baker Center for Science and Mathematics,3,94.52,115300-CSM-Statistics,210 - Teaching Lab,4,01 Tbl/Ch,2 Class Laboratories,,https://www.appsheet.com/image/getimageurl?appName=CalPolySpaceManagement2025-1009913&tableName=Facilities&fileName=Facilities_Images%2F180-0%2F180-0%200331-A0.Room%20Photo1.200323.jpg&appVersion=1.000082&signature=908f71fd1bbb90e00d223d98aab150b425770413b03f8e323da90a038f01105f,,,,,
180-0 0331-B0,Warren J. Baker Center for Science and Mathematics,3,96.92,115300-CSM-Statistics,210 - Teaching Lab,4,01 Tbl/Ch,2 Class Laboratories,,https://www.appsheet.com/image/getimageurl?appName=CalPolySpaceManagement2025-1009913&tableName=Facilities&fileName=Facilities_Images%2F180-0%2F180-0%200331-B0.Room%20Photo1.200225.jpg&appVersion=1.000082&signature=1f0939dff56f9abd72642ae48e52d0af6eca24a72b3bed0cadee9c6161e02505,https://www.appsheet.com/image/getimageurl?appName=CalPolySpaceManagement2025-1009913&tableName=Facilities&fileName=Facilities_Images%2F180-0%2F180-0%200331-B0.Room%20Photo2.200225.jpg&appVersion=1.000082&signature=f84694b660df07bc14a34c6f5591f2cdb29a9efc6ecb3243968134cbb8a08aa4,,,,
180-0 0331-C0,Warren J. Baker Center for Science and Mathematics,3,96.41,115300-CSM-Statistics,210 - Teaching Lab,4,01 Tbl/Ch,2 Class Laboratories,,https://www.appsheet.com/image/getimageurl?appName=CalPolySpaceManagement2025-1009913&tableName=Facilities&fileName=Facilities_Images%2F180-0%2F180-0%200331-C0.Room%20Photo1.200101.jpg&appVersion=1.000082&signature=f9e7abcdea58f00571248077ba48d287784d5cc20127560361a28b7b0e54bc93,,,,,
180-0 0333-00,Warren J. Baker Center for Science and Mathematics,3,"1,358.92",115200-CSM-Chemistry & Biochemistry,215 - Teaching Lab Service,0,00 Unapplicable,2 Class Laboratories,,https://www.appsheet.com/image/getimageurl?appName=CalPolySpaceManagement2025-1009913&tableName=Facilities&fileName=Facilities_Images%2F180-0%2F180-0%200333-00.Room%20Photo1.182531.jpg&appVersion=1.000082&signature=653bf131c9bbf261429014e0dae041f4050443b7f37fcae605f225f0ac97089e,https://www.appsheet.com/image/getimageurl?appName=CalPolySpaceManagement2025-1009913&tableName=Facilities&fileName=Facilities_Images%2F180-0%2F180-0%200333-00.Room%20Photo2.182531.jpg&appVersion=1.000082&signature=21a506edf1348006b8d8ef7bb7f5c2c6d9e64c36c597bc33a4b46a1079cda5b0,https://www.appsheet.com/image/getimageurl?appName=CalPolySpaceManagement2025-1009913&tableName=Facilities&fileName=Facilities_Images%2F180-0%2F180-0%200333-00.Room%20Photo3.182531.jpg&appVersion=1.000082&signature=72e3dc985b1a84e3fe48ed1901c915e9b67fe9fd823ed2e587c628624c225066,,,
180-0 0306-D0,Warren J. Baker Center for Science and Mathematics,3,105.31,115200-CSM-Chemistry & Biochemistry,310 - Faculty Office,1,04 Dsk/Ch,5 Academic Unit Offices,,https://www.appsheet.com/image/getimageurl?appName=CalPolySpaceManagement2025-1009913&tableName=Facilities&fileName=Facilities_Images%2F180-0%2F180-0%200306-D0.Room%20Photo1.202132.jpg&appVersion=1.000082&signature=09fe5bf1248cc2f3502d4330aaf43f231d0d6722352296c9454387083c481025,,,,"Morey, Nisa (CSM-CHEM)",
180-0 0337-00,Warren J. Baker Center for Science and Mathematics,3,"1,181.55",115200-CSM-Chemistry & Biochemistry,210 - Teaching Lab,24,03 Blt-In,2 Class Laboratories,,https://www.appsheet.com/image/getimageurl?appName=CalPolySpaceManagement2025-1009913&tableName=Facilities&fileName=Facilities_Images%2F180-0%2F180-0%200337-00.Room%20Photo1.183315.jpg&appVersion=1.000082&signature=2200ebd30ea4611a63eee4a396e9e83cb9d2c0849db0d4a9c70c443228025573,https://www.appsheet.com/image/getimageurl?appName=CalPolySpaceManagement2025-1009913&tableName=Facilities&fileName=Facilities_Images%2F180-0%2F180-0%200337-00.Room%20Photo2.183315.jpg&appVersion=1.000082&signature=a7d12cc9c667640c60582d594412c40d078fa763aef218926d877ee5a8d30c7b,,,,
180-0 0333-A0,Warren J. Baker Center for Science and Mathematics,3,94.62,115200-CSM-Chemistry & Biochemistry,311 - Staff Office,1,04 Dsk/Ch,5 Academic Unit Offices,,https://www.appsheet.com/image/getimageurl?appName=CalPolySpaceManagement2025-1009913&tableName=Facilities&fileName=Facilities_Images%2F180-0%2F180-0%200333-A0.Room%20Photo1.182736.jpg&appVersion=1.000082&signature=503c24e7038a33b3529119d72f17e0d2842c3876bb7ab002e289390f383c3674,,,,,
180-0 0338-S3,Warren J. Baker Center for Science and Mathematics,3,485.41,115200-CSM-Chemistry & Biochemistry,215 - Teaching Lab Service,0,00 Unapplicable,2 Class Laboratories,,https://www.appsheet.com/image/getimageurl?appName=CalPolySpaceManagement2025-1009913&tableName=Facilities&fileName=Facilities_Images%2F180-0%2F180-0%200338-S3.Room%20Photo1.183141.jpg&appVersion=1.000082&signature=b0c35c0ec55f45218a9c8d29eee79230c7f9f02ad48993144c9dbeefb457231d,,,,,
180-0 0338-S0,Warren J. Baker Center for Science and Mathematics,3,431.73,115200-CSM-Chemistry & Biochemistry,110 - Lecture,64,01 Tbl/Ch,1 Classrooms,,https://www.appsheet.com/image/getimageurl?appName=CalPolySpaceManagement2025-1009913&tableName=Facilities&fileName=Facilities_Images%2F180-0%2F180-0%200338-S0.Room%20Photo1.183049.jpg&appVersion=1.000082&signature=6eceb75a445bb5841698e7dd6553a8bd59ee04dcab8948be3af31bf349556ce8,,,,,
180-0 0336-00,Warren J. Baker Center for Science and Mathematics,3,278.92,115200-CSM-Chemistry & Biochemistry,215 - Teaching Lab Service,3,00 Unapplicable,2 Class Laboratories,,https://www.appsheet.com/image/getimageurl?appName=CalPolySpaceManagement2025-1009913&tableName=Facilities&fileName=Facilities_Images%2F180-0%2F180-0%200336-00.Room%20Photo1.182959.jpg&appVersion=1.000082&signature=dd0e680680f92cfeafa6e0cba087d2a2ba93d8d85552a866214cbcaef4a7cc35,,,,,
180-0 0338-S1,Warren J. Baker Center for Science and Mathematics,3,"2,744.77",115200-CSM-Chemistry & Biochemistry,210 - Teaching Lab,64,04 Dsk/Ch,2 Class Laboratories,,https://www.appsheet.com/image/getimageurl?appName=CalPolySpaceManagement2025-1009913&tableName=Facilities&fileName=Facilities_Images%2F180-0%2F180-0%200338-S1.Room%20Photo1.183118.jpg&appVersion=1.000082&signature=8842c29a54cd88a5de12bec8db15e3715cfb4ab1e96fa4ee2062db29a3d4565f,,,,,
180-0 0334-S3,Warren J. Baker Center for Science and Mathematics,3,589.47,115200-CSM-Chemistry & Biochemistry,215 - Teaching Lab Service,0,00 Unapplicable,2 Class Laboratories,,https://www.appsheet.com/image/getimageurl?appName=CalPolySpaceManagement2025-1009913&tableName=Facilities&fileName=Facilities_Images%2F180-0%2F180-0%200334-S3.Room%20Photo1.182300.jpg&appVersion=1.000082&signature=d13203e54b06e1bb42650a7612fb18cb0277f4fa5651508bd79cea4be2ab8d2c,,,,,
180-0 0334-S1,Warren J. Baker Center for Science and Mathematics,3,"2,761.65",115200-CSM-Chemistry & Biochemistry,210 - Teaching Lab,64,04 Dsk/Ch,2 Class Laboratories,,https://www.appsheet.com/image/getimageurl?appName=CalPolySpaceManagement2025-1009913&tableName=Facilities&fileName=Facilities_Images%2F180-0%2F180-0%200334-S1.Room%20Photo1.182230.jpg&appVersion=1.000082&signature=ecb3628418e0469edd9d730d4072617db1fb0c8ce37c5912bb34c202c4b8810f,,,,,
180-0 0334-S0,Warren J. Baker Center for Science and Mathematics,3,474.72,115200-CSM-Chemistry & Biochemistry,110 - Lecture,64,01 Tbl/Ch,1 Classrooms,,https://www.appsheet.com/image/getimageurl?appName=CalPolySpaceManagement2025-1009913&tableName=Facilities&fileName=Facilities_Images%2F180-0%2F180-0%200334-S0.Room%20Photo1.182203.jpg&appVersion=1.000082&signature=5c5fd34fa9b8b9b53e6a1ca5ac8a733d5fcb06888186af9cf193f579aa361995,,,,,
180-0 0333-B0,Warren J. Baker Center for Science and Mathematics,3,155.25,115200-CSM-Chemistry & Biochemistry,760 - Hazardous Materials Storage,0,00 Unapplicable,13 Other Academic Space,,https://www.appsheet.com/image/getimageurl?appName=CalPolySpaceManagement2025-1009913&tableName=Facilities&fileName=Facilities_Images%2F180-0%2F180-0%200333-B0.Room%20Photo1.182629.jpg&appVersion=1.000082&signature=2d0012830f144c916a1aacb7600d485fcd9b499ee3a9f97ef033f88a8c7452a5,https://www.appsheet.com/image/getimageurl?appName=CalPolySpaceManagement2025-1009913&tableName=Facilities&fileName=Facilities_Images%2F180-0%2F180-0%200333-B0.Room%20Photo2.182629.jpg&appVersion=1.000082&signature=b9b4f16bbfa0b718f9a5ffa0f9573bd51579f2972e28d7d433d57ce7b6cc6000,,,,
180-0 0335-00,Warren J. Baker Center for Science and Mathematics,3,"1,183.25",115200-CSM-Chemistry & Biochemistry,210 - Teaching Lab,24,03 Blt-In,2 Class Laboratories,,https://www.appsheet.com/image/getimageurl?appName=CalPolySpaceManagement2025-1009913&tableName=Facilities&fileName=Facilities_Images%2F180-0%2F180-0%200335-00.Room%20Photo1.182911.jpg&appVersion=1.000082&signature=9441ee7293d66a1f8de314d861c991f109df922be9af287dcc6c99f0e5a4e336,https://www.appsheet.com/image/getimageurl?appName=CalPolySpaceManagement2025-1009913&tableName=Facilities&fileName=Facilities_Images%2F180-0%2F180-0%200335-00.Room%20Photo2.182911.jpg&appVersion=1.000082&signature=7164b3d06e15cc9468546b479092f47206cc4a87a700945b299c36d2d74568c2,,,,
181-0 0413-00,William and Linda Frost Center for Research and Innovation,4,110.73,117500-CSM-College of Science & Math,310 - Faculty Office,1,04 Dsk/Ch,5 Academic Unit Offices,,https://www.appsheet.com/image/getimageurl?appName=CalPolySpaceManagement2025-1009913&tableName=Facilities&fileName=Facilities_Images%2F181-0%2F181-0%200413-00.Room%20Photo1.163854.jpg&appVersion=1.000082&signature=07c6d661be325fefbf39c62aa822a6da29437680254d4f4c7d83334f2e7b493a,,,,"Bockmon, Emily (CSM-CHEM)",
181-0 0409-00,William and Linda Frost Center for Research and Innovation,4,108.41,117500-CSM-College of Science & Math,310 - Faculty Office,1,04 Dsk/Ch,5 Academic Unit Offices,,https://www.appsheet.com/image/getimageurl?appName=CalPolySpaceManagement2025-1009913&tableName=Facilities&fileName=Facilities_Images%2F181-0%2F181-0%200409-00.Room%20Photo1.164320.jpg&appVersion=1.000082&signature=2d04729cacaca41ca8b141f6b020cf1dc96ff72072f13495b2783001a5fa266d,,,,"McDonald, Ashley (CSM-CHEM)",
181-0 0412-00,William and Linda Frost Center for Research and Innovation,4,107.63,117500-CSM-College of Science & Math,310 - Faculty Office,1,04 Dsk/Ch,5 Academic Unit Offices,,https://www.appsheet.com/image/getimageurl?appName=CalPolySpaceManagement2025-1009913&tableName=Facilities&fileName=Facilities_Images%2F181-0%2F181-0%200412-00.Room%20Photo1.163955.jpg&appVersion=1.000082&signature=fcaaa275ff98dea784c3beee5a3a5239dd05355ad640b0f67f086272f36b1d6c,,,,"Ward, Sandra (CSM-CHEM)",
181-0 0411-00,William and Linda Frost Center for Research and Innovation,4,107.68,117500-CSM-College of Science & Math,310 - Faculty Office,1,04 Dsk/Ch,5 Academic Unit Offices,,https://www.appsheet.com/image/getimageurl?appName=CalPolySpaceManagement2025-1009913&tableName=Facilities&fileName=Facilities_Images%2F181-0%2F181-0%200411-00.Room%20Photo1.164110.jpg&appVersion=1.000082&signature=5fa4cf0c2026e2f847a1bbdc7bc6c938e6e7088a0eb1970ad57f9e1b0c69cd41,,,,"Watts, Katharine (CSM-CHEM)",
181-0 0410-00,William and Linda Frost Center for Research and Innovation,4,110.2,117500-CSM-College of Science & Math,310 - Faculty Office,1,04 Dsk/Ch,5 Academic Unit Offices,,https://www.appsheet.com/image/getimageurl?appName=CalPolySpaceManagement2025-1009913&tableName=Facilities&fileName=Facilities_Images%2F181-0%2F181-0%200410-00.Room%20Photo1.164204.jpg&appVersion=1.000082&signature=3a2eaea9c4250326e56c269135af214ed42de2dcaf700d08301389f09fc23883,,,,"Davidson, Jean (CSM-BIO)",
181-0 0403-BA,William and Linda Frost Center for Research and Innovation,4,107.24,117506-CSM-Cntr for Cstal Marine Sci,255 - Research Lab Service,0,00 Unapplicable,4 Research Laboratories,,https://www.appsheet.com/image/getimageurl?appName=CalPolySpaceManagement2025-1009913&tableName=Facilities&fileName=Facilities_Images%2F181-0%2F181-0%200403-BA.Room%20Photo1.175800.jpg&appVersion=1.000082&signature=46a338c24080a439fa2a66c5c05435f86c681b0ec9a406c9936b5d3f0925f2c6,,,,"Tomanek, Lars (CSM-BIO)",
181-0 0404-A0,William and Linda Frost Center for Research and Innovation,4,103.01,117500-CSM-College of Science & Math,255 - Research Lab Service,4,00 Unapplicable,4 Research Laboratories,,https://www.appsheet.com/image/getimageurl?appName=CalPolySpaceManagement2025-1009913&tableName=Facilities&fileName=Facilities_Images%2F181-0%2F181-0%200404-A0.Room%20Photo1.182431.jpg&appVersion=1.000082&signature=c7daed6198fdbe415bfad955ad3f0a234a77bd3f379627ca3cd8c768aa745d87,,,,,
181-0 0406-00,William and Linda Frost Center for Research and Innovation,4,346.81,117500-CSM-College of Science & Math,315 - Office Service,0,00 Unapplicable,5 Academic Unit Offices,,https://www.appsheet.com/image/getimageurl?appName=CalPolySpaceManagement2025-1009913&tableName=Facilities&fileName=Facilities_Images%2F181-0%2F181-0%200406-00.Room%20Photo1.164702.jpg&appVersion=1.000082&signature=9990d75abf58198a306b5480217f3ce6ffc6aec639d1da9beaf203374e98678a,https://www.appsheet.com/image/getimageurl?appName=CalPolySpaceManagement2025-1009913&tableName=Facilities&fileName=Facilities_Images%2F181-0%2F181-0%200406-00.Room%20Photo2.164702.jpg&appVersion=1.000082&signature=b1ef9a3dbafff3a5081780b9b24049a40e44792db639069469cd022a3839d24d,,,,
181-0 0404-C0,William and Linda Frost Center for Research and Innovation,4,95.84,117500-CSM-College of Science & Math,255 - Research Lab Service,4,00 Unapplicable,4 Research Laboratories,,https://www.appsheet.com/image/getimageurl?appName=CalPolySpaceManagement2025-1009913&tableName=Facilities&fileName=Facilities_Images%2F181-0%2F181-0%200404-C0.Room%20Photo1.182707.jpg&appVersion=1.000082&signature=f7a1f7436699cd23ee3c0fef070c015343faad90261ecdbf129bd432f1763b3d,,,,"McDonald, Ashley (CSM-CHEM);Davidson, Jean (CSM-BIO);Anderson, Paul (CENG-CSC)",
181-0 0404-B0,William and Linda Frost Center for Research and Innovation,4,103.09,117500-CSM-College of Science & Math,255 - Research Lab Service,4,00 Unapplicable,4 Research Laboratories,,https://www.appsheet.com/image/getimageurl?appName=CalPolySpaceManagement2025-1009913&tableName=Facilities&fileName=Facilities_Images%2F181-0%2F181-0%200404-B0.Room%20Photo1.182600.jpg&appVersion=1.000082&signature=af8975039319f1139d2f1df38e0ff6ba92d828edc206efa726dae5a55f012558,,,,"Anderson, Paul (CENG-CSC);McDonald, Ashley (CSM-CHEM);Davidson, Jean (CSM-BIO)",
181-0 0404-00,William and Linda Frost Center for Research and Innovation,4,643.8,117500-CSM-College of Science & Math,250 - Research Lab,16,00 Unapplicable,4 Research Laboratories,,https://www.appsheet.com/image/getimageurl?appName=CalPolySpaceManagement2025-1009913&tableName=Facilities&fileName=Facilities_Images%2F181-0%2F181-0%200404-00.Room%20Photo1.182332.jpg&appVersion=1.000082&signature=0f066c936035b6cbd3aca4890e1f9b07c0c9371e163f5046b26db643c05a8485,https://www.appsheet.com/image/getimageurl?appName=CalPolySpaceManagement2025-1009913&tableName=Facilities&fileName=Facilities_Images%2F181-0%2F181-0%200404-00.Room%20Photo2.182332.jpg&appVersion=1.000082&signature=c6bde1f9d25bb3b3e93c5a88e4a4db0ba104c13628a225ed050d6ca7e58f22d9,,,"Anderson, Paul (CENG-CSC);McDonald, Ashley (CSM-CHEM);Davidson, Jean (CSM-BIO)",
181-0 0403-C0,William and Linda Frost Center for Research and Innovation,4,104.66,117506-CSM-Cntr for Cstal Marine Sci,255 - Research Lab Service,0,00 Unapplicable,4 Research Laboratories,,https://www.appsheet.com/image/getimageurl?appName=CalPolySpaceManagement2025-1009913&tableName=Facilities&fileName=Facilities_Images%2F181-0%2F181-0%200403-C0.Room%20Photo1.175412.jpg&appVersion=1.000082&signature=6a9ab61140ef37b5e8d376075d453b04ea9fbf7c908f838bb619f35f49d7a350,,,,"Johnson, Kevin (CSM-BIO);Hardy, Kristin (CSM-BIO)",
181-0 0403-BB,William and Linda Frost Center for Research and Innovation,4,107.59,117506-CSM-Cntr for Cstal Marine Sci,255 - Research Lab Service,0,00 Unapplicable,4 Research Laboratories,,https://www.appsheet.com/image/getimageurl?appName=CalPolySpaceManagement2025-1009913&tableName=Facilities&fileName=Facilities_Images%2F181-0%2F181-0%200403-BB.Room%20Photo1.175700.jpg&appVersion=1.000082&signature=ee5c84bdb9b8bae2855a6bf849c52dd46008fdeb70c649b818152304037f4b91,,,,"Pasulka, Alexis (CSM-BIO)",
181-0 0414-00,William and Linda Frost Center for Research and Innovation,4,108.85,117500-CSM-College of Science & Math,310 - Faculty Office,1,04 Dsk/Ch,5 Academic Unit Offices,,https://www.appsheet.com/image/getimageurl?appName=CalPolySpaceManagement2025-1009913&tableName=Facilities&fileName=Facilities_Images%2F181-0%2F181-0%200414-00.Room%20Photo1.163739.jpg&appVersion=1.000082&signature=650da307ac3f7f9ec2b3f9ca9c423ce35ba4387cb5a280b6151746c690e29829,,,,"Pasulka, Alexis (CSM-BIO)",
181-0 0407-00,William and Linda Frost Center for Research and Innovation,4,307.99,117500-CSM-College of Science & Math,330 - Other Office,6,04 Dsk/Ch,5 Academic Unit Offices,Frost Post doc office,https://www.appsheet.com/image/getimageurl?appName=CalPolySpaceManagement2025-1009913&tableName=Facilities&fileName=Facilities_Images%2F181-0%2F181-0%200407-00.Room%20Photo1.164551.jpg&appVersion=1.000082&signature=6c7db1d70e3ceafed9d0c304972799bb8f49c298148c6db694bbeedc26b59be1,,,,"Moniz, Haley (CSM-BIO);Johnson, Rachel (CSM);Johnson, Rachel (CSM-CHEM);Appleby, Scott (CSM);Appleby, Scott (CSM-BIO)",
181-0 0415-00,William and Linda Frost Center for Research and Innovation,4,108.28,117500-CSM-College of Science & Math,310 - Faculty Office,1,04 Dsk/Ch,5 Academic Unit Offices,,https://www.appsheet.com/image/getimageurl?appName=CalPolySpaceManagement2025-1009913&tableName=Facilities&fileName=Facilities_Images%2F181-0%2F181-0%200415-00.Room%20Photo1.163641.jpg&appVersion=1.000082&signature=bf3ab4d8d8ada4b00f813944118374644d1deec95788abc241e47ad1fb9d2124,,,,"Hardy, Kristin (CSM-BIO)",
181-0 0434-00,William and Linda Frost Center for Research and Innovation,4,680.56,117506-CSM-Cntr for Cstal Marine Sci,255 - Research Lab Service,38,00 Unapplicable,4 Research Laboratories,,https://www.appsheet.com/image/getimageurl?appName=CalPolySpaceManagement2025-1009913&tableName=Facilities&fileName=Facilities_Images%2F181-0%2F181-0%200434-00.Room%20Photo1.174321.jpg&appVersion=1.000082&signature=b5fd87e1c266ea29e34644b0c475077146bc2701b2e12daa3d1f9ffc2b94a70e,,,,,
181-0 0417-00,William and Linda Frost Center for Research and Innovation,4,110.24,117500-CSM-College of Science & Math,310 - Faculty Office,1,04 Dsk/Ch,5 Academic Unit Offices,,https://www.appsheet.com/image/getimageurl?appName=CalPolySpaceManagement2025-1009913&tableName=Facilities&fileName=Facilities_Images%2F181-0%2F181-0%200417-00.Room%20Photo1.163436.jpg&appVersion=1.000082&signature=688c7505209ff5741dbeb5a778475950701cb2ae2ee393f28b754b1cc92ca7c4,,,,"Lema, Sean (CSM-BIO)",
181-0 0451-A0,William and Linda Frost Center for Research and Innovation,4,189.73,115100-CSM-Biological Sciences,255 - Research Lab Service,0,00 Unapplicable,4 Research Laboratories,,https://www.appsheet.com/image/getimageurl?appName=CalPolySpaceManagement2025-1009913&tableName=Facilities&fileName=Facilities_Images%2F181-0%2F181-0%200451-A0.Room%20Photo1.181314.jpg&appVersion=1.000082&signature=bb819ec9e30849b6d9db5b8ce12f4791ff518bf286b8fc1ba7f22534ceda80d7,,,,"Neal, Emily (CENG-BMED);Neal, Emily (CSM-BIO);Cardinal, Kristen (CENG-BMED);Cardinal, Trevor (CENG-BMED)",
181-0 0451-00,William and Linda Frost Center for Research and Innovation,4,"1,270.78",115100-CSM-Biological Sciences,250 - Research Lab,24,00 Unapplicable,4 Research Laboratories,,https://www.appsheet.com/image/getimageurl?appName=CalPolySpaceManagement2025-1009913&tableName=Facilities&fileName=Facilities_Images%2F181-0%2F181-0%200451-00.Room%20Photo1.181139.jpg&appVersion=1.000082&signature=6bfdaecf8394ad8c10df0f99ff5368d4939c2ec76f84ef0c5672897a96c640a9,https://www.appsheet.com/image/getimageurl?appName=CalPolySpaceManagement2025-1009913&tableName=Facilities&fileName=Facilities_Images%2F181-0%2F181-0%200451-00.Room%20Photo2.181139.jpg&appVersion=1.000082&signature=d885e7c7df24eb14ca4206208ba64f2a48e2e339478ccb808bd06efd30657914,https://www.appsheet.com/image/getimageurl?appName=CalPolySpaceManagement2025-1009913&tableName=Facilities&fileName=Facilities_Images%2F181-0%2F181-0%200451-00.Room%20Photo3.181140.jpg&appVersion=1.000082&signature=93a1c0a1acd38ba1cf143846abd6f5de3d08a60aca9afb1d2731d75d7697f8d0,https://www.appsheet.com/image/getimageurl?appName=CalPolySpaceManagement2025-1009913&tableName=Facilities&fileName=Facilities_Images%2F181-0%2F181-0%200451-00.Room%20Photo4.181140.jpg&appVersion=1.000082&signature=6be8e4677fb38b73df4256d179b646039d570a6bee19e2c1fb5662d1d90daec9,"Keeling, Elena (CSM-BIO);Cardinal, Kristen (CENG-BMED);Cardinal, Trevor (CENG-BMED);Neal, Emily (CSM-BIO)",Cardinal
181-0 0450-B0,William and Linda Frost Center for Research and Innovation,4,146.04,117500-CSM-College of Science & Math,255 - Research Lab Service,0,00 Unapplicable,4 Research Laboratories,,https://www.appsheet.com/image/getimageurl?appName=CalPolySpaceManagement2025-1009913&tableName=Facilities&fileName=Facilities_Images%2F181-0%2F181-0%200450-B0.Room%20Photo1.181413.jpg&appVersion=1.000082&signature=bc11e8a5bb18a9e46fcf2325d52ff74005d5f224266c441fe20e28e169f979f4,,,,,
181-0 0450-A0,William and Linda Frost Center for Research and Innovation,4,187.24,117500-CSM-College of Science & Math,255 - Research Lab Service,0,00 Unapplicable,4 Research Laboratories,,https://www.appsheet.com/image/getimageurl?appName=CalPolySpaceManagement2025-1009913&tableName=Facilities&fileName=Facilities_Images%2F181-0%2F181-0%200450-A0.Room%20Photo1.181747.jpg&appVersion=1.000082&signature=43c422f22ea9eddf65aff5ef24d93e7309cc13f3f5e34b1bb715bca006ffbb78,,,,"Davidson, Jean (CSM-BIO);Martinez, Nathaniel (CSM-BIO)",
181-0 0450-00,William and Linda Frost Center for Research and Innovation,4,"1,321.93",117500-CSM-College of Science & Math,250 - Research Lab,24,00 Unapplicable,4 Research Laboratories,,https://www.appsheet.com/image/getimageurl?appName=CalPolySpaceManagement2025-1009913&tableName=Facilities&fileName=Facilities_Images%2F181-0%2F181-0%200450-00.Room%20Photo1.181604.jpg&appVersion=1.000082&signature=48e689b90b60052fc3f5f7c4b8accdc107dbafe204eabd6f80dfce7ef38d15c6,https://www.appsheet.com/image/getimageurl?appName=CalPolySpaceManagement2025-1009913&tableName=Facilities&fileName=Facilities_Images%2F181-0%2F181-0%200450-00.Room%20Photo2.181605.jpg&appVersion=1.000082&signature=b497fdef77fa98a14bdb89a576d46ed9148ec5544e682dcc584c63c0f6a486e6,https://www.appsheet.com/image/getimageurl?appName=CalPolySpaceManagement2025-1009913&tableName=Facilities&fileName=Facilities_Images%2F181-0%2F181-0%200450-00.Room%20Photo3.181604.jpg&appVersion=1.000082&signature=e43270b75bd41988cd93c5ac40ffddb316b820fcbf0b94605de856f1e13efa21,https://www.appsheet.com/image/getimageurl?appName=CalPolySpaceManagement2025-1009913&tableName=Facilities&fileName=Facilities_Images%2F181-0%2F181-0%200450-00.Room%20Photo4.181605.jpg&appVersion=1.000082&signature=1c288bf3d8ed3f9b052fdf0c6513baa5596e1309a08a20cbf18a450e92bbf094,"Martinez, Andres (CSM-CHEM);Martinez, Nathaniel (CSM-BIO);Davidson, Jean (CSM-BIO)",
181-0 0436-00,William and Linda Frost Center for Research and Innovation,4,560.78,115100-CSM-Biological Sciences,255 - Research Lab Service,30,00 Unapplicable,4 Research Laboratories,,https://www.appsheet.com/image/getimageurl?appName=CalPolySpaceManagement2025-1009913&tableName=Facilities&fileName=Facilities_Images%2F181-0%2F181-0%200436-00.Room%20Photo1.181918.jpg&appVersion=1.000082&signature=abb9130c880fbdb128c213226bfa51e993c29bba7ec823779e3f172e72ad9df3,https://www.appsheet.com/image/getimageurl?appName=CalPolySpaceManagement2025-1009913&tableName=Facilities&fileName=Facilities_Images%2F181-0%2F181-0%200436-00.Room%20Photo2.181918.jpg&appVersion=1.000082&signature=ffa1b0a0a1b3601901a26da045942f67930f9c53f0107ea847e8653a4cbf6f4b,,,,
181-0 0435-00,William and Linda Frost Center for Research and Innovation,4,165.83,115200-CSM-Chemistry & Biochemistry,255 - Research Lab Service,8,00 Unapplicable,4 Research Laboratories,,https://www.appsheet.com/image/getimageurl?appName=CalPolySpaceManagement2025-1009913&tableName=Facilities&fileName=Facilities_Images%2F181-0%2F181-0%200435-00.Room%20Photo1.180102.jpg&appVersion=1.000082&signature=13cf688f8dcba99d1e347518fe4f3bd1195d2cb3fe54188ab48bee4cae1a4e13,https://www.appsheet.com/image/getimageurl?appName=CalPolySpaceManagement2025-1009913&tableName=Facilities&fileName=Facilities_Images%2F181-0%2F181-0%200435-00.Room%20Photo2.180102.jpg&appVersion=1.000082&signature=b2b2d438637d2a6e63778c9724ad116eb424d6237059a9a08b43483214dcc8d6,,,,
181-0 0416-00,William and Linda Frost Center for Research and Innovation,4,109.59,117500-CSM-College of Science & Math,310 - Faculty Office,1,04 Dsk/Ch,5 Academic Unit Offices,,https://www.appsheet.com/image/getimageurl?appName=CalPolySpaceManagement2025-1009913&tableName=Facilities&fileName=Facilities_Images%2F181-0%2F181-0%200416-00.Room%20Photo1.163527.jpg&appVersion=1.000082&signature=0583954aee34229d5a78dc4ff102b38bfe12383472b3971ab7c0e0d9154800e6,,,,"Walter, Ryan (CSM-PHYS)",
181-0 0403-B0,William and Linda Frost Center for Research and Innovation,4,173.67,117506-CSM-Cntr for Cstal Marine Sci,255 - Research Lab Service,0,00 Unapplicable,4 Research Laboratories,,https://www.appsheet.com/image/getimageurl?appName=CalPolySpaceManagement2025-1009913&tableName=Facilities&fileName=Facilities_Images%2F181-0%2F181-0%200403-B0.Room%20Photo1.175524.jpg&appVersion=1.000082&signature=d67fe63427052e7c722a69756610e0d8cc65d3cb00e2b943bdf627291c50e5ba,,,,"Johnson, Kevin (CSM-BIO);Lema, Sean (CSM-BIO);Hardy, Kristin (CSM-BIO);Tomanek, Lars (CSM-BIO)",
181-0 0432-00,William and Linda Frost Center for Research and Innovation,4,173.77,117500-CSM-College of Science & Math,591 - Student Use,0,00 Unapplicable,13 Other Academic Space,,https://www.appsheet.com/image/getimageurl?appName=CalPolySpaceManagement2025-1009913&tableName=Facilities&fileName=Facilities_Images%2F181-0%2F181-0%200432-00.Room%20Photo1.162806.jpg&appVersion=1.000082&signature=501073eb5de171c9150839cc6870bb9b12b328322d589682d998707e7dc9fa78,,,,,
181-0 0423-00,William and Linda Frost Center for Research and Innovation,4,220.2,117500-CSM-College of Science & Math,350 - Conference Room,10,01 Tbl/Ch,5 Academic Unit Offices,,https://www.appsheet.com/image/getimageurl?appName=CalPolySpaceManagement2025-1009913&tableName=Facilities&fileName=Facilities_Images%2F181-0%2F181-0%200423-00.Room%20Photo1.162544.jpg&appVersion=1.000082&signature=94ac42ee10d1970a2aeb219cb0ff4e0df7ac1e2b21947ce6e658cd4dd400c79e,,,,,
181-0 0422-00,William and Linda Frost Center for Research and Innovation,4,106.76,117500-CSM-College of Science & Math,310 - Faculty Office,1,04 Dsk/Ch,5 Academic Unit Offices,,https://www.appsheet.com/image/getimageurl?appName=CalPolySpaceManagement2025-1009913&tableName=Facilities&fileName=Facilities_Images%2F181-0%2F181-0%200422-00.Room%20Photo1.163013.jpg&appVersion=1.000082&signature=b44cfc407d2f8b5ad3ea0fc5a47f82a952b8bdeaf7530218278826c699710d99,,,,"Martinez, Nathaniel (CSM-BIO)",
181-0 0421-00,William and Linda Frost Center for Research and Innovation,4,108.17,117500-CSM-College of Science & Math,310 - Faculty Office,1,04 Dsk/Ch,5 Academic Unit Offices,,https://www.appsheet.com/image/getimageurl?appName=CalPolySpaceManagement2025-1009913&tableName=Facilities&fileName=Facilities_Images%2F181-0%2F181-0%200421-00.Room%20Photo1.163129.jpg&appVersion=1.000082&signature=016cfada0b45c2ca3cec639a31af2b4662b893c78ebf55c5c9eb865334b368d6,,,,"Martinez, Andres (CSM-CHEM)",
181-0 0420-00,William and Linda Frost Center for Research and Innovation,4,108.23,117500-CSM-College of Science & Math,310 - Faculty Office,1,04 Dsk/Ch,5 Academic Unit Offices,,https://www.appsheet.com/image/getimageurl?appName=CalPolySpaceManagement2025-1009913&tableName=Facilities&fileName=Facilities_Images%2F181-0%2F181-0%200420-00.Room%20Photo1.165136.jpg&appVersion=1.000082&signature=25e0c09f8cd603ed56b9e7594f48cb517cc05dbfc4f27ec5359801f672c0882c,,,,"Haynes, M. (CSM-CHEM)",
181-0 0419-00,William and Linda Frost Center for Research and Innovation,4,109.68,117500-CSM-College of Science & Math,310 - Faculty Office,1,04 Dsk/Ch,5 Academic Unit Offices,,https://www.appsheet.com/image/getimageurl?appName=CalPolySpaceManagement2025-1009913&tableName=Facilities&fileName=Facilities_Images%2F181-0%2F181-0%200419-00.Room%20Photo1.163241.jpg&appVersion=1.000082&signature=b0fb68209866fef15acc7b9100cbd652d04868b9680ed261472bb436f0c256fc,,,,"Zigler, David (CSM-CHEM)",
181-0 0418-00,William and Linda Frost Center for Research and Innovation,4,110.23,117500-CSM-College of Science & Math,310 - Faculty Office,1,04 Dsk/Ch,5 Academic Unit Offices,,https://www.appsheet.com/image/getimageurl?appName=CalPolySpaceManagement2025-1009913&tableName=Facilities&fileName=Facilities_Images%2F181-0%2F181-0%200418-00.Room%20Photo1.163337.jpg&appVersion=1.000082&signature=b50a3ee018c089bcaafec957ed68491990bfff1c3021082c41095456c80fc650,,,,"Tomanek, Lars (CSM-BIO)",
181-0 0433-00,William and Linda Frost Center for Research and Innovation,4,116.31,117500-CSM-College of Science & Math,591 - Student Use,0,00 Unapplicable,13 Other Academic Space,,https://www.appsheet.com/image/getimageurl?appName=CalPolySpaceManagement2025-1009913&tableName=Facilities&fileName=Facilities_Images%2F181-0%2F181-0%200433-00.Room%20Photo1.162850.jpg&appVersion=1.000082&signature=fbadb78991c9ee21bcd18408e970d18293a675712c58af2046f2cd9fd3880953,,,,,
181-0 0403-A0,William and Linda Frost Center for Research and Innovation,4,170.45,117506-CSM-Cntr for Cstal Marine Sci,255 - Research Lab Service,0,00 Unapplicable,4 Research Laboratories,,https://www.appsheet.com/image/getimageurl?appName=CalPolySpaceManagement2025-1009913&tableName=Facilities&fileName=Facilities_Images%2F181-0%2F181-0%200403-A0.Room%20Photo1.175014.jpg&appVersion=1.000082&signature=7470f57731d2a9e3b19576c33a402138034fb0c7f89d5062ce7d209b71f91698,,,,,
181-0 0350-00,William and Linda Frost Center for Research and Innovation,3,"1,324.00",115200-CSM-Chemistry & Biochemistry,250 - Research Lab,24,00 Unapplicable,4 Research Laboratories,,https://www.appsheet.com/image/getimageurl?appName=CalPolySpaceManagement2025-1009913&tableName=Facilities&fileName=Facilities_Images%2F181-0%2F181-0%200350-00.Room%20Photo1.170455.jpg&appVersion=1.000082&signature=cd5483f9499b337e23aac2e26c5b2829d1c659ae9a2568b5455047ed2a68c2e3,https://www.appsheet.com/image/getimageurl?appName=CalPolySpaceManagement2025-1009913&tableName=Facilities&fileName=Facilities_Images%2F181-0%2F181-0%200350-00.Room%20Photo2.170455.jpg&appVersion=1.000082&signature=f8b116f9213f482407957d289d37b07bfa458143d2c85ea4d4b7446615400dd1,https://www.appsheet.com/image/getimageurl?appName=CalPolySpaceManagement2025-1009913&tableName=Facilities&fileName=Facilities_Images%2F181-0%2F181-0%200350-00.Room%20Photo3.170455.jpg&appVersion=1.000082&signature=05260f6bd891e7b500134c43fb4ea40fd2d2d4d8bd96fbc749683bf4ea08ff1a,,"Chik, Jennifer (CSM-CHEM);Oza, Javin (CSM-CHEM);Watts, Katharine (CSM-CHEM)",
181-0 0402-B0,William and Linda Frost Center for Research and Innovation,4,139.97,117506-CSM-Cntr for Cstal Marine Sci,255 - Research Lab Service,0,00 Unapplicable,4 Research Laboratories,,https://www.appsheet.com/image/getimageurl?appName=CalPolySpaceManagement2025-1009913&tableName=Facilities&fileName=Facilities_Images%2F181-0%2F181-0%200402-B0.Room%20Photo1.174915.jpg&appVersion=1.000082&signature=b69012877384697fae333def420fbe381d36b225f1338d0b16a8b5dbbcc18102,,,,"Walter, Ryan (CSM-PHYS)",
181-0 0303-A0,William and Linda Frost Center for Research and Innovation,3,313.53,117500-CSM-College of Science & Math,255 - Research Lab Service,0,00 Unapplicable,4 Research Laboratories,,https://www.appsheet.com/image/getimageurl?appName=CalPolySpaceManagement2025-1009913&tableName=Facilities&fileName=Facilities_Images%2F181-0%2F181-0%200303-A0.Room%20Photo1.173007.jpg&appVersion=1.000082&signature=fca8136f372b4019ef2a64572ec5dbff9bb4e5e5131c2a18d0d72ca1398109ac,https://www.appsheet.com/image/getimageurl?appName=CalPolySpaceManagement2025-1009913&tableName=Facilities&fileName=Facilities_Images%2F181-0%2F181-0%200303-A0.Room%20Photo2.173007.jpg&appVersion=1.000082&signature=ed5902dfd2b91ae2fee27d121f9dbdb80c774fa3921ce7a6706e837c46e17518,,,,
181-0 0302-00,William and Linda Frost Center for Research and Innovation,3,"1,587.55",117500-CSM-College of Science & Math,250 - Research Lab,28,00 Unapplicable,4 Research Laboratories,,https://www.appsheet.com/image/getimageurl?appName=CalPolySpaceManagement2025-1009913&tableName=Facilities&fileName=Facilities_Images%2F181-0%2F181-0%200302-00.Room%20Photo1.172854.jpg&appVersion=1.000082&signature=8be11f37377a58e6e455319fbdb1639ea48092d1d02d3999c4d0d52be77d299b,https://www.appsheet.com/image/getimageurl?appName=CalPolySpaceManagement2025-1009913&tableName=Facilities&fileName=Facilities_Images%2F181-0%2F181-0%200302-00.Room%20Photo2.172854.jpg&appVersion=1.000082&signature=c9426674be28b6bf7ec3a28770bfbdeeb21373994142b9deb0541ab63609b714,https://www.appsheet.com/image/getimageurl?appName=CalPolySpaceManagement2025-1009913&tableName=Facilities&fileName=Facilities_Images%2F181-0%2F181-0%200302-00.Room%20Photo3.172853.jpg&appVersion=1.000082&signature=57dfaed2bb061f41330a5f855b78333e9ca3d181337ec3c5b8391a8259772aff,https://www.appsheet.com/image/getimageurl?appName=CalPolySpaceManagement2025-1009913&tableName=Facilities&fileName=Facilities_Images%2F181-0%2F181-0%200302-00.Room%20Photo4.172854.jpg&appVersion=1.000082&signature=f280564d131e933791c1aaf22f0b46ca5c9ab0c430f2900fdb5ab37a0a6547bf,"Maj, Magdalena (CSM-BIO);Vanderkelen, Jennifer (CSM-BIO);Yep, Alejandra (CSM-BIO)",
181-0 0252-C0,William and Linda Frost Center for Research and Innovation,2,293.22,117500-CSM-College of Science & Math,255 - Research Lab Service,0,00 Unapplicable,4 Research Laboratories,,https://www.appsheet.com/image/getimageurl?appName=CalPolySpaceManagement2025-1009913&tableName=Facilities&fileName=Facilities_Images%2F181-0%2F181-0%200252-C0.Room%20Photo1.163831.jpg&appVersion=1.000082&signature=f6f1201f5434c3a5b88e79b7c55fa9c4ec25d7e6630552daa16644a5fdba4435,,,,,
181-0 0252-B0,William and Linda Frost Center for Research and Innovation,2,143.22,117500-CSM-College of Science & Math,255 - Research Lab Service,0,00 Unapplicable,4 Research Laboratories,,https://www.appsheet.com/image/getimageurl?appName=CalPolySpaceManagement2025-1009913&tableName=Facilities&fileName=Facilities_Images%2F181-0%2F181-0%200252-B0.Room%20Photo1.163719.jpg&appVersion=1.000082&signature=b5e54112d3a55259f847c5f1a01398c28679c2aaddfee1e97241d692db4f90cc,,,,,
181-0 0252-A0,William and Linda Frost Center for Research and Innovation,2,168.8,117500-CSM-College of Science & Math,311 - Staff Office,3,04 Dsk/Ch,5 Academic Unit Offices,Add Lauren Fellbaum to office staff,https://www.appsheet.com/image/getimageurl?appName=CalPolySpaceManagement2025-1009913&tableName=Facilities&fileName=Facilities_Images%2F181-0%2F181-0%200252-A0.Room%20Photo1.154845.jpg&appVersion=1.000082&signature=e23559a8997c49790f7f900b989be0f1927717f49dd87c1ea0fa40a2a17eaf23,,,,"Brewster, Doug (CSM-DFAB);Brewster, Rob (CSM-DFAB)",Also office for Lauren Fellbaum
181-0 0252-00,William and Linda Frost Center for Research and Innovation,2,"1,278.65",117500-CSM-College of Science & Math,255 - Research Lab Service,0,00 Unapplicable,4 Research Laboratories,,https://www.appsheet.com/image/getimageurl?appName=CalPolySpaceManagement2025-1009913&tableName=Facilities&fileName=Facilities_Images%2F181-0%2F181-0%200252-00.Room%20Photo1.163537.jpg&appVersion=1.000082&signature=f6d4d85b62b27d2fd1e0b57f2dcc01d98fb84647be784822eb746cc67ca65912,https://www.appsheet.com/image/getimageurl?appName=CalPolySpaceManagement2025-1009913&tableName=Facilities&fileName=Facilities_Images%2F181-0%2F181-0%200252-00.Room%20Photo2.163537.jpg&appVersion=1.000082&signature=ccacf7a908138ef184ee8baa6b65d15f62ea0d10b9294b18db3579777748e408,https://www.appsheet.com/image/getimageurl?appName=CalPolySpaceManagement2025-1009913&tableName=Facilities&fileName=Facilities_Images%2F181-0%2F181-0%200252-00.Room%20Photo3.163537.jpg&appVersion=1.000082&signature=3a6bb0bd01fff0dd7cca46f2d2f8d05a2674135360a115e3ef8ab45fa9e71a88,,,
181-0 0251-A0,William and Linda Frost Center for Research and Innovation,2,99.58,115500-CSM-Physics,255 - Research Lab Service,0,00 Unapplicable,4 Research Laboratories,,https://www.appsheet.com/image/getimageurl?appName=CalPolySpaceManagement2025-1009913&tableName=Facilities&fileName=Facilities_Images%2F181-0%2F181-0%200251-A0.Room%20Photo1.164747.jpg&appVersion=1.000082&signature=212839a72d609505063c9cb037535c0b4cf3a0d2af8561c2eb960140f17875a0,https://www.appsheet.com/image/getimageurl?appName=CalPolySpaceManagement2025-1009913&tableName=Facilities&fileName=Facilities_Images%2F181-0%2F181-0%200251-A0.Room%20Photo2.164746.jpg&appVersion=1.000082&signature=0c350a0d61b74c634c6dc63f1480b24ca1e9512eb499a98a6eb490d61699d0f2,,,"Toker, Isinsu (CSM-PHYS)",
181-0 0251-00,William and Linda Frost Center for Research and Innovation,2,"1,249.50",115500-CSM-Physics,250 - Research Lab,24,00 Unapplicable,4 Research Laboratories,,https://www.appsheet.com/image/getimageurl?appName=CalPolySpaceManagement2025-1009913&tableName=Facilities&fileName=Facilities_Images%2F181-0%2F181-0%200251-00.Room%20Photo1.164547.jpg&appVersion=1.000082&signature=c12757899c7a0a12fb6bae06356301e93585720e003fc258dcfac4c29df048c2,https://www.appsheet.com/image/getimageurl?appName=CalPolySpaceManagement2025-1009913&tableName=Facilities&fileName=Facilities_Images%2F181-0%2F181-0%200251-00.Room%20Photo2.164547.jpg&appVersion=1.000082&signature=8805ccaffb4ba815e3107bd3c35db86ad35a094fb08224f79847d57e766989f3,https://www.appsheet.com/image/getimageurl?appName=CalPolySpaceManagement2025-1009913&tableName=Facilities&fileName=Facilities_Images%2F181-0%2F181-0%200251-00.Room%20Photo3.164547.jpg&appVersion=1.000082&signature=24ea56d07b218811b66d4c90cb95cc30b5fbd4eb897365532a21fbfbe5f10e9c,https://www.appsheet.com/image/getimageurl?appName=CalPolySpaceManagement2025-1009913&tableName=Facilities&fileName=Facilities_Images%2F181-0%2F181-0%200251-00.Room%20Photo4.164548.jpg&appVersion=1.000082&signature=8edbb72feb013fa50bd9e793f631066b4fef51d9a5a366aa8dcb0bb03006c70b,"Christiansen, Jodi (CSM-PHYS);Toker, Isinsu (CSM-PHYS);Klay, Jennifer (CSM-PHYS)",
181-0 0250-C0,William and Linda Frost Center for Research and Innovation,2,119.89,115500-CSM-Physics,255 - Research Lab Service,0,00 Unapplicable,4 Research Laboratories,,https://www.appsheet.com/image/getimageurl?appName=CalPolySpaceManagement2025-1009913&tableName=Facilities&fileName=Facilities_Images%2F181-0%2F181-0%200250-C0.Room%20Photo1.165119.jpg&appVersion=1.000082&signature=bdc7f700b8427747a6579f47cd7d8de4ce2092d696793a1c17130d9633c8bb20,https://www.appsheet.com/image/getimageurl?appName=CalPolySpaceManagement2025-1009913&tableName=Facilities&fileName=Facilities_Images%2F181-0%2F181-0%200250-C0.Room%20Photo2.165119.jpg&appVersion=1.000082&signature=883ab41aefc5a5e88e9e0f7448821d2816b09a8f025b15e7da4b1ddf76238b08,,,"Marlow, Colleen (CSM-PHYS);Fernsler, Jonathan (CSM-PHYS);Jacks, Hilary (CSM-PHYS);Beekman, Matt (CSM-PHYS)",
181-0 0250-B0,William and Linda Frost Center for Research and Innovation,2,195.48,115500-CSM-Physics,255 - Research Lab Service,0,00 Unapplicable,4 Research Laboratories,,https://www.appsheet.com/image/getimageurl?appName=CalPolySpaceManagement2025-1009913&tableName=Facilities&fileName=Facilities_Images%2F181-0%2F181-0%200250-B0.Room%20Photo1.165306.jpg&appVersion=1.000082&signature=fa7180bae2b7500654999ecdb6afa38460b2ae7dd3f15ec47806af0bbd65422e,,,,"Marlow, Colleen (CSM-PHYS)",
181-0 0250-A0,William and Linda Frost Center for Research and Innovation,2,101.06,115500-CSM-Physics,255 - Research Lab Service,1,00 Unapplicable,4 Research Laboratories,,https://www.appsheet.com/image/getimageurl?appName=CalPolySpaceManagement2025-1009913&tableName=Facilities&fileName=Facilities_Images%2F181-0%2F181-0%200250-A0.Room%20Photo1.165543.jpg&appVersion=1.000082&signature=168ef409a526b9dbeca2c44c4e35de169afe3effe42cb682bc6b0c8eb9dca042,,,,"Jacks, Hilary (CSM-PHYS)",
181-0 0250-00,William and Linda Frost Center for Research and Innovation,2,"1,302.20",115500-CSM-Physics,250 - Research Lab,12,00 Unapplicable,4 Research Laboratories,,https://www.appsheet.com/image/getimageurl?appName=CalPolySpaceManagement2025-1009913&tableName=Facilities&fileName=Facilities_Images%2F181-0%2F181-0%200250-00.Room%20Photo1.165816.jpg&appVersion=1.000082&signature=ca13894988fb47f9588e2e42194fb9275683abeb9f5e9fa77415f18af06e4c87,https://www.appsheet.com/image/getimageurl?appName=CalPolySpaceManagement2025-1009913&tableName=Facilities&fileName=Facilities_Images%2F181-0%2F181-0%200250-00.Room%20Photo2.165816.jpg&appVersion=1.000082&signature=789753a131f6264bccab4a2c81bb8d51a71d37e0d0b9b98e0f1fd0e11d8d6c6a,https://www.appsheet.com/image/getimageurl?appName=CalPolySpaceManagement2025-1009913&tableName=Facilities&fileName=Facilities_Images%2F181-0%2F181-0%200250-00.Room%20Photo3.165816.jpg&appVersion=1.000082&signature=ccaffedb6645f1d58ae5cd838cffdd76fc901958d461155cf6e5bdad1d73ba08,https://www.appsheet.com/image/getimageurl?appName=CalPolySpaceManagement2025-1009913&tableName=Facilities&fileName=Facilities_Images%2F181-0%2F181-0%200250-00.Room%20Photo4.165817.jpg&appVersion=1.000082&signature=4edb87ca0c43cc7cdc115a3153459d7d725a0caae00ec4b870781e20bec18df2,"Jacks, Hilary (CSM-PHYS);Beekman, Matt (CSM-PHYS);Fernsler, Jonathan (CSM-PHYS);Marlow, Colleen (CSM-PHYS)",
181-0 0236-00,William and Linda Frost Center for Research and Innovation,2,631.01,115500-CSM-Physics,255 - Research Lab Service,30,00 Unapplicable,4 Research Laboratories,,https://www.appsheet.com/image/getimageurl?appName=CalPolySpaceManagement2025-1009913&tableName=Facilities&fileName=Facilities_Images%2F181-0%2F181-0%200236-00.Room%20Photo1.164200.jpg&appVersion=1.000082&signature=d01a1385945d342b884c525d05e8ce3a6e9aa0acd624127f082a62ffc0a641fc,https://www.appsheet.com/image/getimageurl?appName=CalPolySpaceManagement2025-1009913&tableName=Facilities&fileName=Facilities_Images%2F181-0%2F181-0%200236-00.Room%20Photo2.164226.jpg&appVersion=1.000082&signature=6859cb67fc509c5d082f3b0e56c6507774717a6cbcb99306a365cda36d077e72,,,,
181-0 0116-00,William and Linda Frost Center for Research and Innovation,1,167.65,117513-CSM-Design & Fabrication Facil,725 - Equip Maintenance/Repair Shop Service,0,00 Unapplicable,13 Other Academic Space,,https://www.appsheet.com/image/getimageurl?appName=CalPolySpaceManagement2025-1009913&tableName=Facilities&fileName=Facilities_Images%2F181-0%2F181-0%200116-00.Room%20Photo1.162131.jpg&appVersion=1.000082&signature=032435c487c951f96542a2eb8d334ddab9589fc7ed05c3e89332a90af7faf58b,https://www.appsheet.com/image/getimageurl?appName=CalPolySpaceManagement2025-1009913&tableName=Facilities&fileName=Facilities_Images%2F181-0%2F181-0%200116-00.Room%20Photo2.162131.jpg&appVersion=1.000082&signature=62a6256c95283d0c18b2e9ea9b28c9f2f1b73e7b90ac339b093abfa94ca9dfb6,,,,
181-0 0452-00,William and Linda Frost Center for Research and Innovation,4,"1,448.00",115200-CSM-Chemistry & Biochemistry,250 - Research Lab,18,00 Unapplicable,4 Research Laboratories,,https://www.appsheet.com/image/getimageurl?appName=CalPolySpaceManagement2025-1009913&tableName=Facilities&fileName=Facilities_Images%2F181-0%2F181-0%200452-00.Room%20Photo1.180513.jpg&appVersion=1.000082&signature=4f92231c053af0b640af2565442f6c83866f42a34d91b7dc0b42758923179968,https://www.appsheet.com/image/getimageurl?appName=CalPolySpaceManagement2025-1009913&tableName=Facilities&fileName=Facilities_Images%2F181-0%2F181-0%200452-00.Room%20Photo2.180513.jpg&appVersion=1.000082&signature=0b81243271e3bee46188313c75ff4e640160be21542b04665b1687d81a6e4233,https://www.appsheet.com/image/getimageurl?appName=CalPolySpaceManagement2025-1009913&tableName=Facilities&fileName=Facilities_Images%2F181-0%2F181-0%200452-00.Room%20Photo3.180513.jpg&appVersion=1.000082&signature=8ec0e8dc08af056096a50a63948837a81abdcf30b6bf0ffe5a481324cbc70482,https://www.appsheet.com/image/getimageurl?appName=CalPolySpaceManagement2025-1009913&tableName=Facilities&fileName=Facilities_Images%2F181-0%2F181-0%200452-00.Room%20Photo4.180514.jpg&appVersion=1.000082&signature=e713dbd7f54b83b278e54fbdcf341c1b97eb3152460864be6f9b77fff4beb80b,"Haynes, M. (CSM-CHEM);Zeitler, Sarah (CSM-CHEM);Zigler, David (CSM-CHEM)",
181-0 0307-00,William and Linda Frost Center for Research and Innovation,3,150.42,117500-CSM-College of Science & Math,330 - Other Office,1,04 Dsk/Ch,4 Research Laboratories,Frost Post doc offices,https://www.appsheet.com/image/getimageurl?appName=CalPolySpaceManagement2025-1009913&tableName=Facilities&fileName=Facilities_Images%2F181-0%2F181-0%200307-00.Room%20Photo1.173333.jpg&appVersion=1.000082&signature=0b3a49ecaa71f9af7b64afe56fe4af409d703edd8c7564dd17c11ffb7c0d1e29,,,,"Ruys De Perez, Alex (CSM-MATH);Warren, Terrin (CSM-MATH)",
181-0 0403-00,William and Linda Frost Center for Research and Innovation,4,"1,621.75",117506-CSM-Cntr for Cstal Marine Sci,250 - Research Lab,24,00 Unapplicable,4 Research Laboratories,,https://www.appsheet.com/image/getimageurl?appName=CalPolySpaceManagement2025-1009913&tableName=Facilities&fileName=Facilities_Images%2F181-0%2F181-0%200403-00.Room%20Photo1.175247.jpg&appVersion=1.000082&signature=c42bc57969430c7d1174a7a9bffa28ae34e68b3a368d9e3d9ba00409b247f6ce,https://www.appsheet.com/image/getimageurl?appName=CalPolySpaceManagement2025-1009913&tableName=Facilities&fileName=Facilities_Images%2F181-0%2F181-0%200403-00.Room%20Photo2.175247.jpg&appVersion=1.000082&signature=203da4d072e86fd15a48ba4bca201b8919001c9ec09ce56e70b558aa73fe3f2b,https://www.appsheet.com/image/getimageurl?appName=CalPolySpaceManagement2025-1009913&tableName=Facilities&fileName=Facilities_Images%2F181-0%2F181-0%200403-00.Room%20Photo3.175247.jpg&appVersion=1.000082&signature=bdf6be99bf84687992b30d1c1d484e09025cbe1e61b4cf6e9702690fee019f49,https://www.appsheet.com/image/getimageurl?appName=CalPolySpaceManagement2025-1009913&tableName=Facilities&fileName=Facilities_Images%2F181-0%2F181-0%200403-00.Room%20Photo4.175247.jpg&appVersion=1.000082&signature=c75b3513919b008824fac33b1ad1aa4330c8d8fd2441d05bdacc2725f7d3d799,"Johnson, Kevin (CSM-BIO);Tomanek, Lars (CSM-BIO);Hardy, Kristin (CSM-BIO);Lema, Sean (CSM-BIO)",
181-0 0318-00,William and Linda Frost Center for Research and Innovation,3,109.58,117500-CSM-College of Science & Math,310 - Faculty Office,1,04 Dsk/Ch,5 Academic Unit Offices,,https://www.appsheet.com/image/getimageurl?appName=CalPolySpaceManagement2025-1009913&tableName=Facilities&fileName=Facilities_Images%2F181-0%2F181-0%200318-00.Room%20Photo1.173454.jpg&appVersion=1.000082&signature=857accd384c56498b59225a0493565ba59d0bf392597675c3ae6d0f51308880f,,,,"Beekman, Matt (CSM-PHYS)",
181-0 0320-00,William and Linda Frost Center for Research and Innovation,3,108.5,117500-CSM-College of Science & Math,310 - Faculty Office,1,04 Dsk/Ch,5 Academic Unit Offices,,https://www.appsheet.com/image/getimageurl?appName=CalPolySpaceManagement2025-1009913&tableName=Facilities&fileName=Facilities_Images%2F181-0%2F181-0%200320-00.Room%20Photo1.173705.jpg&appVersion=1.000082&signature=72eb630e6d4478aafb251cd7c71874d5eff72b04e23adbd0856cb46444c2a3bb,,,,"Bercovici, Daniel (CSM-CHEM)",
181-0 0402-A0,William and Linda Frost Center for Research and Innovation,4,288.62,117506-CSM-Cntr for Cstal Marine Sci,255 - Research Lab Service,3,00 Unapplicable,4 Research Laboratories,,https://www.appsheet.com/image/getimageurl?appName=CalPolySpaceManagement2025-1009913&tableName=Facilities&fileName=Facilities_Images%2F181-0%2F181-0%200402-A0.Room%20Photo1.174821.jpg&appVersion=1.000082&signature=a1b88c5769af6e18c1cc8d0417524439e2e048704f8e622bb365367faff76c26,https://www.appsheet.com/image/getimageurl?appName=CalPolySpaceManagement2025-1009913&tableName=Facilities&fileName=Facilities_Images%2F181-0%2F181-0%200402-A0.Room%20Photo2.174821.jpg&appVersion=1.000082&signature=e65f33996b6aa5cb0e8c24e49b2a9668afc57c9df2d7c5a71dc0170430450f55,,,"Bockmon, Emily (CSM-CHEM);Walter, Ryan (CSM-PHYS);Pasulka, Alexis (CSM-BIO)",
181-0 0402-00,William and Linda Frost Center for Research and Innovation,4,"1,275.27",117506-CSM-Cntr for Cstal Marine Sci,250 - Research Lab,12,00 Unapplicable,4 Research Laboratories,,https://www.appsheet.com/image/getimageurl?appName=CalPolySpaceManagement2025-1009913&tableName=Facilities&fileName=Facilities_Images%2F181-0%2F181-0%200402-00.Room%20Photo1.174529.jpg&appVersion=1.000082&signature=921fc6b692ec5c00a8c5681c1049716e3d9d75a71af0ed61d75a2b03f0916096,https://www.appsheet.com/image/getimageurl?appName=CalPolySpaceManagement2025-1009913&tableName=Facilities&fileName=Facilities_Images%2F181-0%2F181-0%200402-00.Room%20Photo2.174529.jpg&appVersion=1.000082&signature=b2c030e55a7dac94b91eb053dbcb2c32df09f7ed6b4d0dd7d29b259502c5ff66,https://www.appsheet.com/image/getimageurl?appName=CalPolySpaceManagement2025-1009913&tableName=Facilities&fileName=Facilities_Images%2F181-0%2F181-0%200402-00.Room%20Photo3.174529.jpg&appVersion=1.000082&signature=bdfa91d4ecc22d6c5648801252948b763c7a273c0ccf33c47a5651a378449fde,,"Pasulka, Alexis (CSM-BIO);Bockmon, Emily (CSM-CHEM);Walter, Ryan (CSM-PHYS)",
181-0 0401-00,William and Linda Frost Center for Research and Innovation,4,153.3,117506-CSM-Cntr for Cstal Marine Sci,311 - Staff Office,1,04 Dsk/Ch,5 Academic Unit Offices,Ian Robbins,https://www.appsheet.com/image/getimageurl?appName=CalPolySpaceManagement2025-1009913&tableName=Facilities&fileName=Facilities_Images%2F181-0%2F181-0%200401-00.Room%20Photo1.174215.jpg&appVersion=1.000082&signature=7ada1e8a3cac4e57e019314bed71961846b90633458b5fdb20a735143586760f,,,,,
181-0 0352-00,William and Linda Frost Center for Research and Innovation,3,"1,447.00",115200-CSM-Chemistry & Biochemistry,250 - Research Lab,16,00 Unapplicable,4 Research Laboratories,,https://www.appsheet.com/image/getimageurl?appName=CalPolySpaceManagement2025-1009913&tableName=Facilities&fileName=Facilities_Images%2F181-0%2F181-0%200352-00.Room%20Photo1.171630.jpg&appVersion=1.000082&signature=ce9d67eef22d6f9a1ecf76b73dbc5ac27017efb94990b93ab8ed8f3e69a44bf5,https://www.appsheet.com/image/getimageurl?appName=CalPolySpaceManagement2025-1009913&tableName=Facilities&fileName=Facilities_Images%2F181-0%2F181-0%200352-00.Room%20Photo2.171630.jpg&appVersion=1.000082&signature=3cb50cdca8a769af9527c9921c021b42f15f66c0fd2c4bdf7fe4ba6ae50a73fb,,,"Bercovici, Daniel (CSM-CHEM);Costanzo, Philip (CSM-CHEM);Ward, Sandra (CSM-CHEM)",
181-0 0351-A0,William and Linda Frost Center for Research and Innovation,3,103.95,115600-CSM-Kinesiology & Public Hlth,255 - Research Lab Service,0,00 Unapplicable,4 Research Laboratories,,https://www.appsheet.com/image/getimageurl?appName=CalPolySpaceManagement2025-1009913&tableName=Facilities&fileName=Facilities_Images%2F181-0%2F181-0%200351-A0.Room%20Photo1.171344.jpg&appVersion=1.000082&signature=85ac871ef99a614be2246a57eb868b1f97f34cf39f45c7c47ab420e68d0fe1da,,,,"Hagobian, Todd (CSM-KINE);Keadle, Sarah (CSM-KINE);Phelan, Suzanne (CSM-KINE);Ventura, Alison (CSM-KINE)",
181-0 0351-00,William and Linda Frost Center for Research and Innovation,3,"1,272.24",115600-CSM-Kinesiology & Public Hlth,250 - Research Lab,24,00 Unapplicable,4 Research Laboratories,,https://www.appsheet.com/image/getimageurl?appName=CalPolySpaceManagement2025-1009913&tableName=Facilities&fileName=Facilities_Images%2F181-0%2F181-0%200351-00.Room%20Photo1.171153.jpg&appVersion=1.000082&signature=cc1611f84df8c1a8a9a91c628726a8658f3776b1ba62ec3a1b21f71188da882d,https://www.appsheet.com/image/getimageurl?appName=CalPolySpaceManagement2025-1009913&tableName=Facilities&fileName=Facilities_Images%2F181-0%2F181-0%200351-00.Room%20Photo2.171153.jpg&appVersion=1.000082&signature=6eac7ae35f548c7c8b3888b38e439aafb549a1e7255934d4c1df48fdabc8cdc2,https://www.appsheet.com/image/getimageurl?appName=CalPolySpaceManagement2025-1009913&tableName=Facilities&fileName=Facilities_Images%2F181-0%2F181-0%200351-00.Room%20Photo3.171152.jpg&appVersion=1.000082&signature=ae0cf664b2e65926555aca6fce4bcff8bb7b5c59a155d70471e654bb266a57bb,,"Ventura, Alison (CSM-KINE);Keadle, Sarah (CSM-KINE);Hagobian, Todd (CSM-KINE);Phelan, Suzanne (CSM-KINE)",
181-0 0350-C0,William and Linda Frost Center for Research and Innovation,3,121.3,115200-CSM-Chemistry & Biochemistry,255 - Research Lab Service,0,00 Unapplicable,4 Research Laboratories,,https://www.appsheet.com/image/getimageurl?appName=CalPolySpaceManagement2025-1009913&tableName=Facilities&fileName=Facilities_Images%2F181-0%2F181-0%200350-C0.Room%20Photo1.170551.jpg&appVersion=1.000082&signature=0a65b8daa053e1d64801165a96ef9c1b664a9ba5997d7c188b49f680ae9edff3,,,,,
181-0 0350-B0,William and Linda Frost Center for Research and Innovation,3,192.42,115200-CSM-Chemistry & Biochemistry,255 - Research Lab Service,0,00 Unapplicable,4 Research Laboratories,,https://www.appsheet.com/image/getimageurl?appName=CalPolySpaceManagement2025-1009913&tableName=Facilities&fileName=Facilities_Images%2F181-0%2F181-0%200350-B0.Room%20Photo1.170631.jpg&appVersion=1.000082&signature=01bcb6954d52ba829902e14af9ff4f537f14f838bcfd205373b70ea43fab6d64,,,,,
181-0 0350-A0,William and Linda Frost Center for Research and Innovation,3,101.04,115200-CSM-Chemistry & Biochemistry,255 - Research Lab Service,0,00 Unapplicable,4 Research Laboratories,,https://www.appsheet.com/image/getimageurl?appName=CalPolySpaceManagement2025-1009913&tableName=Facilities&fileName=Facilities_Images%2F181-0%2F181-0%200350-A0.Room%20Photo1.170728.jpg&appVersion=1.000082&signature=5afcc8e77670046eca0f4538d9d01ef609f594662ce9bde489d6e278d0bdf560,,,,"Watts, Katharine (CSM-CHEM)",
181-0 0336-00,William and Linda Frost Center for Research and Innovation,3,595.61,115200-CSM-Chemistry & Biochemistry,255 - Research Lab Service,30,00 Unapplicable,4 Research Laboratories,,https://www.appsheet.com/image/getimageurl?appName=CalPolySpaceManagement2025-1009913&tableName=Facilities&fileName=Facilities_Images%2F181-0%2F181-0%200336-00.Room%20Photo1.170119.jpg&appVersion=1.000082&signature=1d88804e3bf7072cfd8c29cef88d6ebc04db89a17b3089ba4df8e811f91f6add,https://www.appsheet.com/image/getimageurl?appName=CalPolySpaceManagement2025-1009913&tableName=Facilities&fileName=Facilities_Images%2F181-0%2F181-0%200336-00.Room%20Photo2.170119.jpg&appVersion=1.000082&signature=6218f2a24fe5640db3efcfeffc7ce5a59e3e9d173c0748b2fbfacebea6572b05,,,,
181-0 0335-00,William and Linda Frost Center for Research and Innovation,3,171.83,115200-CSM-Chemistry & Biochemistry,255 - Research Lab Service,16,01 Tbl/Ch,4 Research Laboratories,,https://www.appsheet.com/image/getimageurl?appName=CalPolySpaceManagement2025-1009913&tableName=Facilities&fileName=Facilities_Images%2F181-0%2F181-0%200335-00.Room%20Photo1.172014.jpg&appVersion=1.000082&signature=a8b7b1cbe8c654837765ee5658562b83a014dad51aefbaa4dd37d588e5a46d72,,,,,
181-0 0334-00,William and Linda Frost Center for Research and Innovation,3,676.85,117500-CSM-College of Science & Math,255 - Research Lab Service,34,04 Dsk/Ch,13 Other Academic Space,,https://www.appsheet.com/image/getimageurl?appName=CalPolySpaceManagement2025-1009913&tableName=Facilities&fileName=Facilities_Images%2F181-0%2F181-0%200334-00.Room%20Photo1.172418.jpg&appVersion=1.000082&signature=bc2f376561947587cc522547d24d0ee8b9d2bfb722f8de315d2bd34783258d4b,,,,,
181-0 0323-00,William and Linda Frost Center for Research and Innovation,3,220.2,117500-CSM-College of Science & Math,350 - Conference Room,10,01 Tbl/Ch,5 Academic Unit Offices,,https://www.appsheet.com/image/getimageurl?appName=CalPolySpaceManagement2025-1009913&tableName=Facilities&fileName=Facilities_Images%2F181-0%2F181-0%200323-00.Room%20Photo1.173947.jpg&appVersion=1.000082&signature=0478445fe0ff13e6f1ac2c430654f6e82b1f679c46706ae813bdf2753892089b,,,,,
181-0 0322-00,William and Linda Frost Center for Research and Innovation,3,106.79,117500-CSM-College of Science & Math,310 - Faculty Office,1,04 Dsk/Ch,5 Academic Unit Offices,,https://www.appsheet.com/image/getimageurl?appName=CalPolySpaceManagement2025-1009913&tableName=Facilities&fileName=Facilities_Images%2F181-0%2F181-0%200322-00.Room%20Photo1.173808.jpg&appVersion=1.000082&signature=8d9c427712f659cf0ce4ea56dda3ac5e3f672712f5db5a01189dd3a0447811b7,,,,"Costanzo, Philip (CSM-CHEM)",
181-0 0321-00,William and Linda Frost Center for Research and Innovation,3,108.17,117500-CSM-College of Science & Math,310 - Faculty Office,1,04 Dsk/Ch,5 Academic Unit Offices,,https://www.appsheet.com/image/getimageurl?appName=CalPolySpaceManagement2025-1009913&tableName=Facilities&fileName=Facilities_Images%2F181-0%2F181-0%200321-00.Room%20Photo1.173904.jpg&appVersion=1.000082&signature=a7dd9b1d81122cab9d0103eb923a93431e6d15439663db2a2a54f3a721d5c036,,,,"Yep, Alejandra (CSM-BIO)",
181-0 0319-00,William and Linda Frost Center for Research and Innovation,3,109.68,117500-CSM-College of Science & Math,310 - Faculty Office,1,04 Dsk/Ch,5 Academic Unit Offices,,https://www.appsheet.com/image/getimageurl?appName=CalPolySpaceManagement2025-1009913&tableName=Facilities&fileName=Facilities_Images%2F181-0%2F181-0%200319-00.Room%20Photo1.173545.jpg&appVersion=1.000082&signature=4be87cf07ef4518dbb4e1fb4b1adfbd4c6ee3ac82513a451151211652437a4e3,,,,"Marlow, Colleen (CSM-PHYS)",
181-0 0301-00,William and Linda Frost Center for Research and Innovation,3,153.3,117500-CSM-College of Science & Math,311 - Staff Office,1,04 Dsk/Ch,5 Academic Unit Offices,,https://www.appsheet.com/image/getimageurl?appName=CalPolySpaceManagement2025-1009913&tableName=Facilities&fileName=Facilities_Images%2F181-0%2F181-0%200301-00.Room%20Photo1.172543.jpg&appVersion=1.000082&signature=202306b8fc86dccf91012b6d7044ffe5e9fbcbfa74c751ef56b490c67ca4bc47,,,,"Vanderkelen, Jennifer (CSM-BIO)",
